dataset loaded
Length of delta_q_desired: 2179
Size of covariance_matrix_prime: torch.Size([1, 7, 7])
cosineSimilarity tensor([[1.0000, 0.9999, 0.9999, 1.0000, 0.9999, 1.0000, 1.0000]],
       grad_fn=<SumBackward1>)
Size of covariance_matrix: torch.Size([1, 7, 7])
Size of covariance_matrix_prime: torch.Size([1, 7, 7])
cosineSimilarity tensor([[1.0000, 1.0000, 1.0000, 1.0000, 1.0000, 1.0000, 1.0000]],
       grad_fn=<SumBackward1>)
Size of covariance_matrix: torch.Size([1, 7, 7])
Size of covariance_matrix_prime: torch.Size([1, 7, 7])
cosineSimilarity tensor([[1.0000, 1.0000, 1.0000, 1.0000, 1.0000, 1.0000, 1.0000]],
       grad_fn=<SumBackward1>)
Size of covariance_matrix: torch.Size([1, 7, 7])
Size of covariance_matrix_prime: torch.Size([1, 7, 7])
cosineSimilarity tensor([[1.0000, 1.0000, 0.9998, 1.0000, 1.0000, 1.0000, 1.0000]],
       grad_fn=<SumBackward1>)
Size of covariance_matrix: torch.Size([1, 7, 7])
Size of covariance_matrix_prime: torch.Size([1, 7, 7])
cosineSimilarity tensor([[0.9999, 1.0000, 0.9999, 1.0000, 1.0000, 1.0000, 1.0000]],
       grad_fn=<SumBackward1>)
Size of covariance_matrix: torch.Size([1, 7, 7])
Size of covariance_matrix_prime: torch.Size([1, 7, 7])
cosineSimilarity tensor([[0.9999, 0.9999, 0.9999, 0.9999, 0.9999, 1.0000, 0.9999]],
       grad_fn=<SumBackward1>)
Size of covariance_matrix: torch.Size([1, 7, 7])
Size of covariance_matrix_prime: torch.Size([1, 7, 7])
cosineSimilarity tensor([[1.0000, 1.0000, 1.0000, 1.0000, 0.9999, 0.9999, 0.9999]],
       grad_fn=<SumBackward1>)
Size of covariance_matrix: torch.Size([1, 7, 7])
Size of covariance_matrix_prime: torch.Size([1, 7, 7])
cosineSimilarity tensor([[1.0000, 1.0000, 1.0000, 1.0000, 1.0000, 1.0000, 0.9999]],
       grad_fn=<SumBackward1>)
Size of covariance_matrix: torch.Size([1, 7, 7])
Size of covariance_matrix_prime: torch.Size([1, 7, 7])
cosineSimilarity tensor([[1.0000, 1.0000, 1.0000, 0.9999, 1.0000, 1.0000, 1.0000]],
       grad_fn=<SumBackward1>)
Size of covariance_matrix: torch.Size([1, 7, 7])
Size of covariance_matrix_prime: torch.Size([1, 7, 7])
cosineSimilarity tensor([[1.0000, 0.9999, 1.0000, 1.0000, 0.9999, 1.0000, 0.9999]],
       grad_fn=<SumBackward1>)
Size of covariance_matrix: torch.Size([1, 7, 7])
Size of covariance_matrix_prime: torch.Size([1, 7, 7])
cosineSimilarity tensor([[0.9999, 1.0000, 0.9999, 1.0000, 0.9998, 1.0000, 0.9999]],
       grad_fn=<SumBackward1>)
Size of covariance_matrix: torch.Size([1, 7, 7])
Size of covariance_matrix_prime: torch.Size([1, 7, 7])
cosineSimilarity tensor([[0.9999, 0.9999, 1.0000, 1.0000, 0.9999, 0.9998, 0.9999]],
       grad_fn=<SumBackward1>)
Size of covariance_matrix: torch.Size([1, 7, 7])
Size of covariance_matrix_prime: torch.Size([1, 7, 7])
cosineSimilarity tensor([[1.0000, 1.0000, 1.0000, 1.0000, 0.9999, 1.0000, 1.0000]],
       grad_fn=<SumBackward1>)
Size of covariance_matrix: torch.Size([1, 7, 7])
Size of covariance_matrix_prime: torch.Size([1, 7, 7])
cosineSimilarity tensor([[1.0000, 1.0000, 1.0000, 1.0000, 1.0000, 1.0000, 1.0000]],
       grad_fn=<SumBackward1>)
Size of covariance_matrix: torch.Size([1, 7, 7])
Size of covariance_matrix_prime: torch.Size([1, 7, 7])
cosineSimilarity tensor([[1.0000, 1.0000, 1.0000, 1.0000, 1.0000, 1.0000, 1.0000]],
       grad_fn=<SumBackward1>)
Size of covariance_matrix: torch.Size([1, 7, 7])
Size of covariance_matrix_prime: torch.Size([1, 7, 7])
cosineSimilarity tensor([[0.9999, 0.9999, 0.9998, 0.9998, 0.9998, 0.9999, 0.9997]],
       grad_fn=<SumBackward1>)
Size of covariance_matrix: torch.Size([1, 7, 7])
Size of covariance_matrix_prime: torch.Size([1, 7, 7])
cosineSimilarity tensor([[1.0000, 1.0000, 0.9998, 1.0000, 1.0000, 1.0000, 0.9999]],
       grad_fn=<SumBackward1>)
Size of covariance_matrix: torch.Size([1, 7, 7])
Size of covariance_matrix_prime: torch.Size([1, 7, 7])
cosineSimilarity tensor([[0.9999, 0.9999, 0.9999, 0.9999, 0.9999, 0.9999, 0.9999]],
       grad_fn=<SumBackward1>)
Size of covariance_matrix: torch.Size([1, 7, 7])
Size of covariance_matrix_prime: torch.Size([1, 7, 7])
cosineSimilarity tensor([[0.9998, 0.9999, 0.9995, 0.9998, 0.9984, 1.0000, 0.9999]],
       grad_fn=<SumBackward1>)
Size of covariance_matrix: torch.Size([1, 7, 7])
Size of covariance_matrix_prime: torch.Size([1, 7, 7])
cosineSimilarity tensor([[1.0000, 0.9999, 0.9999, 1.0000, 0.9998, 1.0000, 0.9998]],
       grad_fn=<SumBackward1>)
Size of covariance_matrix: torch.Size([1, 7, 7])
Size of covariance_matrix_prime: torch.Size([1, 7, 7])
cosineSimilarity tensor([[1.0000, 1.0000, 1.0000, 1.0000, 1.0000, 1.0000, 1.0000]],
       grad_fn=<SumBackward1>)
Size of covariance_matrix: torch.Size([1, 7, 7])
Size of covariance_matrix_prime: torch.Size([1, 7, 7])
cosineSimilarity tensor([[1.0000, 1.0000, 1.0000, 1.0000, 1.0000, 1.0000, 1.0000]],
       grad_fn=<SumBackward1>)
Size of covariance_matrix: torch.Size([1, 7, 7])
Size of covariance_matrix_prime: torch.Size([1, 7, 7])
cosineSimilarity tensor([[1.0000, 1.0000, 1.0000, 1.0000, 1.0000, 1.0000, 1.0000]],
       grad_fn=<SumBackward1>)
Size of covariance_matrix: torch.Size([1, 7, 7])
Size of covariance_matrix_prime: torch.Size([1, 7, 7])
cosineSimilarity tensor([[1.0000, 0.9999, 0.9997, 1.0000, 0.9986, 0.9999, 0.9998]],
       grad_fn=<SumBackward1>)
Size of covariance_matrix: torch.Size([1, 7, 7])
Size of covariance_matrix_prime: torch.Size([1, 7, 7])
cosineSimilarity tensor([[1.0000, 0.9999, 1.0000, 1.0000, 0.9999, 1.0000, 0.9999]],
       grad_fn=<SumBackward1>)
Size of covariance_matrix: torch.Size([1, 7, 7])
Size of covariance_matrix_prime: torch.Size([1, 7, 7])
cosineSimilarity tensor([[0.9999, 1.0000, 0.9998, 0.9998, 0.9998, 1.0000, 0.9999]],
       grad_fn=<SumBackward1>)
Size of covariance_matrix: torch.Size([1, 7, 7])
Size of covariance_matrix_prime: torch.Size([1, 7, 7])
cosineSimilarity tensor([[1.0000, 1.0000, 1.0000, 1.0000, 1.0000, 1.0000, 1.0000]],
       grad_fn=<SumBackward1>)
Size of covariance_matrix: torch.Size([1, 7, 7])
Size of covariance_matrix_prime: torch.Size([1, 7, 7])
cosineSimilarity tensor([[1.0000, 0.9999, 1.0000, 1.0000, 1.0000, 1.0000, 1.0000]],
       grad_fn=<SumBackward1>)
Size of covariance_matrix: torch.Size([1, 7, 7])
Size of covariance_matrix_prime: torch.Size([1, 7, 7])
cosineSimilarity tensor([[0.9999, 0.9999, 0.9997, 0.9998, 0.9996, 0.9999, 0.9999]],
       grad_fn=<SumBackward1>)
Size of covariance_matrix: torch.Size([1, 7, 7])
Size of covariance_matrix_prime: torch.Size([1, 7, 7])
cosineSimilarity tensor([[0.9999, 0.9999, 1.0000, 0.9999, 0.9999, 1.0000, 0.9998]],
       grad_fn=<SumBackward1>)
Size of covariance_matrix: torch.Size([1, 7, 7])
Size of covariance_matrix_prime: torch.Size([1, 7, 7])
cosineSimilarity tensor([[0.9999, 1.0000, 1.0000, 1.0000, 1.0000, 1.0000, 1.0000]],
       grad_fn=<SumBackward1>)
Size of covariance_matrix: torch.Size([1, 7, 7])
Size of covariance_matrix_prime: torch.Size([1, 7, 7])
cosineSimilarity tensor([[1.0000, 1.0000, 1.0000, 1.0000, 1.0000, 1.0000, 1.0000]],
       grad_fn=<SumBackward1>)
Size of covariance_matrix: torch.Size([1, 7, 7])
Size of covariance_matrix_prime: torch.Size([1, 7, 7])
cosineSimilarity tensor([[0.9999, 1.0000, 1.0000, 1.0000, 0.9998, 1.0000, 0.9999]],
       grad_fn=<SumBackward1>)
Size of covariance_matrix: torch.Size([1, 7, 7])
Size of covariance_matrix_prime: torch.Size([1, 7, 7])
cosineSimilarity tensor([[1.0000, 1.0000, 1.0000, 0.9999, 0.9999, 1.0000, 1.0000]],
       grad_fn=<SumBackward1>)
Size of covariance_matrix: torch.Size([1, 7, 7])
Size of covariance_matrix_prime: torch.Size([1, 7, 7])
cosineSimilarity tensor([[1.0000, 1.0000, 1.0000, 1.0000, 1.0000, 1.0000, 1.0000]],
       grad_fn=<SumBackward1>)
Size of covariance_matrix: torch.Size([1, 7, 7])
Size of covariance_matrix_prime: torch.Size([1, 7, 7])
cosineSimilarity tensor([[0.9999, 1.0000, 1.0000, 0.9999, 0.9995, 1.0000, 0.9999]],
       grad_fn=<SumBackward1>)
Size of covariance_matrix: torch.Size([1, 7, 7])
Size of covariance_matrix_prime: torch.Size([1, 7, 7])
cosineSimilarity tensor([[0.9997, 0.9998, 0.9999, 0.9999, 0.9998, 0.9998, 0.9998]],
       grad_fn=<SumBackward1>)
Size of covariance_matrix: torch.Size([1, 7, 7])
Size of covariance_matrix_prime: torch.Size([1, 7, 7])
cosineSimilarity tensor([[1.0000, 1.0000, 1.0000, 1.0000, 1.0000, 1.0000, 1.0000]],
       grad_fn=<SumBackward1>)
Size of covariance_matrix: torch.Size([1, 7, 7])
Size of covariance_matrix_prime: torch.Size([1, 7, 7])
cosineSimilarity tensor([[1.0000, 1.0000, 1.0000, 1.0000, 1.0000, 1.0000, 1.0000]],
       grad_fn=<SumBackward1>)
Size of covariance_matrix: torch.Size([1, 7, 7])
Size of covariance_matrix_prime: torch.Size([1, 7, 7])
cosineSimilarity tensor([[0.9999, 0.9999, 0.9999, 0.9998, 0.9999, 1.0000, 0.9999]],
       grad_fn=<SumBackward1>)
Size of covariance_matrix: torch.Size([1, 7, 7])
Size of covariance_matrix_prime: torch.Size([1, 7, 7])
cosineSimilarity tensor([[1.0000, 1.0000, 1.0000, 1.0000, 1.0000, 1.0000, 1.0000]],
       grad_fn=<SumBackward1>)
Size of covariance_matrix: torch.Size([1, 7, 7])
Size of covariance_matrix_prime: torch.Size([1, 7, 7])
cosineSimilarity tensor([[0.9999, 0.9999, 1.0000, 1.0000, 0.9999, 0.9999, 0.9999]],
       grad_fn=<SumBackward1>)
Size of covariance_matrix: torch.Size([1, 7, 7])
Size of covariance_matrix_prime: torch.Size([1, 7, 7])
cosineSimilarity tensor([[1.0000, 1.0000, 1.0000, 1.0000, 1.0000, 1.0000, 1.0000]],
       grad_fn=<SumBackward1>)
Size of covariance_matrix: torch.Size([1, 7, 7])
Size of covariance_matrix_prime: torch.Size([1, 7, 7])
cosineSimilarity tensor([[1.0000, 1.0000, 0.9999, 1.0000, 1.0000, 1.0000, 1.0000]],
       grad_fn=<SumBackward1>)
Size of covariance_matrix: torch.Size([1, 7, 7])
Size of covariance_matrix_prime: torch.Size([1, 7, 7])
cosineSimilarity tensor([[1.0000, 0.9996, 1.0000, 1.0000, 0.9999, 1.0000, 1.0000]],
       grad_fn=<SumBackward1>)
Size of covariance_matrix: torch.Size([1, 7, 7])
Size of covariance_matrix_prime: torch.Size([1, 7, 7])
cosineSimilarity tensor([[1.0000, 1.0000, 1.0000, 1.0000, 1.0000, 1.0000, 0.9999]],
       grad_fn=<SumBackward1>)
Size of covariance_matrix: torch.Size([1, 7, 7])
Size of covariance_matrix_prime: torch.Size([1, 7, 7])
cosineSimilarity tensor([[1.0000, 1.0000, 1.0000, 1.0000, 1.0000, 1.0000, 1.0000]],
       grad_fn=<SumBackward1>)
Size of covariance_matrix: torch.Size([1, 7, 7])
Size of covariance_matrix_prime: torch.Size([1, 7, 7])
cosineSimilarity tensor([[0.9999, 0.9999, 1.0000, 0.9999, 0.9999, 0.9998, 0.9998]],
       grad_fn=<SumBackward1>)
Size of covariance_matrix: torch.Size([1, 7, 7])
Size of covariance_matrix_prime: torch.Size([1, 7, 7])
cosineSimilarity tensor([[0.9999, 0.9999, 0.9999, 1.0000, 1.0000, 1.0000, 0.9999]],
       grad_fn=<SumBackward1>)
Size of covariance_matrix: torch.Size([1, 7, 7])
Size of covariance_matrix_prime: torch.Size([1, 7, 7])
cosineSimilarity tensor([[1.0000, 1.0000, 1.0000, 1.0000, 1.0000, 0.9999, 1.0000]],
       grad_fn=<SumBackward1>)
Size of covariance_matrix: torch.Size([1, 7, 7])
Size of covariance_matrix_prime: torch.Size([1, 7, 7])
cosineSimilarity tensor([[1.0000, 0.9999, 0.9999, 0.9999, 0.9999, 1.0000, 0.9999]],
       grad_fn=<SumBackward1>)
Size of covariance_matrix: torch.Size([1, 7, 7])
Size of covariance_matrix_prime: torch.Size([1, 7, 7])
cosineSimilarity tensor([[0.9999, 1.0000, 1.0000, 1.0000, 0.9998, 0.9999, 1.0000]],
       grad_fn=<SumBackward1>)
Size of covariance_matrix: torch.Size([1, 7, 7])
Size of covariance_matrix_prime: torch.Size([1, 7, 7])
cosineSimilarity tensor([[1.0000, 1.0000, 0.9998, 1.0000, 0.9997, 1.0000, 0.9999]],
       grad_fn=<SumBackward1>)
Size of covariance_matrix: torch.Size([1, 7, 7])
Size of covariance_matrix_prime: torch.Size([1, 7, 7])
cosineSimilarity tensor([[1.0000, 1.0000, 1.0000, 1.0000, 1.0000, 1.0000, 1.0000]],
       grad_fn=<SumBackward1>)
Size of covariance_matrix: torch.Size([1, 7, 7])
Size of covariance_matrix_prime: torch.Size([1, 7, 7])
cosineSimilarity tensor([[1.0000, 1.0000, 1.0000, 1.0000, 0.9999, 1.0000, 1.0000]],
       grad_fn=<SumBackward1>)
Size of covariance_matrix: torch.Size([1, 7, 7])
Size of covariance_matrix_prime: torch.Size([1, 7, 7])
cosineSimilarity tensor([[1.0000, 1.0000, 1.0000, 1.0000, 1.0000, 1.0000, 1.0000]],
       grad_fn=<SumBackward1>)
Size of covariance_matrix: torch.Size([1, 7, 7])
Size of covariance_matrix_prime: torch.Size([1, 7, 7])
cosineSimilarity tensor([[1.0000, 1.0000, 1.0000, 1.0000, 0.9998, 1.0000, 1.0000]],
       grad_fn=<SumBackward1>)
Size of covariance_matrix: torch.Size([1, 7, 7])
Size of covariance_matrix_prime: torch.Size([1, 7, 7])
cosineSimilarity tensor([[0.9998, 0.9999, 0.9997, 0.9999, 0.9997, 0.9997, 0.9992]],
       grad_fn=<SumBackward1>)
Size of covariance_matrix: torch.Size([1, 7, 7])
Size of covariance_matrix_prime: torch.Size([1, 7, 7])
cosineSimilarity tensor([[0.9999, 1.0000, 0.9999, 0.9997, 0.9999, 0.9999, 0.9999]],
       grad_fn=<SumBackward1>)
Size of covariance_matrix: torch.Size([1, 7, 7])
Size of covariance_matrix_prime: torch.Size([1, 7, 7])
cosineSimilarity tensor([[0.9999, 0.9999, 0.9999, 0.9999, 0.9998, 0.9999, 0.9997]],
       grad_fn=<SumBackward1>)
Size of covariance_matrix: torch.Size([1, 7, 7])
Size of covariance_matrix_prime: torch.Size([1, 7, 7])
cosineSimilarity tensor([[0.9999, 0.9999, 0.9999, 1.0000, 0.9997, 1.0000, 0.9998]],
       grad_fn=<SumBackward1>)
Size of covariance_matrix: torch.Size([1, 7, 7])
Size of covariance_matrix_prime: torch.Size([1, 7, 7])
cosineSimilarity tensor([[1.0000, 1.0000, 1.0000, 1.0000, 0.9998, 1.0000, 1.0000]],
       grad_fn=<SumBackward1>)
Size of covariance_matrix: torch.Size([1, 7, 7])
Size of covariance_matrix_prime: torch.Size([1, 7, 7])
cosineSimilarity tensor([[1.0000, 1.0000, 1.0000, 1.0000, 1.0000, 1.0000, 1.0000]],
       grad_fn=<SumBackward1>)
Size of covariance_matrix: torch.Size([1, 7, 7])
Size of covariance_matrix_prime: torch.Size([1, 7, 7])
cosineSimilarity tensor([[1.0000, 1.0000, 1.0000, 1.0000, 1.0000, 1.0000, 0.9999]],
       grad_fn=<SumBackward1>)
Size of covariance_matrix: torch.Size([1, 7, 7])
Size of covariance_matrix_prime: torch.Size([1, 7, 7])
cosineSimilarity tensor([[1.0000, 1.0000, 1.0000, 1.0000, 1.0000, 1.0000, 1.0000]],
       grad_fn=<SumBackward1>)
Size of covariance_matrix: torch.Size([1, 7, 7])
Size of covariance_matrix_prime: torch.Size([1, 7, 7])
cosineSimilarity tensor([[1.0000, 1.0000, 1.0000, 1.0000, 1.0000, 1.0000, 1.0000]],
       grad_fn=<SumBackward1>)
Size of covariance_matrix: torch.Size([1, 7, 7])
Size of covariance_matrix_prime: torch.Size([1, 7, 7])
cosineSimilarity tensor([[1.0000, 1.0000, 1.0000, 1.0000, 1.0000, 1.0000, 1.0000]],
       grad_fn=<SumBackward1>)
Size of covariance_matrix: torch.Size([1, 7, 7])
Size of covariance_matrix_prime: torch.Size([1, 7, 7])
cosineSimilarity tensor([[1.0000, 1.0000, 1.0000, 1.0000, 1.0000, 1.0000, 1.0000]],
       grad_fn=<SumBackward1>)
Size of covariance_matrix: torch.Size([1, 7, 7])
Size of covariance_matrix_prime: torch.Size([1, 7, 7])
cosineSimilarity tensor([[1.0000, 0.9998, 0.9997, 1.0000, 0.9999, 1.0000, 0.9999]],
       grad_fn=<SumBackward1>)
Size of covariance_matrix: torch.Size([1, 7, 7])
Size of covariance_matrix_prime: torch.Size([1, 7, 7])
cosineSimilarity tensor([[1.0000, 1.0000, 1.0000, 1.0000, 1.0000, 1.0000, 0.9999]],
       grad_fn=<SumBackward1>)
Size of covariance_matrix: torch.Size([1, 7, 7])
Size of covariance_matrix_prime: torch.Size([1, 7, 7])
cosineSimilarity tensor([[1.0000, 1.0000, 0.9998, 1.0000, 1.0000, 1.0000, 1.0000]],
       grad_fn=<SumBackward1>)
Size of covariance_matrix: torch.Size([1, 7, 7])
Size of covariance_matrix_prime: torch.Size([1, 7, 7])
cosineSimilarity tensor([[1.0000, 1.0000, 1.0000, 1.0000, 0.9999, 1.0000, 1.0000]],
       grad_fn=<SumBackward1>)
Size of covariance_matrix: torch.Size([1, 7, 7])
Size of covariance_matrix_prime: torch.Size([1, 7, 7])
cosineSimilarity tensor([[1.0000, 1.0000, 1.0000, 1.0000, 1.0000, 1.0000, 1.0000]],
       grad_fn=<SumBackward1>)
Size of covariance_matrix: torch.Size([1, 7, 7])
Size of covariance_matrix_prime: torch.Size([1, 7, 7])
cosineSimilarity tensor([[1.0000, 0.9999, 0.9999, 1.0000, 1.0000, 1.0000, 0.9999]],
       grad_fn=<SumBackward1>)
Size of covariance_matrix: torch.Size([1, 7, 7])
Size of covariance_matrix_prime: torch.Size([1, 7, 7])
cosineSimilarity tensor([[1.0000, 1.0000, 0.9999, 1.0000, 1.0000, 1.0000, 1.0000]],
       grad_fn=<SumBackward1>)
Size of covariance_matrix: torch.Size([1, 7, 7])
Size of covariance_matrix_prime: torch.Size([1, 7, 7])
cosineSimilarity tensor([[1.0000, 1.0000, 1.0000, 1.0000, 1.0000, 1.0000, 1.0000]],
       grad_fn=<SumBackward1>)
Size of covariance_matrix: torch.Size([1, 7, 7])
Size of covariance_matrix_prime: torch.Size([1, 7, 7])
cosineSimilarity tensor([[1.0000, 1.0000, 1.0000, 1.0000, 1.0000, 1.0000, 1.0000]],
       grad_fn=<SumBackward1>)
Size of covariance_matrix: torch.Size([1, 7, 7])
Size of covariance_matrix_prime: torch.Size([1, 7, 7])
cosineSimilarity tensor([[1.0000, 1.0000, 1.0000, 1.0000, 0.9999, 1.0000, 1.0000]],
       grad_fn=<SumBackward1>)
Size of covariance_matrix: torch.Size([1, 7, 7])
Size of covariance_matrix_prime: torch.Size([1, 7, 7])
cosineSimilarity tensor([[0.9999, 0.9998, 0.9999, 0.9993, 0.9999, 1.0000, 0.9998]],
       grad_fn=<SumBackward1>)
Size of covariance_matrix: torch.Size([1, 7, 7])
Size of covariance_matrix_prime: torch.Size([1, 7, 7])
cosineSimilarity tensor([[0.9999, 0.9999, 0.9999, 1.0000, 0.9999, 0.9999, 0.9999]],
       grad_fn=<SumBackward1>)
Size of covariance_matrix: torch.Size([1, 7, 7])
Size of covariance_matrix_prime: torch.Size([1, 7, 7])
cosineSimilarity tensor([[1.0000, 1.0000, 0.9999, 1.0000, 0.9999, 1.0000, 1.0000]],
       grad_fn=<SumBackward1>)
Size of covariance_matrix: torch.Size([1, 7, 7])
Size of covariance_matrix_prime: torch.Size([1, 7, 7])
cosineSimilarity tensor([[1.0000, 1.0000, 1.0000, 1.0000, 0.9999, 1.0000, 1.0000]],
       grad_fn=<SumBackward1>)
Size of covariance_matrix: torch.Size([1, 7, 7])
Size of covariance_matrix_prime: torch.Size([1, 7, 7])
cosineSimilarity tensor([[1.0000, 1.0000, 1.0000, 1.0000, 0.9999, 1.0000, 1.0000]],
       grad_fn=<SumBackward1>)
Size of covariance_matrix: torch.Size([1, 7, 7])
Size of covariance_matrix_prime: torch.Size([1, 7, 7])
cosineSimilarity tensor([[1.0000, 1.0000, 1.0000, 1.0000, 1.0000, 1.0000, 1.0000]],
       grad_fn=<SumBackward1>)
Size of covariance_matrix: torch.Size([1, 7, 7])
Size of covariance_matrix_prime: torch.Size([1, 7, 7])
cosineSimilarity tensor([[1.0000, 1.0000, 0.9999, 1.0000, 0.9999, 1.0000, 0.9999]],
       grad_fn=<SumBackward1>)
Size of covariance_matrix: torch.Size([1, 7, 7])
Size of covariance_matrix_prime: torch.Size([1, 7, 7])
cosineSimilarity tensor([[1.0000, 1.0000, 1.0000, 1.0000, 0.9999, 1.0000, 1.0000]],
       grad_fn=<SumBackward1>)
Size of covariance_matrix: torch.Size([1, 7, 7])
Size of covariance_matrix_prime: torch.Size([1, 7, 7])
cosineSimilarity tensor([[1.0000, 1.0000, 1.0000, 1.0000, 0.9999, 1.0000, 1.0000]],
       grad_fn=<SumBackward1>)
Size of covariance_matrix: torch.Size([1, 7, 7])
Size of covariance_matrix_prime: torch.Size([1, 7, 7])
cosineSimilarity tensor([[1.0000, 1.0000, 1.0000, 1.0000, 1.0000, 1.0000, 1.0000]],
       grad_fn=<SumBackward1>)
Size of covariance_matrix: torch.Size([1, 7, 7])
Size of covariance_matrix_prime: torch.Size([1, 7, 7])
cosineSimilarity tensor([[0.9999, 0.9997, 0.9999, 1.0000, 0.9994, 0.9999, 0.9999]],
       grad_fn=<SumBackward1>)
Size of covariance_matrix: torch.Size([1, 7, 7])
Size of covariance_matrix_prime: torch.Size([1, 7, 7])
cosineSimilarity tensor([[0.9999, 1.0000, 1.0000, 1.0000, 0.9999, 1.0000, 1.0000]],
       grad_fn=<SumBackward1>)
Size of covariance_matrix: torch.Size([1, 7, 7])
Size of covariance_matrix_prime: torch.Size([1, 7, 7])
cosineSimilarity tensor([[1.0000, 1.0000, 0.9999, 1.0000, 0.9998, 1.0000, 1.0000]],
       grad_fn=<SumBackward1>)
Size of covariance_matrix: torch.Size([1, 7, 7])
Size of covariance_matrix_prime: torch.Size([1, 7, 7])
cosineSimilarity tensor([[1.0000, 1.0000, 1.0000, 1.0000, 1.0000, 1.0000, 1.0000]],
       grad_fn=<SumBackward1>)
Size of covariance_matrix: torch.Size([1, 7, 7])
Size of covariance_matrix_prime: torch.Size([1, 7, 7])
cosineSimilarity tensor([[1.0000, 1.0000, 0.9999, 1.0000, 1.0000, 1.0000, 1.0000]],
       grad_fn=<SumBackward1>)
Size of covariance_matrix: torch.Size([1, 7, 7])
Size of covariance_matrix_prime: torch.Size([1, 7, 7])
cosineSimilarity tensor([[0.9999, 1.0000, 0.9998, 1.0000, 1.0000, 1.0000, 0.9999]],
       grad_fn=<SumBackward1>)
Size of covariance_matrix: torch.Size([1, 7, 7])
Size of covariance_matrix_prime: torch.Size([1, 7, 7])
cosineSimilarity tensor([[1.0000, 1.0000, 1.0000, 1.0000, 0.9998, 1.0000, 1.0000]],
       grad_fn=<SumBackward1>)
Size of covariance_matrix: torch.Size([1, 7, 7])
Size of covariance_matrix_prime: torch.Size([1, 7, 7])
cosineSimilarity tensor([[0.9998, 1.0000, 1.0000, 0.9999, 0.9998, 1.0000, 1.0000]],
       grad_fn=<SumBackward1>)
Size of covariance_matrix: torch.Size([1, 7, 7])
Size of covariance_matrix_prime: torch.Size([1, 7, 7])
cosineSimilarity tensor([[1.0000, 0.9999, 0.9999, 0.9999, 0.9999, 1.0000, 0.9998]],
       grad_fn=<SumBackward1>)
Size of covariance_matrix: torch.Size([1, 7, 7])
Size of covariance_matrix_prime: torch.Size([1, 7, 7])
cosineSimilarity tensor([[1.0000, 1.0000, 1.0000, 1.0000, 1.0000, 1.0000, 1.0000]],
       grad_fn=<SumBackward1>)
Size of covariance_matrix: torch.Size([1, 7, 7])
Size of covariance_matrix_prime: torch.Size([1, 7, 7])
cosineSimilarity tensor([[0.9998, 1.0000, 1.0000, 1.0000, 1.0000, 1.0000, 1.0000]],
       grad_fn=<SumBackward1>)
Size of covariance_matrix: torch.Size([1, 7, 7])
Size of covariance_matrix_prime: torch.Size([1, 7, 7])
cosineSimilarity tensor([[0.9999, 0.9999, 0.9999, 0.9999, 0.9999, 0.9998, 1.0000]],
       grad_fn=<SumBackward1>)
Size of covariance_matrix: torch.Size([1, 7, 7])
Size of covariance_matrix_prime: torch.Size([1, 7, 7])
cosineSimilarity tensor([[0.9999, 1.0000, 0.9999, 1.0000, 0.9996, 0.9999, 0.9999]],
       grad_fn=<SumBackward1>)
Size of covariance_matrix: torch.Size([1, 7, 7])
Size of covariance_matrix_prime: torch.Size([1, 7, 7])
cosineSimilarity tensor([[1.0000, 1.0000, 1.0000, 1.0000, 1.0000, 1.0000, 1.0000]],
       grad_fn=<SumBackward1>)
Size of covariance_matrix: torch.Size([1, 7, 7])
Size of covariance_matrix_prime: torch.Size([1, 7, 7])
cosineSimilarity tensor([[1.0000, 1.0000, 1.0000, 1.0000, 1.0000, 1.0000, 1.0000]],
       grad_fn=<SumBackward1>)
Size of covariance_matrix: torch.Size([1, 7, 7])
Size of covariance_matrix_prime: torch.Size([1, 7, 7])
cosineSimilarity tensor([[0.9999, 1.0000, 0.9999, 1.0000, 0.9999, 0.9999, 0.9999]],
       grad_fn=<SumBackward1>)
Size of covariance_matrix: torch.Size([1, 7, 7])
Size of covariance_matrix_prime: torch.Size([1, 7, 7])
cosineSimilarity tensor([[1.0000, 1.0000, 1.0000, 1.0000, 1.0000, 1.0000, 1.0000]],
       grad_fn=<SumBackward1>)
Size of covariance_matrix: torch.Size([1, 7, 7])
Size of covariance_matrix_prime: torch.Size([1, 7, 7])
cosineSimilarity tensor([[0.9999, 1.0000, 0.9999, 1.0000, 0.9999, 1.0000, 0.9999]],
       grad_fn=<SumBackward1>)
Size of covariance_matrix: torch.Size([1, 7, 7])
Size of covariance_matrix_prime: torch.Size([1, 7, 7])
cosineSimilarity tensor([[1.0000, 1.0000, 0.9999, 1.0000, 0.9992, 1.0000, 1.0000]],
       grad_fn=<SumBackward1>)
Size of covariance_matrix: torch.Size([1, 7, 7])
Size of covariance_matrix_prime: torch.Size([1, 7, 7])
cosineSimilarity tensor([[0.9999, 0.9999, 0.9999, 1.0000, 1.0000, 1.0000, 1.0000]],
       grad_fn=<SumBackward1>)
Size of covariance_matrix: torch.Size([1, 7, 7])
Size of covariance_matrix_prime: torch.Size([1, 7, 7])
cosineSimilarity tensor([[1.0000, 1.0000, 1.0000, 1.0000, 1.0000, 1.0000, 1.0000]],
       grad_fn=<SumBackward1>)
Size of covariance_matrix: torch.Size([1, 7, 7])
Size of covariance_matrix_prime: torch.Size([1, 7, 7])
cosineSimilarity tensor([[1.0000, 0.9999, 1.0000, 1.0000, 1.0000, 1.0000, 1.0000]],
       grad_fn=<SumBackward1>)
Size of covariance_matrix: torch.Size([1, 7, 7])
Size of covariance_matrix_prime: torch.Size([1, 7, 7])
cosineSimilarity tensor([[1.0000, 1.0000, 1.0000, 1.0000, 1.0000, 1.0000, 1.0000]],
       grad_fn=<SumBackward1>)
Size of covariance_matrix: torch.Size([1, 7, 7])
Size of covariance_matrix_prime: torch.Size([1, 7, 7])
cosineSimilarity tensor([[1.0000, 1.0000, 1.0000, 1.0000, 1.0000, 1.0000, 1.0000]],
       grad_fn=<SumBackward1>)
Size of covariance_matrix: torch.Size([1, 7, 7])
Size of covariance_matrix_prime: torch.Size([1, 7, 7])
cosineSimilarity tensor([[1.0000, 1.0000, 1.0000, 1.0000, 0.9995, 1.0000, 0.9999]],
       grad_fn=<SumBackward1>)
Size of covariance_matrix: torch.Size([1, 7, 7])
Size of covariance_matrix_prime: torch.Size([1, 7, 7])
cosineSimilarity tensor([[1.0000, 0.9999, 0.9999, 0.9999, 0.9995, 0.9999, 0.9999]],
       grad_fn=<SumBackward1>)
Size of covariance_matrix: torch.Size([1, 7, 7])
Size of covariance_matrix_prime: torch.Size([1, 7, 7])
cosineSimilarity tensor([[1.0000, 1.0000, 1.0000, 1.0000, 0.9999, 1.0000, 1.0000]],
       grad_fn=<SumBackward1>)
Size of covariance_matrix: torch.Size([1, 7, 7])
Size of covariance_matrix_prime: torch.Size([1, 7, 7])
cosineSimilarity tensor([[1.0000, 1.0000, 1.0000, 1.0000, 1.0000, 1.0000, 1.0000]],
       grad_fn=<SumBackward1>)
Size of covariance_matrix: torch.Size([1, 7, 7])
Size of covariance_matrix_prime: torch.Size([1, 7, 7])
cosineSimilarity tensor([[1.0000, 0.9999, 0.9999, 1.0000, 1.0000, 1.0000, 0.9999]],
       grad_fn=<SumBackward1>)
Size of covariance_matrix: torch.Size([1, 7, 7])
Size of covariance_matrix_prime: torch.Size([1, 7, 7])
cosineSimilarity tensor([[1.0000, 1.0000, 1.0000, 1.0000, 0.9999, 1.0000, 0.9999]],
       grad_fn=<SumBackward1>)
Size of covariance_matrix: torch.Size([1, 7, 7])
Size of covariance_matrix_prime: torch.Size([1, 7, 7])
cosineSimilarity tensor([[1.0000, 1.0000, 0.9999, 1.0000, 1.0000, 1.0000, 1.0000]],
       grad_fn=<SumBackward1>)
Size of covariance_matrix: torch.Size([1, 7, 7])
Size of covariance_matrix_prime: torch.Size([1, 7, 7])
cosineSimilarity tensor([[1.0000, 1.0000, 0.9999, 1.0000, 1.0000, 1.0000, 1.0000]],
       grad_fn=<SumBackward1>)
Size of covariance_matrix: torch.Size([1, 7, 7])
Size of covariance_matrix_prime: torch.Size([1, 7, 7])
cosineSimilarity tensor([[1.0000, 1.0000, 1.0000, 1.0000, 0.9998, 1.0000, 1.0000]],
       grad_fn=<SumBackward1>)
Size of covariance_matrix: torch.Size([1, 7, 7])
Size of covariance_matrix_prime: torch.Size([1, 7, 7])
cosineSimilarity tensor([[1.0000, 1.0000, 1.0000, 1.0000, 1.0000, 1.0000, 1.0000]],
       grad_fn=<SumBackward1>)
Size of covariance_matrix: torch.Size([1, 7, 7])
Size of covariance_matrix_prime: torch.Size([1, 7, 7])
cosineSimilarity tensor([[1.0000, 1.0000, 1.0000, 1.0000, 1.0000, 1.0000, 1.0000]],
       grad_fn=<SumBackward1>)
Size of covariance_matrix: torch.Size([1, 7, 7])
Size of covariance_matrix_prime: torch.Size([1, 7, 7])
cosineSimilarity tensor([[1.0000, 1.0000, 0.9998, 0.9999, 0.9992, 1.0000, 1.0000]],
       grad_fn=<SumBackward1>)
Size of covariance_matrix: torch.Size([1, 7, 7])
Size of covariance_matrix_prime: torch.Size([1, 7, 7])
cosineSimilarity tensor([[1.0000, 0.9999, 0.9999, 1.0000, 0.9998, 1.0000, 0.9999]],
       grad_fn=<SumBackward1>)
Size of covariance_matrix: torch.Size([1, 7, 7])
Size of covariance_matrix_prime: torch.Size([1, 7, 7])
cosineSimilarity tensor([[1.0000, 1.0000, 1.0000, 1.0000, 1.0000, 1.0000, 1.0000]],
       grad_fn=<SumBackward1>)
Size of covariance_matrix: torch.Size([1, 7, 7])
Size of covariance_matrix_prime: torch.Size([1, 7, 7])
cosineSimilarity tensor([[0.9999, 1.0000, 0.9999, 1.0000, 1.0000, 1.0000, 1.0000]],
       grad_fn=<SumBackward1>)
Size of covariance_matrix: torch.Size([1, 7, 7])
Size of covariance_matrix_prime: torch.Size([1, 7, 7])
cosineSimilarity tensor([[1.0000, 1.0000, 1.0000, 1.0000, 1.0000, 1.0000, 1.0000]],
       grad_fn=<SumBackward1>)
Size of covariance_matrix: torch.Size([1, 7, 7])
Size of covariance_matrix_prime: torch.Size([1, 7, 7])
cosineSimilarity tensor([[0.9999, 0.9997, 0.9995, 0.9999, 0.9996, 1.0000, 0.9999]],
       grad_fn=<SumBackward1>)
Size of covariance_matrix: torch.Size([1, 7, 7])
Size of covariance_matrix_prime: torch.Size([1, 7, 7])
cosineSimilarity tensor([[1.0000, 1.0000, 1.0000, 1.0000, 1.0000, 1.0000, 1.0000]],
       grad_fn=<SumBackward1>)
Size of covariance_matrix: torch.Size([1, 7, 7])
Size of covariance_matrix_prime: torch.Size([1, 7, 7])
cosineSimilarity tensor([[1.0000, 1.0000, 1.0000, 1.0000, 1.0000, 1.0000, 1.0000]],
       grad_fn=<SumBackward1>)
Size of covariance_matrix: torch.Size([1, 7, 7])
Size of covariance_matrix_prime: torch.Size([1, 7, 7])
cosineSimilarity tensor([[1.0000, 1.0000, 1.0000, 1.0000, 1.0000, 1.0000, 1.0000]],
       grad_fn=<SumBackward1>)
Size of covariance_matrix: torch.Size([1, 7, 7])
Size of covariance_matrix_prime: torch.Size([1, 7, 7])
cosineSimilarity tensor([[1.0000, 1.0000, 1.0000, 1.0000, 0.9999, 1.0000, 0.9998]],
       grad_fn=<SumBackward1>)
Size of covariance_matrix: torch.Size([1, 7, 7])
Size of covariance_matrix_prime: torch.Size([1, 7, 7])
cosineSimilarity tensor([[1.0000, 0.9999, 1.0000, 1.0000, 1.0000, 1.0000, 1.0000]],
       grad_fn=<SumBackward1>)
Size of covariance_matrix: torch.Size([1, 7, 7])
Size of covariance_matrix_prime: torch.Size([1, 7, 7])
cosineSimilarity tensor([[1.0000, 1.0000, 1.0000, 1.0000, 0.9999, 1.0000, 1.0000]],
       grad_fn=<SumBackward1>)
Size of covariance_matrix: torch.Size([1, 7, 7])
Size of covariance_matrix_prime: torch.Size([1, 7, 7])
cosineSimilarity tensor([[1.0000, 1.0000, 1.0000, 1.0000, 1.0000, 1.0000, 0.9999]],
       grad_fn=<SumBackward1>)
Size of covariance_matrix: torch.Size([1, 7, 7])
Size of covariance_matrix_prime: torch.Size([1, 7, 7])
cosineSimilarity tensor([[1.0000, 1.0000, 1.0000, 1.0000, 1.0000, 1.0000, 1.0000]],
       grad_fn=<SumBackward1>)
Size of covariance_matrix: torch.Size([1, 7, 7])
Size of covariance_matrix_prime: torch.Size([1, 7, 7])
cosineSimilarity tensor([[1.0000, 1.0000, 1.0000, 1.0000, 0.9999, 1.0000, 1.0000]],
       grad_fn=<SumBackward1>)
Size of covariance_matrix: torch.Size([1, 7, 7])
Size of covariance_matrix_prime: torch.Size([1, 7, 7])
cosineSimilarity tensor([[1.0000, 1.0000, 1.0000, 1.0000, 1.0000, 1.0000, 1.0000]],
       grad_fn=<SumBackward1>)
Size of covariance_matrix: torch.Size([1, 7, 7])
Size of covariance_matrix_prime: torch.Size([1, 7, 7])
cosineSimilarity tensor([[1.0000, 1.0000, 1.0000, 1.0000, 1.0000, 1.0000, 1.0000]],
       grad_fn=<SumBackward1>)
Size of covariance_matrix: torch.Size([1, 7, 7])
Size of covariance_matrix_prime: torch.Size([1, 7, 7])
cosineSimilarity tensor([[1.0000, 0.9999, 1.0000, 1.0000, 0.9999, 1.0000, 0.9999]],
       grad_fn=<SumBackward1>)
Size of covariance_matrix: torch.Size([1, 7, 7])
Size of covariance_matrix_prime: torch.Size([1, 7, 7])
cosineSimilarity tensor([[1.0000, 1.0000, 1.0000, 1.0000, 0.9999, 1.0000, 0.9999]],
       grad_fn=<SumBackward1>)
Size of covariance_matrix: torch.Size([1, 7, 7])
Size of covariance_matrix_prime: torch.Size([1, 7, 7])
cosineSimilarity tensor([[1.0000, 1.0000, 1.0000, 1.0000, 1.0000, 1.0000, 1.0000]],
       grad_fn=<SumBackward1>)
Size of covariance_matrix: torch.Size([1, 7, 7])
Size of covariance_matrix_prime: torch.Size([1, 7, 7])
cosineSimilarity tensor([[0.9999, 0.9999, 0.9997, 0.9999, 0.9999, 0.9996, 0.9999]],
       grad_fn=<SumBackward1>)
Size of covariance_matrix: torch.Size([1, 7, 7])
Size of covariance_matrix_prime: torch.Size([1, 7, 7])
cosineSimilarity tensor([[1.0000, 1.0000, 1.0000, 1.0000, 1.0000, 1.0000, 1.0000]],
       grad_fn=<SumBackward1>)
Size of covariance_matrix: torch.Size([1, 7, 7])
Size of covariance_matrix_prime: torch.Size([1, 7, 7])
cosineSimilarity tensor([[1.0000, 0.9998, 1.0000, 1.0000, 1.0000, 1.0000, 1.0000]],
       grad_fn=<SumBackward1>)
Size of covariance_matrix: torch.Size([1, 7, 7])
Size of covariance_matrix_prime: torch.Size([1, 7, 7])
cosineSimilarity tensor([[1.0000, 1.0000, 0.9999, 1.0000, 0.9998, 1.0000, 1.0000]],
       grad_fn=<SumBackward1>)
Size of covariance_matrix: torch.Size([1, 7, 7])
Size of covariance_matrix_prime: torch.Size([1, 7, 7])
cosineSimilarity tensor([[1.0000, 1.0000, 1.0000, 0.9999, 0.9999, 1.0000, 1.0000]],
       grad_fn=<SumBackward1>)
Size of covariance_matrix: torch.Size([1, 7, 7])
Size of covariance_matrix_prime: torch.Size([1, 7, 7])
cosineSimilarity tensor([[1.0000, 1.0000, 1.0000, 1.0000, 1.0000, 1.0000, 1.0000]],
       grad_fn=<SumBackward1>)
Size of covariance_matrix: torch.Size([1, 7, 7])
Size of covariance_matrix_prime: torch.Size([1, 7, 7])
cosineSimilarity tensor([[1.0000, 1.0000, 1.0000, 1.0000, 1.0000, 1.0000, 1.0000]],
       grad_fn=<SumBackward1>)
Size of covariance_matrix: torch.Size([1, 7, 7])
Size of covariance_matrix_prime: torch.Size([1, 7, 7])
cosineSimilarity tensor([[1.0000, 1.0000, 1.0000, 1.0000, 1.0000, 1.0000, 1.0000]],
       grad_fn=<SumBackward1>)
Size of covariance_matrix: torch.Size([1, 7, 7])
Size of covariance_matrix_prime: torch.Size([1, 7, 7])
cosineSimilarity tensor([[1.0000, 1.0000, 1.0000, 1.0000, 1.0000, 1.0000, 1.0000]],
       grad_fn=<SumBackward1>)
Size of covariance_matrix: torch.Size([1, 7, 7])
Size of covariance_matrix_prime: torch.Size([1, 7, 7])
cosineSimilarity tensor([[1.0000, 1.0000, 1.0000, 1.0000, 1.0000, 1.0000, 1.0000]],
       grad_fn=<SumBackward1>)
Size of covariance_matrix: torch.Size([1, 7, 7])
Size of covariance_matrix_prime: torch.Size([1, 7, 7])
cosineSimilarity tensor([[1.0000, 1.0000, 1.0000, 1.0000, 1.0000, 1.0000, 0.9999]],
       grad_fn=<SumBackward1>)
Size of covariance_matrix: torch.Size([1, 7, 7])
Size of covariance_matrix_prime: torch.Size([1, 7, 7])
cosineSimilarity tensor([[0.9999, 0.9999, 0.9998, 0.9999, 0.9998, 0.9999, 0.9999]],
       grad_fn=<SumBackward1>)
Size of covariance_matrix: torch.Size([1, 7, 7])
Size of covariance_matrix_prime: torch.Size([1, 7, 7])
cosineSimilarity tensor([[1.0000, 0.9999, 0.9999, 0.9999, 0.9997, 1.0000, 1.0000]],
       grad_fn=<SumBackward1>)
Size of covariance_matrix: torch.Size([1, 7, 7])
Size of covariance_matrix_prime: torch.Size([1, 7, 7])
cosineSimilarity tensor([[1.0000, 0.9999, 0.9999, 1.0000, 0.9999, 1.0000, 0.9999]],
       grad_fn=<SumBackward1>)
Size of covariance_matrix: torch.Size([1, 7, 7])
Size of covariance_matrix_prime: torch.Size([1, 7, 7])
cosineSimilarity tensor([[1.0000, 1.0000, 1.0000, 1.0000, 1.0000, 1.0000, 0.9999]],
       grad_fn=<SumBackward1>)
Size of covariance_matrix: torch.Size([1, 7, 7])
Size of covariance_matrix_prime: torch.Size([1, 7, 7])
cosineSimilarity tensor([[0.9998, 1.0000, 1.0000, 1.0000, 1.0000, 1.0000, 0.9999]],
       grad_fn=<SumBackward1>)
Size of covariance_matrix: torch.Size([1, 7, 7])
Size of covariance_matrix_prime: torch.Size([1, 7, 7])
cosineSimilarity tensor([[1.0000, 1.0000, 1.0000, 1.0000, 0.9999, 1.0000, 0.9998]],
       grad_fn=<SumBackward1>)
Size of covariance_matrix: torch.Size([1, 7, 7])
Size of covariance_matrix_prime: torch.Size([1, 7, 7])
cosineSimilarity tensor([[1.0000, 1.0000, 1.0000, 1.0000, 1.0000, 1.0000, 1.0000]],
       grad_fn=<SumBackward1>)
Size of covariance_matrix: torch.Size([1, 7, 7])
Size of covariance_matrix_prime: torch.Size([1, 7, 7])
cosineSimilarity tensor([[1.0000, 1.0000, 1.0000, 1.0000, 0.9999, 1.0000, 1.0000]],
       grad_fn=<SumBackward1>)
Size of covariance_matrix: torch.Size([1, 7, 7])
Size of covariance_matrix_prime: torch.Size([1, 7, 7])
cosineSimilarity tensor([[1.0000, 1.0000, 1.0000, 1.0000, 1.0000, 1.0000, 1.0000]],
       grad_fn=<SumBackward1>)
Size of covariance_matrix: torch.Size([1, 7, 7])
Size of covariance_matrix_prime: torch.Size([1, 7, 7])
cosineSimilarity tensor([[1.0000, 0.9998, 1.0000, 1.0000, 1.0000, 1.0000, 1.0000]],
       grad_fn=<SumBackward1>)
Size of covariance_matrix: torch.Size([1, 7, 7])
Size of covariance_matrix_prime: torch.Size([1, 7, 7])
cosineSimilarity tensor([[1.0000, 1.0000, 1.0000, 1.0000, 1.0000, 1.0000, 1.0000]],
       grad_fn=<SumBackward1>)
Size of covariance_matrix: torch.Size([1, 7, 7])
Size of covariance_matrix_prime: torch.Size([1, 7, 7])
cosineSimilarity tensor([[1.0000, 0.9999, 1.0000, 1.0000, 1.0000, 1.0000, 1.0000]],
       grad_fn=<SumBackward1>)
Size of covariance_matrix: torch.Size([1, 7, 7])
Size of covariance_matrix_prime: torch.Size([1, 7, 7])
cosineSimilarity tensor([[1.0000, 0.9997, 0.9998, 1.0000, 0.9997, 1.0000, 0.9999]],
       grad_fn=<SumBackward1>)
Size of covariance_matrix: torch.Size([1, 7, 7])
Size of covariance_matrix_prime: torch.Size([1, 7, 7])
cosineSimilarity tensor([[1.0000, 0.9999, 0.9997, 1.0000, 0.9995, 0.9999, 0.9998]],
       grad_fn=<SumBackward1>)
Size of covariance_matrix: torch.Size([1, 7, 7])
Size of covariance_matrix_prime: torch.Size([1, 7, 7])
cosineSimilarity tensor([[0.9999, 0.9999, 1.0000, 0.9998, 0.9999, 0.9999, 0.9999]],
       grad_fn=<SumBackward1>)
Size of covariance_matrix: torch.Size([1, 7, 7])
Size of covariance_matrix_prime: torch.Size([1, 7, 7])
cosineSimilarity tensor([[0.9999, 0.9999, 0.9999, 1.0000, 0.9998, 0.9999, 0.9996]],
       grad_fn=<SumBackward1>)
Size of covariance_matrix: torch.Size([1, 7, 7])
Size of covariance_matrix_prime: torch.Size([1, 7, 7])
cosineSimilarity tensor([[1.0000, 0.9999, 0.9999, 0.9999, 0.9999, 1.0000, 0.9999]],
       grad_fn=<SumBackward1>)
Size of covariance_matrix: torch.Size([1, 7, 7])
Size of covariance_matrix_prime: torch.Size([1, 7, 7])
cosineSimilarity tensor([[1.0000, 1.0000, 1.0000, 1.0000, 0.9999, 1.0000, 1.0000]],
       grad_fn=<SumBackward1>)
Size of covariance_matrix: torch.Size([1, 7, 7])
Size of covariance_matrix_prime: torch.Size([1, 7, 7])
cosineSimilarity tensor([[1.0000, 1.0000, 1.0000, 1.0000, 1.0000, 1.0000, 1.0000]],
       grad_fn=<SumBackward1>)
Size of covariance_matrix: torch.Size([1, 7, 7])
Size of covariance_matrix_prime: torch.Size([1, 7, 7])
cosineSimilarity tensor([[1.0000, 1.0000, 0.9999, 1.0000, 1.0000, 1.0000, 1.0000]],
       grad_fn=<SumBackward1>)
Size of covariance_matrix: torch.Size([1, 7, 7])
Size of covariance_matrix_prime: torch.Size([1, 7, 7])
cosineSimilarity tensor([[1.0000, 1.0000, 1.0000, 1.0000, 1.0000, 1.0000, 1.0000]],
       grad_fn=<SumBackward1>)
Size of covariance_matrix: torch.Size([1, 7, 7])
Size of covariance_matrix_prime: torch.Size([1, 7, 7])
cosineSimilarity tensor([[1.0000, 1.0000, 1.0000, 1.0000, 1.0000, 1.0000, 1.0000]],
       grad_fn=<SumBackward1>)
Size of covariance_matrix: torch.Size([1, 7, 7])
Size of covariance_matrix_prime: torch.Size([1, 7, 7])
cosineSimilarity tensor([[1.0000, 0.9999, 1.0000, 1.0000, 1.0000, 0.9999, 1.0000]],
       grad_fn=<SumBackward1>)
Size of covariance_matrix: torch.Size([1, 7, 7])
Size of covariance_matrix_prime: torch.Size([1, 7, 7])
cosineSimilarity tensor([[1.0000, 1.0000, 1.0000, 1.0000, 0.9999, 1.0000, 1.0000]],
       grad_fn=<SumBackward1>)
Size of covariance_matrix: torch.Size([1, 7, 7])
Size of covariance_matrix_prime: torch.Size([1, 7, 7])
cosineSimilarity tensor([[1.0000, 1.0000, 1.0000, 1.0000, 1.0000, 1.0000, 1.0000]],
       grad_fn=<SumBackward1>)
Size of covariance_matrix: torch.Size([1, 7, 7])
Size of covariance_matrix_prime: torch.Size([1, 7, 7])
cosineSimilarity tensor([[1.0000, 1.0000, 1.0000, 1.0000, 1.0000, 1.0000, 1.0000]],
       grad_fn=<SumBackward1>)
Size of covariance_matrix: torch.Size([1, 7, 7])
Size of covariance_matrix_prime: torch.Size([1, 7, 7])
cosineSimilarity tensor([[1.0000, 1.0000, 1.0000, 1.0000, 1.0000, 1.0000, 1.0000]],
       grad_fn=<SumBackward1>)
Size of covariance_matrix: torch.Size([1, 7, 7])
Size of covariance_matrix_prime: torch.Size([1, 7, 7])
cosineSimilarity tensor([[1.0000, 1.0000, 0.9999, 1.0000, 1.0000, 1.0000, 1.0000]],
       grad_fn=<SumBackward1>)
Size of covariance_matrix: torch.Size([1, 7, 7])
Size of covariance_matrix_prime: torch.Size([1, 7, 7])
cosineSimilarity tensor([[1.0000, 1.0000, 1.0000, 1.0000, 0.9998, 1.0000, 1.0000]],
       grad_fn=<SumBackward1>)
Size of covariance_matrix: torch.Size([1, 7, 7])
Size of covariance_matrix_prime: torch.Size([1, 7, 7])
cosineSimilarity tensor([[0.9999, 1.0000, 0.9999, 0.9999, 0.9998, 0.9999, 0.9999]],
       grad_fn=<SumBackward1>)
Size of covariance_matrix: torch.Size([1, 7, 7])
Size of covariance_matrix_prime: torch.Size([1, 7, 7])
cosineSimilarity tensor([[1.0000, 0.9999, 0.9999, 1.0000, 1.0000, 1.0000, 1.0000]],
       grad_fn=<SumBackward1>)
Size of covariance_matrix: torch.Size([1, 7, 7])
Size of covariance_matrix_prime: torch.Size([1, 7, 7])
cosineSimilarity tensor([[1.0000, 1.0000, 1.0000, 1.0000, 1.0000, 1.0000, 0.9999]],
       grad_fn=<SumBackward1>)
Size of covariance_matrix: torch.Size([1, 7, 7])
Size of covariance_matrix_prime: torch.Size([1, 7, 7])
cosineSimilarity tensor([[1.0000, 1.0000, 0.9999, 1.0000, 1.0000, 1.0000, 1.0000]],
       grad_fn=<SumBackward1>)
Size of covariance_matrix: torch.Size([1, 7, 7])
Size of covariance_matrix_prime: torch.Size([1, 7, 7])
cosineSimilarity tensor([[1.0000, 1.0000, 1.0000, 1.0000, 1.0000, 1.0000, 0.9999]],
       grad_fn=<SumBackward1>)
Size of covariance_matrix: torch.Size([1, 7, 7])
Size of covariance_matrix_prime: torch.Size([1, 7, 7])
cosineSimilarity tensor([[1.0000, 1.0000, 1.0000, 1.0000, 1.0000, 1.0000, 1.0000]],
       grad_fn=<SumBackward1>)
Size of covariance_matrix: torch.Size([1, 7, 7])
Size of covariance_matrix_prime: torch.Size([1, 7, 7])
cosineSimilarity tensor([[1.0000, 1.0000, 0.9999, 0.9999, 0.9999, 1.0000, 0.9999]],
       grad_fn=<SumBackward1>)
Size of covariance_matrix: torch.Size([1, 7, 7])
Size of covariance_matrix_prime: torch.Size([1, 7, 7])
cosineSimilarity tensor([[1.0000, 1.0000, 1.0000, 1.0000, 1.0000, 1.0000, 1.0000]],
       grad_fn=<SumBackward1>)
Size of covariance_matrix: torch.Size([1, 7, 7])
Size of covariance_matrix_prime: torch.Size([1, 7, 7])
cosineSimilarity tensor([[1.0000, 1.0000, 1.0000, 1.0000, 0.9999, 1.0000, 1.0000]],
       grad_fn=<SumBackward1>)
Size of covariance_matrix: torch.Size([1, 7, 7])
Size of covariance_matrix_prime: torch.Size([1, 7, 7])
cosineSimilarity tensor([[1.0000, 1.0000, 1.0000, 1.0000, 1.0000, 1.0000, 1.0000]],
       grad_fn=<SumBackward1>)
Size of covariance_matrix: torch.Size([1, 7, 7])
Size of covariance_matrix_prime: torch.Size([1, 7, 7])
cosineSimilarity tensor([[1.0000, 1.0000, 1.0000, 1.0000, 1.0000, 1.0000, 1.0000]],
       grad_fn=<SumBackward1>)
Size of covariance_matrix: torch.Size([1, 7, 7])
Size of covariance_matrix_prime: torch.Size([1, 7, 7])
cosineSimilarity tensor([[1.0000, 1.0000, 1.0000, 1.0000, 1.0000, 1.0000, 1.0000]],
       grad_fn=<SumBackward1>)
Size of covariance_matrix: torch.Size([1, 7, 7])
Size of covariance_matrix_prime: torch.Size([1, 7, 7])
cosineSimilarity tensor([[0.9999, 1.0000, 1.0000, 1.0000, 1.0000, 0.9999, 1.0000]],
       grad_fn=<SumBackward1>)
Size of covariance_matrix: torch.Size([1, 7, 7])
Size of covariance_matrix_prime: torch.Size([1, 7, 7])
cosineSimilarity tensor([[0.9999, 1.0000, 1.0000, 1.0000, 0.9999, 1.0000, 1.0000]],
       grad_fn=<SumBackward1>)
Size of covariance_matrix: torch.Size([1, 7, 7])
Size of covariance_matrix_prime: torch.Size([1, 7, 7])
cosineSimilarity tensor([[1.0000, 1.0000, 1.0000, 1.0000, 1.0000, 1.0000, 1.0000]],
       grad_fn=<SumBackward1>)
Size of covariance_matrix: torch.Size([1, 7, 7])
Size of covariance_matrix_prime: torch.Size([1, 7, 7])
cosineSimilarity tensor([[0.9999, 1.0000, 0.9999, 1.0000, 0.9996, 1.0000, 0.9994]],
       grad_fn=<SumBackward1>)
Size of covariance_matrix: torch.Size([1, 7, 7])
Size of covariance_matrix_prime: torch.Size([1, 7, 7])
cosineSimilarity tensor([[1.0000, 1.0000, 1.0000, 1.0000, 1.0000, 1.0000, 1.0000]],
       grad_fn=<SumBackward1>)
Size of covariance_matrix: torch.Size([1, 7, 7])
Size of covariance_matrix_prime: torch.Size([1, 7, 7])
cosineSimilarity tensor([[0.9999, 0.9997, 0.9995, 0.9999, 0.9998, 1.0000, 0.9999]],
       grad_fn=<SumBackward1>)
Size of covariance_matrix: torch.Size([1, 7, 7])
Size of covariance_matrix_prime: torch.Size([1, 7, 7])
cosineSimilarity tensor([[1.0000, 1.0000, 1.0000, 1.0000, 1.0000, 1.0000, 1.0000]],
       grad_fn=<SumBackward1>)
Size of covariance_matrix: torch.Size([1, 7, 7])
Size of covariance_matrix_prime: torch.Size([1, 7, 7])
cosineSimilarity tensor([[1.0000, 1.0000, 1.0000, 1.0000, 1.0000, 1.0000, 1.0000]],
       grad_fn=<SumBackward1>)
Size of covariance_matrix: torch.Size([1, 7, 7])
Size of covariance_matrix_prime: torch.Size([1, 7, 7])
cosineSimilarity tensor([[0.9998, 1.0000, 1.0000, 0.9999, 0.9998, 0.9999, 0.9999]],
       grad_fn=<SumBackward1>)
Size of covariance_matrix: torch.Size([1, 7, 7])
Size of covariance_matrix_prime: torch.Size([1, 7, 7])
cosineSimilarity tensor([[1.0000, 1.0000, 1.0000, 1.0000, 1.0000, 1.0000, 1.0000]],
       grad_fn=<SumBackward1>)
Size of covariance_matrix: torch.Size([1, 7, 7])
Size of covariance_matrix_prime: torch.Size([1, 7, 7])
cosineSimilarity tensor([[0.9999, 1.0000, 0.9998, 1.0000, 0.9998, 0.9999, 0.9999]],
       grad_fn=<SumBackward1>)
Size of covariance_matrix: torch.Size([1, 7, 7])
Size of covariance_matrix_prime: torch.Size([1, 7, 7])
cosineSimilarity tensor([[0.9997, 1.0000, 0.9998, 1.0000, 0.9998, 1.0000, 0.9999]],
       grad_fn=<SumBackward1>)
Size of covariance_matrix: torch.Size([1, 7, 7])
Size of covariance_matrix_prime: torch.Size([1, 7, 7])
cosineSimilarity tensor([[1.0000, 0.9997, 0.9999, 0.9999, 0.9998, 0.9999, 0.9999]],
       grad_fn=<SumBackward1>)
Size of covariance_matrix: torch.Size([1, 7, 7])
Size of covariance_matrix_prime: torch.Size([1, 7, 7])
cosineSimilarity tensor([[1.0000, 1.0000, 0.9999, 1.0000, 0.9999, 1.0000, 1.0000]],
       grad_fn=<SumBackward1>)
Size of covariance_matrix: torch.Size([1, 7, 7])
Size of covariance_matrix_prime: torch.Size([1, 7, 7])
cosineSimilarity tensor([[1.0000, 0.9999, 0.9998, 1.0000, 0.9998, 0.9998, 1.0000]],
       grad_fn=<SumBackward1>)
Size of covariance_matrix: torch.Size([1, 7, 7])
Size of covariance_matrix_prime: torch.Size([1, 7, 7])
cosineSimilarity tensor([[0.9998, 1.0000, 1.0000, 1.0000, 1.0000, 1.0000, 1.0000]],
       grad_fn=<SumBackward1>)
Size of covariance_matrix: torch.Size([1, 7, 7])
Size of covariance_matrix_prime: torch.Size([1, 7, 7])
cosineSimilarity tensor([[1.0000, 1.0000, 1.0000, 1.0000, 0.9998, 1.0000, 1.0000]],
       grad_fn=<SumBackward1>)
Size of covariance_matrix: torch.Size([1, 7, 7])
Size of covariance_matrix_prime: torch.Size([1, 7, 7])
cosineSimilarity tensor([[1.0000, 1.0000, 1.0000, 1.0000, 1.0000, 1.0000, 1.0000]],
       grad_fn=<SumBackward1>)
Size of covariance_matrix: torch.Size([1, 7, 7])
Size of covariance_matrix_prime: torch.Size([1, 7, 7])
cosineSimilarity tensor([[1.0000, 1.0000, 1.0000, 1.0000, 1.0000, 1.0000, 1.0000]],
       grad_fn=<SumBackward1>)
Size of covariance_matrix: torch.Size([1, 7, 7])
Size of covariance_matrix_prime: torch.Size([1, 7, 7])
cosineSimilarity tensor([[0.9999, 0.9999, 0.9999, 0.9999, 0.9998, 0.9998, 0.9999]],
       grad_fn=<SumBackward1>)
Size of covariance_matrix: torch.Size([1, 7, 7])
Size of covariance_matrix_prime: torch.Size([1, 7, 7])
cosineSimilarity tensor([[1.0000, 0.9999, 0.9998, 1.0000, 1.0000, 1.0000, 0.9998]],
       grad_fn=<SumBackward1>)
Size of covariance_matrix: torch.Size([1, 7, 7])
Size of covariance_matrix_prime: torch.Size([1, 7, 7])
cosineSimilarity tensor([[0.9999, 1.0000, 0.9999, 1.0000, 0.9998, 1.0000, 1.0000]],
       grad_fn=<SumBackward1>)
Size of covariance_matrix: torch.Size([1, 7, 7])
Size of covariance_matrix_prime: torch.Size([1, 7, 7])
cosineSimilarity tensor([[1.0000, 1.0000, 1.0000, 1.0000, 1.0000, 1.0000, 1.0000]],
       grad_fn=<SumBackward1>)
Size of covariance_matrix: torch.Size([1, 7, 7])
Size of covariance_matrix_prime: torch.Size([1, 7, 7])
cosineSimilarity tensor([[1.0000, 1.0000, 1.0000, 1.0000, 1.0000, 1.0000, 1.0000]],
       grad_fn=<SumBackward1>)
Size of covariance_matrix: torch.Size([1, 7, 7])
Size of covariance_matrix_prime: torch.Size([1, 7, 7])
cosineSimilarity tensor([[1.0000, 1.0000, 1.0000, 1.0000, 1.0000, 1.0000, 1.0000]],
       grad_fn=<SumBackward1>)
Size of covariance_matrix: torch.Size([1, 7, 7])
Size of covariance_matrix_prime: torch.Size([1, 7, 7])
cosineSimilarity tensor([[1.0000, 0.9999, 0.9998, 1.0000, 1.0000, 1.0000, 0.9999]],
       grad_fn=<SumBackward1>)
Size of covariance_matrix: torch.Size([1, 7, 7])
Size of covariance_matrix_prime: torch.Size([1, 7, 7])
cosineSimilarity tensor([[1.0000, 1.0000, 0.9994, 0.9999, 0.9998, 0.9999, 0.9999]],
       grad_fn=<SumBackward1>)
Size of covariance_matrix: torch.Size([1, 7, 7])
Size of covariance_matrix_prime: torch.Size([1, 7, 7])
cosineSimilarity tensor([[1.0000, 0.9999, 1.0000, 0.9999, 1.0000, 1.0000, 1.0000]],
       grad_fn=<SumBackward1>)
Size of covariance_matrix: torch.Size([1, 7, 7])
Size of covariance_matrix_prime: torch.Size([1, 7, 7])
cosineSimilarity tensor([[1.0000, 1.0000, 0.9999, 1.0000, 0.9999, 1.0000, 1.0000]],
       grad_fn=<SumBackward1>)
Size of covariance_matrix: torch.Size([1, 7, 7])
Size of covariance_matrix_prime: torch.Size([1, 7, 7])
cosineSimilarity tensor([[1.0000, 0.9999, 1.0000, 0.9999, 0.9998, 1.0000, 0.9999]],
       grad_fn=<SumBackward1>)
Size of covariance_matrix: torch.Size([1, 7, 7])
Size of covariance_matrix_prime: torch.Size([1, 7, 7])
cosineSimilarity tensor([[1.0000, 1.0000, 1.0000, 1.0000, 1.0000, 1.0000, 1.0000]],
       grad_fn=<SumBackward1>)
Size of covariance_matrix: torch.Size([1, 7, 7])
Size of covariance_matrix_prime: torch.Size([1, 7, 7])
cosineSimilarity tensor([[1.0000, 1.0000, 1.0000, 1.0000, 1.0000, 1.0000, 1.0000]],
       grad_fn=<SumBackward1>)
Size of covariance_matrix: torch.Size([1, 7, 7])
Size of covariance_matrix_prime: torch.Size([1, 7, 7])
cosineSimilarity tensor([[1.0000, 1.0000, 0.9997, 1.0000, 0.9995, 1.0000, 1.0000]],
       grad_fn=<SumBackward1>)
Size of covariance_matrix: torch.Size([1, 7, 7])
Size of covariance_matrix_prime: torch.Size([1, 7, 7])
cosineSimilarity tensor([[0.9999, 1.0000, 0.9997, 1.0000, 0.9999, 0.9999, 0.9998]],
       grad_fn=<SumBackward1>)
Size of covariance_matrix: torch.Size([1, 7, 7])
Size of covariance_matrix_prime: torch.Size([1, 7, 7])
cosineSimilarity tensor([[1.0000, 0.9999, 0.9999, 0.9999, 0.9999, 1.0000, 0.9998]],
       grad_fn=<SumBackward1>)
Size of covariance_matrix: torch.Size([1, 7, 7])
Size of covariance_matrix_prime: torch.Size([1, 7, 7])
cosineSimilarity tensor([[1.0000, 1.0000, 1.0000, 1.0000, 1.0000, 1.0000, 1.0000]],
       grad_fn=<SumBackward1>)
Size of covariance_matrix: torch.Size([1, 7, 7])
Size of covariance_matrix_prime: torch.Size([1, 7, 7])
cosineSimilarity tensor([[0.9999, 0.9999, 0.9999, 0.9999, 0.9998, 0.9999, 0.9996]],
       grad_fn=<SumBackward1>)
Size of covariance_matrix: torch.Size([1, 7, 7])
Size of covariance_matrix_prime: torch.Size([1, 7, 7])
cosineSimilarity tensor([[1.0000, 0.9999, 1.0000, 1.0000, 1.0000, 1.0000, 1.0000]],
       grad_fn=<SumBackward1>)
Size of covariance_matrix: torch.Size([1, 7, 7])
Size of covariance_matrix_prime: torch.Size([1, 7, 7])
cosineSimilarity tensor([[1.0000, 1.0000, 0.9999, 1.0000, 1.0000, 1.0000, 1.0000]],
       grad_fn=<SumBackward1>)
Size of covariance_matrix: torch.Size([1, 7, 7])
Size of covariance_matrix_prime: torch.Size([1, 7, 7])
cosineSimilarity tensor([[1.0000, 0.9999, 1.0000, 1.0000, 0.9997, 1.0000, 0.9999]],
       grad_fn=<SumBackward1>)
Size of covariance_matrix: torch.Size([1, 7, 7])
Size of covariance_matrix_prime: torch.Size([1, 7, 7])
cosineSimilarity tensor([[0.9999, 1.0000, 1.0000, 1.0000, 0.9999, 1.0000, 1.0000]],
       grad_fn=<SumBackward1>)
Size of covariance_matrix: torch.Size([1, 7, 7])
Size of covariance_matrix_prime: torch.Size([1, 7, 7])
cosineSimilarity tensor([[0.9999, 0.9996, 0.9999, 0.9999, 0.9996, 0.9999, 0.9994]],
       grad_fn=<SumBackward1>)
Size of covariance_matrix: torch.Size([1, 7, 7])
Size of covariance_matrix_prime: torch.Size([1, 7, 7])
cosineSimilarity tensor([[1.0000, 1.0000, 1.0000, 1.0000, 1.0000, 1.0000, 1.0000]],
       grad_fn=<SumBackward1>)
Size of covariance_matrix: torch.Size([1, 7, 7])
Size of covariance_matrix_prime: torch.Size([1, 7, 7])
cosineSimilarity tensor([[1.0000, 1.0000, 0.9999, 1.0000, 0.9993, 0.9999, 0.9999]],
       grad_fn=<SumBackward1>)
Size of covariance_matrix: torch.Size([1, 7, 7])
Size of covariance_matrix_prime: torch.Size([1, 7, 7])
cosineSimilarity tensor([[1.0000, 1.0000, 1.0000, 1.0000, 1.0000, 1.0000, 1.0000]],
       grad_fn=<SumBackward1>)
Size of covariance_matrix: torch.Size([1, 7, 7])
Size of covariance_matrix_prime: torch.Size([1, 7, 7])
cosineSimilarity tensor([[1.0000, 1.0000, 1.0000, 1.0000, 1.0000, 1.0000, 1.0000]],
       grad_fn=<SumBackward1>)
Size of covariance_matrix: torch.Size([1, 7, 7])
Size of covariance_matrix_prime: torch.Size([1, 7, 7])
cosineSimilarity tensor([[1.0000, 1.0000, 0.9999, 1.0000, 0.9999, 1.0000, 1.0000]],
       grad_fn=<SumBackward1>)
Size of covariance_matrix: torch.Size([1, 7, 7])
Size of covariance_matrix_prime: torch.Size([1, 7, 7])
cosineSimilarity tensor([[0.9999, 0.9998, 0.9999, 0.9998, 0.9999, 0.9999, 0.9997]],
       grad_fn=<SumBackward1>)
Size of covariance_matrix: torch.Size([1, 7, 7])
Size of covariance_matrix_prime: torch.Size([1, 7, 7])
cosineSimilarity tensor([[1.0000, 1.0000, 1.0000, 1.0000, 0.9999, 1.0000, 1.0000]],
       grad_fn=<SumBackward1>)
Size of covariance_matrix: torch.Size([1, 7, 7])
Size of covariance_matrix_prime: torch.Size([1, 7, 7])
cosineSimilarity tensor([[1.0000, 0.9999, 0.9999, 1.0000, 0.9996, 1.0000, 0.9999]],
       grad_fn=<SumBackward1>)
Size of covariance_matrix: torch.Size([1, 7, 7])
Size of covariance_matrix_prime: torch.Size([1, 7, 7])
cosineSimilarity tensor([[0.9999, 1.0000, 0.9999, 1.0000, 0.9998, 1.0000, 0.9999]],
       grad_fn=<SumBackward1>)
Size of covariance_matrix: torch.Size([1, 7, 7])
Size of covariance_matrix_prime: torch.Size([1, 7, 7])
cosineSimilarity tensor([[1.0000, 0.9999, 0.9996, 1.0000, 0.9998, 1.0000, 0.9999]],
       grad_fn=<SumBackward1>)
Size of covariance_matrix: torch.Size([1, 7, 7])
Size of covariance_matrix_prime: torch.Size([1, 7, 7])
cosineSimilarity tensor([[0.9999, 1.0000, 1.0000, 1.0000, 0.9999, 1.0000, 0.9999]],
       grad_fn=<SumBackward1>)
Size of covariance_matrix: torch.Size([1, 7, 7])
Size of covariance_matrix_prime: torch.Size([1, 7, 7])
cosineSimilarity tensor([[1.0000, 1.0000, 1.0000, 1.0000, 1.0000, 1.0000, 1.0000]],
       grad_fn=<SumBackward1>)
Size of covariance_matrix: torch.Size([1, 7, 7])
Size of covariance_matrix_prime: torch.Size([1, 7, 7])
cosineSimilarity tensor([[1.0000, 0.9999, 0.9999, 1.0000, 0.9999, 1.0000, 0.9999]],
       grad_fn=<SumBackward1>)
Size of covariance_matrix: torch.Size([1, 7, 7])
Size of covariance_matrix_prime: torch.Size([1, 7, 7])
cosineSimilarity tensor([[1.0000, 0.9999, 1.0000, 1.0000, 1.0000, 1.0000, 0.9999]],
       grad_fn=<SumBackward1>)
Size of covariance_matrix: torch.Size([1, 7, 7])
Size of covariance_matrix_prime: torch.Size([1, 7, 7])
cosineSimilarity tensor([[1.0000, 1.0000, 1.0000, 1.0000, 1.0000, 1.0000, 1.0000]],
       grad_fn=<SumBackward1>)
Size of covariance_matrix: torch.Size([1, 7, 7])
Size of covariance_matrix_prime: torch.Size([1, 7, 7])
cosineSimilarity tensor([[1.0000, 1.0000, 1.0000, 1.0000, 0.9999, 1.0000, 1.0000]],
       grad_fn=<SumBackward1>)
Size of covariance_matrix: torch.Size([1, 7, 7])
Size of covariance_matrix_prime: torch.Size([1, 7, 7])
cosineSimilarity tensor([[0.9999, 1.0000, 0.9999, 0.9999, 0.9998, 1.0000, 0.9998]],
       grad_fn=<SumBackward1>)
Size of covariance_matrix: torch.Size([1, 7, 7])
Size of covariance_matrix_prime: torch.Size([1, 7, 7])
cosineSimilarity tensor([[0.9999, 1.0000, 0.9999, 1.0000, 0.9998, 1.0000, 0.9999]],
       grad_fn=<SumBackward1>)
Size of covariance_matrix: torch.Size([1, 7, 7])
Size of covariance_matrix_prime: torch.Size([1, 7, 7])
cosineSimilarity tensor([[1.0000, 1.0000, 1.0000, 1.0000, 1.0000, 1.0000, 1.0000]],
       grad_fn=<SumBackward1>)
Size of covariance_matrix: torch.Size([1, 7, 7])
Size of covariance_matrix_prime: torch.Size([1, 7, 7])
cosineSimilarity tensor([[0.9999, 1.0000, 1.0000, 1.0000, 1.0000, 1.0000, 1.0000]],
       grad_fn=<SumBackward1>)
Size of covariance_matrix: torch.Size([1, 7, 7])
Size of covariance_matrix_prime: torch.Size([1, 7, 7])
cosineSimilarity tensor([[1.0000, 1.0000, 1.0000, 1.0000, 0.9999, 1.0000, 1.0000]],
       grad_fn=<SumBackward1>)
Size of covariance_matrix: torch.Size([1, 7, 7])
Size of covariance_matrix_prime: torch.Size([1, 7, 7])
cosineSimilarity tensor([[1.0000, 1.0000, 1.0000, 1.0000, 0.9999, 1.0000, 1.0000]],
       grad_fn=<SumBackward1>)
Size of covariance_matrix: torch.Size([1, 7, 7])
Size of covariance_matrix_prime: torch.Size([1, 7, 7])
cosineSimilarity tensor([[1.0000, 1.0000, 1.0000, 1.0000, 1.0000, 1.0000, 1.0000]],
       grad_fn=<SumBackward1>)
Size of covariance_matrix: torch.Size([1, 7, 7])
Size of covariance_matrix_prime: torch.Size([1, 7, 7])
cosineSimilarity tensor([[1.0000, 1.0000, 1.0000, 1.0000, 1.0000, 1.0000, 1.0000]],
       grad_fn=<SumBackward1>)
Size of covariance_matrix: torch.Size([1, 7, 7])
Size of covariance_matrix_prime: torch.Size([1, 7, 7])
cosineSimilarity tensor([[1.0000, 1.0000, 0.9999, 1.0000, 0.9999, 1.0000, 0.9998]],
       grad_fn=<SumBackward1>)
Size of covariance_matrix: torch.Size([1, 7, 7])
Size of covariance_matrix_prime: torch.Size([1, 7, 7])
cosineSimilarity tensor([[1.0000, 1.0000, 1.0000, 1.0000, 1.0000, 1.0000, 1.0000]],
       grad_fn=<SumBackward1>)
Size of covariance_matrix: torch.Size([1, 7, 7])
Size of covariance_matrix_prime: torch.Size([1, 7, 7])
cosineSimilarity tensor([[1.0000, 1.0000, 1.0000, 1.0000, 0.9998, 1.0000, 1.0000]],
       grad_fn=<SumBackward1>)
Size of covariance_matrix: torch.Size([1, 7, 7])
Size of covariance_matrix_prime: torch.Size([1, 7, 7])
cosineSimilarity tensor([[1.0000, 1.0000, 1.0000, 1.0000, 1.0000, 1.0000, 1.0000]],
       grad_fn=<SumBackward1>)
Size of covariance_matrix: torch.Size([1, 7, 7])
Size of covariance_matrix_prime: torch.Size([1, 7, 7])
cosineSimilarity tensor([[1.0000, 1.0000, 1.0000, 1.0000, 1.0000, 1.0000, 1.0000]],
       grad_fn=<SumBackward1>)
Size of covariance_matrix: torch.Size([1, 7, 7])
Size of covariance_matrix_prime: torch.Size([1, 7, 7])
cosineSimilarity tensor([[1.0000, 1.0000, 1.0000, 1.0000, 1.0000, 1.0000, 1.0000]],
       grad_fn=<SumBackward1>)
Size of covariance_matrix: torch.Size([1, 7, 7])
Size of covariance_matrix_prime: torch.Size([1, 7, 7])
cosineSimilarity tensor([[1.0000, 1.0000, 1.0000, 1.0000, 0.9999, 1.0000, 1.0000]],
       grad_fn=<SumBackward1>)
Size of covariance_matrix: torch.Size([1, 7, 7])
Size of covariance_matrix_prime: torch.Size([1, 7, 7])
cosineSimilarity tensor([[1.0000, 1.0000, 1.0000, 1.0000, 1.0000, 1.0000, 1.0000]],
       grad_fn=<SumBackward1>)
Size of covariance_matrix: torch.Size([1, 7, 7])
Size of covariance_matrix_prime: torch.Size([1, 7, 7])
cosineSimilarity tensor([[0.9999, 1.0000, 1.0000, 1.0000, 1.0000, 1.0000, 0.9999]],
       grad_fn=<SumBackward1>)
Size of covariance_matrix: torch.Size([1, 7, 7])
Size of covariance_matrix_prime: torch.Size([1, 7, 7])
cosineSimilarity tensor([[0.9999, 1.0000, 1.0000, 1.0000, 0.9999, 1.0000, 1.0000]],
       grad_fn=<SumBackward1>)
Size of covariance_matrix: torch.Size([1, 7, 7])
Size of covariance_matrix_prime: torch.Size([1, 7, 7])
cosineSimilarity tensor([[1.0000, 1.0000, 1.0000, 1.0000, 0.9999, 1.0000, 1.0000]],
       grad_fn=<SumBackward1>)
Size of covariance_matrix: torch.Size([1, 7, 7])
Size of covariance_matrix_prime: torch.Size([1, 7, 7])
cosineSimilarity tensor([[1.0000, 1.0000, 1.0000, 1.0000, 1.0000, 1.0000, 1.0000]],
       grad_fn=<SumBackward1>)
Size of covariance_matrix: torch.Size([1, 7, 7])
Size of covariance_matrix_prime: torch.Size([1, 7, 7])
cosineSimilarity tensor([[1.0000, 1.0000, 1.0000, 0.9999, 0.9995, 1.0000, 0.9999]],
       grad_fn=<SumBackward1>)
Size of covariance_matrix: torch.Size([1, 7, 7])
Size of covariance_matrix_prime: torch.Size([1, 7, 7])
cosineSimilarity tensor([[1.0000, 1.0000, 1.0000, 1.0000, 1.0000, 1.0000, 1.0000]],
       grad_fn=<SumBackward1>)
Size of covariance_matrix: torch.Size([1, 7, 7])
Size of covariance_matrix_prime: torch.Size([1, 7, 7])
cosineSimilarity tensor([[0.9998, 0.9998, 0.9999, 0.9999, 0.9999, 0.9999, 0.9991]],
       grad_fn=<SumBackward1>)
Size of covariance_matrix: torch.Size([1, 7, 7])
Size of covariance_matrix_prime: torch.Size([1, 7, 7])
cosineSimilarity tensor([[0.9998, 0.9999, 0.9999, 1.0000, 1.0000, 0.9999, 0.9999]],
       grad_fn=<SumBackward1>)
Size of covariance_matrix: torch.Size([1, 7, 7])
Size of covariance_matrix_prime: torch.Size([1, 7, 7])
cosineSimilarity tensor([[0.9999, 1.0000, 0.9993, 0.9999, 0.9994, 0.9999, 0.9998]],
       grad_fn=<SumBackward1>)
Size of covariance_matrix: torch.Size([1, 7, 7])
Size of covariance_matrix_prime: torch.Size([1, 7, 7])
cosineSimilarity tensor([[1.0000, 1.0000, 1.0000, 1.0000, 1.0000, 1.0000, 1.0000]],
       grad_fn=<SumBackward1>)
Size of covariance_matrix: torch.Size([1, 7, 7])
Size of covariance_matrix_prime: torch.Size([1, 7, 7])
cosineSimilarity tensor([[0.9998, 0.9999, 0.9999, 1.0000, 0.9998, 0.9999, 1.0000]],
       grad_fn=<SumBackward1>)
Size of covariance_matrix: torch.Size([1, 7, 7])
Size of covariance_matrix_prime: torch.Size([1, 7, 7])
cosineSimilarity tensor([[1.0000, 1.0000, 1.0000, 1.0000, 1.0000, 1.0000, 0.9999]],
       grad_fn=<SumBackward1>)
Size of covariance_matrix: torch.Size([1, 7, 7])
Size of covariance_matrix_prime: torch.Size([1, 7, 7])
cosineSimilarity tensor([[1.0000, 0.9997, 0.9998, 1.0000, 0.9993, 1.0000, 1.0000]],
       grad_fn=<SumBackward1>)
Size of covariance_matrix: torch.Size([1, 7, 7])
Size of covariance_matrix_prime: torch.Size([1, 7, 7])
cosineSimilarity tensor([[0.9999, 1.0000, 0.9999, 0.9999, 0.9999, 0.9999, 0.9999]],
       grad_fn=<SumBackward1>)
Size of covariance_matrix: torch.Size([1, 7, 7])
Size of covariance_matrix_prime: torch.Size([1, 7, 7])
cosineSimilarity tensor([[1.0000, 1.0000, 1.0000, 1.0000, 0.9996, 1.0000, 0.9998]],
       grad_fn=<SumBackward1>)
Size of covariance_matrix: torch.Size([1, 7, 7])
Size of covariance_matrix_prime: torch.Size([1, 7, 7])
cosineSimilarity tensor([[1.0000, 1.0000, 1.0000, 1.0000, 0.9999, 1.0000, 1.0000]],
       grad_fn=<SumBackward1>)
Size of covariance_matrix: torch.Size([1, 7, 7])
Size of covariance_matrix_prime: torch.Size([1, 7, 7])
cosineSimilarity tensor([[1.0000, 1.0000, 1.0000, 1.0000, 1.0000, 1.0000, 1.0000]],
       grad_fn=<SumBackward1>)
Size of covariance_matrix: torch.Size([1, 7, 7])
Size of covariance_matrix_prime: torch.Size([1, 7, 7])
cosineSimilarity tensor([[1.0000, 1.0000, 0.9999, 1.0000, 0.9999, 1.0000, 1.0000]],
       grad_fn=<SumBackward1>)
Size of covariance_matrix: torch.Size([1, 7, 7])
Size of covariance_matrix_prime: torch.Size([1, 7, 7])
cosineSimilarity tensor([[1.0000, 1.0000, 1.0000, 1.0000, 1.0000, 1.0000, 0.9999]],
       grad_fn=<SumBackward1>)
Size of covariance_matrix: torch.Size([1, 7, 7])
Size of covariance_matrix_prime: torch.Size([1, 7, 7])
cosineSimilarity tensor([[0.9999, 0.9999, 0.9999, 0.9999, 0.9998, 1.0000, 0.9999]],
       grad_fn=<SumBackward1>)
Size of covariance_matrix: torch.Size([1, 7, 7])
Size of covariance_matrix_prime: torch.Size([1, 7, 7])
cosineSimilarity tensor([[1.0000, 1.0000, 1.0000, 1.0000, 1.0000, 1.0000, 1.0000]],
       grad_fn=<SumBackward1>)
Size of covariance_matrix: torch.Size([1, 7, 7])
Size of covariance_matrix_prime: torch.Size([1, 7, 7])
cosineSimilarity tensor([[1.0000, 1.0000, 1.0000, 1.0000, 1.0000, 1.0000, 1.0000]],
       grad_fn=<SumBackward1>)
Size of covariance_matrix: torch.Size([1, 7, 7])
Size of covariance_matrix_prime: torch.Size([1, 7, 7])
cosineSimilarity tensor([[1.0000, 1.0000, 1.0000, 1.0000, 1.0000, 1.0000, 1.0000]],
       grad_fn=<SumBackward1>)
Size of covariance_matrix: torch.Size([1, 7, 7])
Size of covariance_matrix_prime: torch.Size([1, 7, 7])
cosineSimilarity tensor([[1.0000, 1.0000, 1.0000, 1.0000, 1.0000, 1.0000, 1.0000]],
       grad_fn=<SumBackward1>)
Size of covariance_matrix: torch.Size([1, 7, 7])
Size of covariance_matrix_prime: torch.Size([1, 7, 7])
cosineSimilarity tensor([[1.0000, 1.0000, 0.9999, 1.0000, 1.0000, 1.0000, 1.0000]],
       grad_fn=<SumBackward1>)
Size of covariance_matrix: torch.Size([1, 7, 7])
Size of covariance_matrix_prime: torch.Size([1, 7, 7])
cosineSimilarity tensor([[1.0000, 1.0000, 1.0000, 1.0000, 1.0000, 1.0000, 1.0000]],
       grad_fn=<SumBackward1>)
Size of covariance_matrix: torch.Size([1, 7, 7])
Size of covariance_matrix_prime: torch.Size([1, 7, 7])
cosineSimilarity tensor([[1.0000, 1.0000, 1.0000, 1.0000, 1.0000, 1.0000, 1.0000]],
       grad_fn=<SumBackward1>)
Size of covariance_matrix: torch.Size([1, 7, 7])
Size of covariance_matrix_prime: torch.Size([1, 7, 7])
cosineSimilarity tensor([[0.9999, 1.0000, 1.0000, 1.0000, 0.9999, 1.0000, 1.0000]],
       grad_fn=<SumBackward1>)
Size of covariance_matrix: torch.Size([1, 7, 7])
Size of covariance_matrix_prime: torch.Size([1, 7, 7])
cosineSimilarity tensor([[0.9999, 0.9999, 0.9999, 0.9999, 1.0000, 1.0000, 1.0000]],
       grad_fn=<SumBackward1>)
Size of covariance_matrix: torch.Size([1, 7, 7])
Size of covariance_matrix_prime: torch.Size([1, 7, 7])
cosineSimilarity tensor([[1.0000, 1.0000, 1.0000, 1.0000, 1.0000, 1.0000, 1.0000]],
       grad_fn=<SumBackward1>)
Size of covariance_matrix: torch.Size([1, 7, 7])
Size of covariance_matrix_prime: torch.Size([1, 7, 7])
cosineSimilarity tensor([[1.0000, 1.0000, 1.0000, 1.0000, 1.0000, 1.0000, 1.0000]],
       grad_fn=<SumBackward1>)
Size of covariance_matrix: torch.Size([1, 7, 7])
Size of covariance_matrix_prime: torch.Size([1, 7, 7])
cosineSimilarity tensor([[1.0000, 1.0000, 1.0000, 1.0000, 1.0000, 1.0000, 1.0000]],
       grad_fn=<SumBackward1>)
Size of covariance_matrix: torch.Size([1, 7, 7])
Size of covariance_matrix_prime: torch.Size([1, 7, 7])
cosineSimilarity tensor([[1.0000, 0.9999, 1.0000, 1.0000, 0.9999, 1.0000, 0.9999]],
       grad_fn=<SumBackward1>)
Size of covariance_matrix: torch.Size([1, 7, 7])
Size of covariance_matrix_prime: torch.Size([1, 7, 7])
cosineSimilarity tensor([[1.0000, 0.9999, 0.9999, 0.9999, 1.0000, 1.0000, 0.9999]],
       grad_fn=<SumBackward1>)
Size of covariance_matrix: torch.Size([1, 7, 7])
Size of covariance_matrix_prime: torch.Size([1, 7, 7])
cosineSimilarity tensor([[1.0000, 1.0000, 1.0000, 1.0000, 1.0000, 1.0000, 1.0000]],
       grad_fn=<SumBackward1>)
Size of covariance_matrix: torch.Size([1, 7, 7])
Size of covariance_matrix_prime: torch.Size([1, 7, 7])
cosineSimilarity tensor([[1.0000, 1.0000, 1.0000, 1.0000, 0.9999, 1.0000, 1.0000]],
       grad_fn=<SumBackward1>)
Size of covariance_matrix: torch.Size([1, 7, 7])
Size of covariance_matrix_prime: torch.Size([1, 7, 7])
cosineSimilarity tensor([[1.0000, 1.0000, 1.0000, 1.0000, 1.0000, 1.0000, 1.0000]],
       grad_fn=<SumBackward1>)
Size of covariance_matrix: torch.Size([1, 7, 7])
Size of covariance_matrix_prime: torch.Size([1, 7, 7])
cosineSimilarity tensor([[1.0000, 1.0000, 1.0000, 1.0000, 1.0000, 1.0000, 1.0000]],
       grad_fn=<SumBackward1>)
Size of covariance_matrix: torch.Size([1, 7, 7])
Size of covariance_matrix_prime: torch.Size([1, 7, 7])
cosineSimilarity tensor([[1.0000, 1.0000, 1.0000, 1.0000, 1.0000, 1.0000, 1.0000]],
       grad_fn=<SumBackward1>)
Size of covariance_matrix: torch.Size([1, 7, 7])
Size of covariance_matrix_prime: torch.Size([1, 7, 7])
cosineSimilarity tensor([[1.0000, 1.0000, 1.0000, 1.0000, 1.0000, 1.0000, 1.0000]],
       grad_fn=<SumBackward1>)
Size of covariance_matrix: torch.Size([1, 7, 7])
Size of covariance_matrix_prime: torch.Size([1, 7, 7])
cosineSimilarity tensor([[1.0000, 0.9999, 0.9999, 1.0000, 0.9999, 1.0000, 0.9999]],
       grad_fn=<SumBackward1>)
Size of covariance_matrix: torch.Size([1, 7, 7])
Size of covariance_matrix_prime: torch.Size([1, 7, 7])
cosineSimilarity tensor([[1.0000, 1.0000, 1.0000, 1.0000, 1.0000, 1.0000, 1.0000]],
       grad_fn=<SumBackward1>)
Size of covariance_matrix: torch.Size([1, 7, 7])
Size of covariance_matrix_prime: torch.Size([1, 7, 7])
cosineSimilarity tensor([[1.0000, 1.0000, 1.0000, 1.0000, 1.0000, 1.0000, 1.0000]],
       grad_fn=<SumBackward1>)
Size of covariance_matrix: torch.Size([1, 7, 7])
Size of covariance_matrix_prime: torch.Size([1, 7, 7])
cosineSimilarity tensor([[1.0000, 1.0000, 0.9999, 1.0000, 0.9999, 1.0000, 0.9999]],
       grad_fn=<SumBackward1>)
Size of covariance_matrix: torch.Size([1, 7, 7])
Size of covariance_matrix_prime: torch.Size([1, 7, 7])
cosineSimilarity tensor([[0.9999, 1.0000, 1.0000, 1.0000, 0.9999, 1.0000, 1.0000]],
       grad_fn=<SumBackward1>)
Size of covariance_matrix: torch.Size([1, 7, 7])
Size of covariance_matrix_prime: torch.Size([1, 7, 7])
cosineSimilarity tensor([[0.9999, 1.0000, 0.9998, 1.0000, 0.9999, 1.0000, 1.0000]],
       grad_fn=<SumBackward1>)
Size of covariance_matrix: torch.Size([1, 7, 7])
Size of covariance_matrix_prime: torch.Size([1, 7, 7])
cosineSimilarity tensor([[1.0000, 0.9999, 0.9999, 1.0000, 0.9999, 1.0000, 0.9999]],
       grad_fn=<SumBackward1>)
Size of covariance_matrix: torch.Size([1, 7, 7])
Size of covariance_matrix_prime: torch.Size([1, 7, 7])
cosineSimilarity tensor([[1.0000, 1.0000, 1.0000, 1.0000, 1.0000, 1.0000, 1.0000]],
       grad_fn=<SumBackward1>)
Size of covariance_matrix: torch.Size([1, 7, 7])
Size of covariance_matrix_prime: torch.Size([1, 7, 7])
cosineSimilarity tensor([[0.9996, 1.0000, 0.9999, 1.0000, 0.9999, 0.9999, 0.9998]],
       grad_fn=<SumBackward1>)
Size of covariance_matrix: torch.Size([1, 7, 7])
Size of covariance_matrix_prime: torch.Size([1, 7, 7])
cosineSimilarity tensor([[0.9999, 1.0000, 0.9999, 0.9999, 0.9999, 0.9999, 0.9999]],
       grad_fn=<SumBackward1>)
Size of covariance_matrix: torch.Size([1, 7, 7])
Size of covariance_matrix_prime: torch.Size([1, 7, 7])
cosineSimilarity tensor([[0.9998, 1.0000, 1.0000, 1.0000, 1.0000, 0.9999, 0.9999]],
       grad_fn=<SumBackward1>)
Size of covariance_matrix: torch.Size([1, 7, 7])
Size of covariance_matrix_prime: torch.Size([1, 7, 7])
cosineSimilarity tensor([[1.0000, 0.9999, 1.0000, 0.9999, 0.9998, 1.0000, 0.9999]],
       grad_fn=<SumBackward1>)
Size of covariance_matrix: torch.Size([1, 7, 7])
Size of covariance_matrix_prime: torch.Size([1, 7, 7])
cosineSimilarity tensor([[1.0000, 1.0000, 1.0000, 1.0000, 1.0000, 1.0000, 1.0000]],
       grad_fn=<SumBackward1>)
Size of covariance_matrix: torch.Size([1, 7, 7])
Size of covariance_matrix_prime: torch.Size([1, 7, 7])
cosineSimilarity tensor([[0.9998, 0.9999, 0.9998, 1.0000, 0.9997, 0.9999, 0.9999]],
       grad_fn=<SumBackward1>)
Size of covariance_matrix: torch.Size([1, 7, 7])
Size of covariance_matrix_prime: torch.Size([1, 7, 7])
cosineSimilarity tensor([[1.0000, 1.0000, 0.9999, 1.0000, 0.9997, 1.0000, 0.9999]],
       grad_fn=<SumBackward1>)
Size of covariance_matrix: torch.Size([1, 7, 7])
Size of covariance_matrix_prime: torch.Size([1, 7, 7])
cosineSimilarity tensor([[1.0000, 1.0000, 0.9999, 1.0000, 1.0000, 1.0000, 1.0000]],
       grad_fn=<SumBackward1>)
Size of covariance_matrix: torch.Size([1, 7, 7])
Size of covariance_matrix_prime: torch.Size([1, 7, 7])
cosineSimilarity tensor([[1.0000, 1.0000, 1.0000, 1.0000, 1.0000, 1.0000, 1.0000]],
       grad_fn=<SumBackward1>)
Size of covariance_matrix: torch.Size([1, 7, 7])
Size of covariance_matrix_prime: torch.Size([1, 7, 7])
cosineSimilarity tensor([[1.0000, 1.0000, 1.0000, 1.0000, 0.9999, 0.9999, 0.9999]],
       grad_fn=<SumBackward1>)
Size of covariance_matrix: torch.Size([1, 7, 7])
Size of covariance_matrix_prime: torch.Size([1, 7, 7])
cosineSimilarity tensor([[1.0000, 1.0000, 1.0000, 1.0000, 1.0000, 1.0000, 1.0000]],
       grad_fn=<SumBackward1>)
Size of covariance_matrix: torch.Size([1, 7, 7])
Size of covariance_matrix_prime: torch.Size([1, 7, 7])
cosineSimilarity tensor([[1.0000, 1.0000, 1.0000, 0.9999, 1.0000, 1.0000, 0.9999]],
       grad_fn=<SumBackward1>)
Size of covariance_matrix: torch.Size([1, 7, 7])
Size of covariance_matrix_prime: torch.Size([1, 7, 7])
cosineSimilarity tensor([[1.0000, 1.0000, 1.0000, 1.0000, 0.9999, 1.0000, 1.0000]],
       grad_fn=<SumBackward1>)
Size of covariance_matrix: torch.Size([1, 7, 7])
Size of covariance_matrix_prime: torch.Size([1, 7, 7])
cosineSimilarity tensor([[1.0000, 0.9999, 0.9999, 1.0000, 0.9998, 1.0000, 0.9999]],
       grad_fn=<SumBackward1>)
Size of covariance_matrix: torch.Size([1, 7, 7])
Size of covariance_matrix_prime: torch.Size([1, 7, 7])
cosineSimilarity tensor([[0.9999, 1.0000, 1.0000, 0.9999, 0.9999, 1.0000, 1.0000]],
       grad_fn=<SumBackward1>)
Size of covariance_matrix: torch.Size([1, 7, 7])
Size of covariance_matrix_prime: torch.Size([1, 7, 7])
cosineSimilarity tensor([[1.0000, 1.0000, 1.0000, 1.0000, 1.0000, 1.0000, 1.0000]],
       grad_fn=<SumBackward1>)
Size of covariance_matrix: torch.Size([1, 7, 7])
Size of covariance_matrix_prime: torch.Size([1, 7, 7])
cosineSimilarity tensor([[1.0000, 1.0000, 0.9999, 1.0000, 1.0000, 1.0000, 1.0000]],
       grad_fn=<SumBackward1>)
Size of covariance_matrix: torch.Size([1, 7, 7])
Size of covariance_matrix_prime: torch.Size([1, 7, 7])
cosineSimilarity tensor([[0.9999, 0.9994, 0.9998, 1.0000, 0.9999, 1.0000, 0.9999]],
       grad_fn=<SumBackward1>)
Size of covariance_matrix: torch.Size([1, 7, 7])
Size of covariance_matrix_prime: torch.Size([1, 7, 7])
cosineSimilarity tensor([[0.9998, 0.9999, 1.0000, 1.0000, 0.9998, 0.9999, 1.0000]],
       grad_fn=<SumBackward1>)
Size of covariance_matrix: torch.Size([1, 7, 7])
Size of covariance_matrix_prime: torch.Size([1, 7, 7])
cosineSimilarity tensor([[1.0000, 1.0000, 1.0000, 1.0000, 0.9996, 1.0000, 0.9999]],
       grad_fn=<SumBackward1>)
Size of covariance_matrix: torch.Size([1, 7, 7])
Size of covariance_matrix_prime: torch.Size([1, 7, 7])
cosineSimilarity tensor([[1.0000, 1.0000, 0.9999, 1.0000, 0.9999, 1.0000, 1.0000]],
       grad_fn=<SumBackward1>)
Size of covariance_matrix: torch.Size([1, 7, 7])
Size of covariance_matrix_prime: torch.Size([1, 7, 7])
cosineSimilarity tensor([[0.9998, 1.0000, 0.9998, 0.9999, 0.9998, 0.9998, 0.9996]],
       grad_fn=<SumBackward1>)
Size of covariance_matrix: torch.Size([1, 7, 7])
Size of covariance_matrix_prime: torch.Size([1, 7, 7])
cosineSimilarity tensor([[0.9999, 0.9999, 0.9998, 0.9999, 0.9995, 0.9999, 0.9999]],
       grad_fn=<SumBackward1>)
Size of covariance_matrix: torch.Size([1, 7, 7])
Size of covariance_matrix_prime: torch.Size([1, 7, 7])
cosineSimilarity tensor([[1.0000, 1.0000, 1.0000, 1.0000, 1.0000, 1.0000, 1.0000]],
       grad_fn=<SumBackward1>)
Size of covariance_matrix: torch.Size([1, 7, 7])
Size of covariance_matrix_prime: torch.Size([1, 7, 7])
cosineSimilarity tensor([[1.0000, 1.0000, 1.0000, 1.0000, 1.0000, 1.0000, 1.0000]],
       grad_fn=<SumBackward1>)
Size of covariance_matrix: torch.Size([1, 7, 7])
Size of covariance_matrix_prime: torch.Size([1, 7, 7])
cosineSimilarity tensor([[1.0000, 1.0000, 1.0000, 1.0000, 1.0000, 1.0000, 1.0000]],
       grad_fn=<SumBackward1>)
Size of covariance_matrix: torch.Size([1, 7, 7])
Size of covariance_matrix_prime: torch.Size([1, 7, 7])
cosineSimilarity tensor([[1.0000, 1.0000, 1.0000, 1.0000, 1.0000, 1.0000, 1.0000]],
       grad_fn=<SumBackward1>)
Size of covariance_matrix: torch.Size([1, 7, 7])
Size of covariance_matrix_prime: torch.Size([1, 7, 7])
cosineSimilarity tensor([[1.0000, 1.0000, 1.0000, 1.0000, 0.9999, 1.0000, 1.0000]],
       grad_fn=<SumBackward1>)
Size of covariance_matrix: torch.Size([1, 7, 7])
Size of covariance_matrix_prime: torch.Size([1, 7, 7])
cosineSimilarity tensor([[0.9999, 1.0000, 1.0000, 1.0000, 0.9999, 1.0000, 1.0000]],
       grad_fn=<SumBackward1>)
Size of covariance_matrix: torch.Size([1, 7, 7])
Size of covariance_matrix_prime: torch.Size([1, 7, 7])
cosineSimilarity tensor([[1.0000, 0.9999, 1.0000, 1.0000, 1.0000, 1.0000, 0.9998]],
       grad_fn=<SumBackward1>)
Size of covariance_matrix: torch.Size([1, 7, 7])
Size of covariance_matrix_prime: torch.Size([1, 7, 7])
cosineSimilarity tensor([[1.0000, 1.0000, 1.0000, 1.0000, 1.0000, 1.0000, 0.9999]],
       grad_fn=<SumBackward1>)
Size of covariance_matrix: torch.Size([1, 7, 7])
Size of covariance_matrix_prime: torch.Size([1, 7, 7])
cosineSimilarity tensor([[1.0000, 1.0000, 1.0000, 1.0000, 1.0000, 1.0000, 1.0000]],
       grad_fn=<SumBackward1>)
Size of covariance_matrix: torch.Size([1, 7, 7])
Size of covariance_matrix_prime: torch.Size([1, 7, 7])
cosineSimilarity tensor([[1.0000, 1.0000, 1.0000, 1.0000, 1.0000, 1.0000, 1.0000]],
       grad_fn=<SumBackward1>)
Size of covariance_matrix: torch.Size([1, 7, 7])
Size of covariance_matrix_prime: torch.Size([1, 7, 7])
cosineSimilarity tensor([[1.0000, 1.0000, 1.0000, 1.0000, 0.9999, 1.0000, 0.9999]],
       grad_fn=<SumBackward1>)
Size of covariance_matrix: torch.Size([1, 7, 7])
Size of covariance_matrix_prime: torch.Size([1, 7, 7])
cosineSimilarity tensor([[1.0000, 1.0000, 1.0000, 1.0000, 0.9998, 1.0000, 1.0000]],
       grad_fn=<SumBackward1>)
Size of covariance_matrix: torch.Size([1, 7, 7])
Size of covariance_matrix_prime: torch.Size([1, 7, 7])
cosineSimilarity tensor([[1.0000, 0.9999, 1.0000, 1.0000, 1.0000, 1.0000, 0.9997]],
       grad_fn=<SumBackward1>)
Size of covariance_matrix: torch.Size([1, 7, 7])
Size of covariance_matrix_prime: torch.Size([1, 7, 7])
cosineSimilarity tensor([[1.0000, 1.0000, 0.9999, 0.9999, 1.0000, 1.0000, 0.9999]],
       grad_fn=<SumBackward1>)
Size of covariance_matrix: torch.Size([1, 7, 7])
Size of covariance_matrix_prime: torch.Size([1, 7, 7])
cosineSimilarity tensor([[0.9999, 0.9999, 0.9999, 0.9999, 0.9996, 1.0000, 0.9996]],
       grad_fn=<SumBackward1>)
Size of covariance_matrix: torch.Size([1, 7, 7])
Size of covariance_matrix_prime: torch.Size([1, 7, 7])
cosineSimilarity tensor([[1.0000, 1.0000, 1.0000, 1.0000, 1.0000, 1.0000, 1.0000]],
       grad_fn=<SumBackward1>)
Size of covariance_matrix: torch.Size([1, 7, 7])
Size of covariance_matrix_prime: torch.Size([1, 7, 7])
cosineSimilarity tensor([[0.9999, 0.9999, 0.9999, 0.9999, 0.9999, 0.9998, 0.9999]],
       grad_fn=<SumBackward1>)
Size of covariance_matrix: torch.Size([1, 7, 7])
Size of covariance_matrix_prime: torch.Size([1, 7, 7])
cosineSimilarity tensor([[1.0000, 1.0000, 1.0000, 1.0000, 1.0000, 1.0000, 1.0000]],
       grad_fn=<SumBackward1>)
Size of covariance_matrix: torch.Size([1, 7, 7])
Size of covariance_matrix_prime: torch.Size([1, 7, 7])
cosineSimilarity tensor([[1.0000, 1.0000, 1.0000, 1.0000, 1.0000, 1.0000, 1.0000]],
       grad_fn=<SumBackward1>)
Size of covariance_matrix: torch.Size([1, 7, 7])
Size of covariance_matrix_prime: torch.Size([1, 7, 7])
cosineSimilarity tensor([[1.0000, 1.0000, 1.0000, 1.0000, 0.9999, 1.0000, 1.0000]],
       grad_fn=<SumBackward1>)
Size of covariance_matrix: torch.Size([1, 7, 7])
Size of covariance_matrix_prime: torch.Size([1, 7, 7])
cosineSimilarity tensor([[1.0000, 0.9999, 1.0000, 1.0000, 1.0000, 1.0000, 1.0000]],
       grad_fn=<SumBackward1>)
Size of covariance_matrix: torch.Size([1, 7, 7])
Size of covariance_matrix_prime: torch.Size([1, 7, 7])
cosineSimilarity tensor([[1.0000, 1.0000, 0.9999, 1.0000, 1.0000, 1.0000, 0.9999]],
       grad_fn=<SumBackward1>)
Size of covariance_matrix: torch.Size([1, 7, 7])
Size of covariance_matrix_prime: torch.Size([1, 7, 7])
cosineSimilarity tensor([[1.0000, 1.0000, 1.0000, 1.0000, 1.0000, 1.0000, 1.0000]],
       grad_fn=<SumBackward1>)
Size of covariance_matrix: torch.Size([1, 7, 7])
Size of covariance_matrix_prime: torch.Size([1, 7, 7])
cosineSimilarity tensor([[1.0000, 1.0000, 1.0000, 1.0000, 1.0000, 1.0000, 1.0000]],
       grad_fn=<SumBackward1>)
Size of covariance_matrix: torch.Size([1, 7, 7])
Size of covariance_matrix_prime: torch.Size([1, 7, 7])
cosineSimilarity tensor([[1.0000, 1.0000, 1.0000, 1.0000, 1.0000, 1.0000, 1.0000]],
       grad_fn=<SumBackward1>)
Size of covariance_matrix: torch.Size([1, 7, 7])
Size of covariance_matrix_prime: torch.Size([1, 7, 7])
cosineSimilarity tensor([[1.0000, 1.0000, 1.0000, 0.9999, 1.0000, 1.0000, 0.9999]],
       grad_fn=<SumBackward1>)
Size of covariance_matrix: torch.Size([1, 7, 7])
Size of covariance_matrix_prime: torch.Size([1, 7, 7])
cosineSimilarity tensor([[1.0000, 1.0000, 1.0000, 1.0000, 1.0000, 1.0000, 1.0000]],
       grad_fn=<SumBackward1>)
Size of covariance_matrix: torch.Size([1, 7, 7])
Size of covariance_matrix_prime: torch.Size([1, 7, 7])
cosineSimilarity tensor([[1.0000, 1.0000, 1.0000, 1.0000, 0.9999, 1.0000, 1.0000]],
       grad_fn=<SumBackward1>)
Size of covariance_matrix: torch.Size([1, 7, 7])
Size of covariance_matrix_prime: torch.Size([1, 7, 7])
cosineSimilarity tensor([[1.0000, 1.0000, 0.9999, 1.0000, 1.0000, 1.0000, 0.9999]],
       grad_fn=<SumBackward1>)
Size of covariance_matrix: torch.Size([1, 7, 7])
Size of covariance_matrix_prime: torch.Size([1, 7, 7])
cosineSimilarity tensor([[1.0000, 1.0000, 0.9999, 1.0000, 1.0000, 1.0000, 0.9999]],
       grad_fn=<SumBackward1>)
Size of covariance_matrix: torch.Size([1, 7, 7])
Size of covariance_matrix_prime: torch.Size([1, 7, 7])
cosineSimilarity tensor([[1.0000, 1.0000, 1.0000, 1.0000, 1.0000, 1.0000, 1.0000]],
       grad_fn=<SumBackward1>)
Size of covariance_matrix: torch.Size([1, 7, 7])
Size of covariance_matrix_prime: torch.Size([1, 7, 7])
cosineSimilarity tensor([[1.0000, 1.0000, 1.0000, 1.0000, 1.0000, 1.0000, 1.0000]],
       grad_fn=<SumBackward1>)
Size of covariance_matrix: torch.Size([1, 7, 7])
Size of covariance_matrix_prime: torch.Size([1, 7, 7])
cosineSimilarity tensor([[1.0000, 1.0000, 1.0000, 1.0000, 1.0000, 1.0000, 1.0000]],
       grad_fn=<SumBackward1>)
Size of covariance_matrix: torch.Size([1, 7, 7])
Size of covariance_matrix_prime: torch.Size([1, 7, 7])
cosineSimilarity tensor([[1.0000, 1.0000, 1.0000, 1.0000, 1.0000, 1.0000, 1.0000]],
       grad_fn=<SumBackward1>)
Size of covariance_matrix: torch.Size([1, 7, 7])
Size of covariance_matrix_prime: torch.Size([1, 7, 7])
cosineSimilarity tensor([[0.9999, 0.9999, 1.0000, 1.0000, 0.9999, 1.0000, 0.9998]],
       grad_fn=<SumBackward1>)
Size of covariance_matrix: torch.Size([1, 7, 7])
Size of covariance_matrix_prime: torch.Size([1, 7, 7])
cosineSimilarity tensor([[0.9999, 0.9999, 0.9999, 0.9999, 0.9998, 1.0000, 1.0000]],
       grad_fn=<SumBackward1>)
Size of covariance_matrix: torch.Size([1, 7, 7])
Size of covariance_matrix_prime: torch.Size([1, 7, 7])
cosineSimilarity tensor([[1.0000, 1.0000, 1.0000, 1.0000, 1.0000, 1.0000, 1.0000]],
       grad_fn=<SumBackward1>)
Size of covariance_matrix: torch.Size([1, 7, 7])
Size of covariance_matrix_prime: torch.Size([1, 7, 7])
cosineSimilarity tensor([[1.0000, 1.0000, 1.0000, 1.0000, 1.0000, 1.0000, 1.0000]],
       grad_fn=<SumBackward1>)
Size of covariance_matrix: torch.Size([1, 7, 7])
Size of covariance_matrix_prime: torch.Size([1, 7, 7])
cosineSimilarity tensor([[0.9998, 0.9999, 0.9998, 1.0000, 0.9998, 1.0000, 0.9998]],
       grad_fn=<SumBackward1>)
Size of covariance_matrix: torch.Size([1, 7, 7])
Size of covariance_matrix_prime: torch.Size([1, 7, 7])
cosineSimilarity tensor([[1.0000, 1.0000, 1.0000, 1.0000, 1.0000, 1.0000, 1.0000]],
       grad_fn=<SumBackward1>)
Size of covariance_matrix: torch.Size([1, 7, 7])
Size of covariance_matrix_prime: torch.Size([1, 7, 7])
cosineSimilarity tensor([[1.0000, 1.0000, 0.9999, 1.0000, 1.0000, 1.0000, 1.0000]],
       grad_fn=<SumBackward1>)
Size of covariance_matrix: torch.Size([1, 7, 7])
Size of covariance_matrix_prime: torch.Size([1, 7, 7])
cosineSimilarity tensor([[1.0000, 1.0000, 1.0000, 1.0000, 1.0000, 1.0000, 1.0000]],
       grad_fn=<SumBackward1>)
Size of covariance_matrix: torch.Size([1, 7, 7])
Size of covariance_matrix_prime: torch.Size([1, 7, 7])
cosineSimilarity tensor([[0.9999, 1.0000, 0.9999, 0.9999, 1.0000, 1.0000, 0.9997]],
       grad_fn=<SumBackward1>)
Size of covariance_matrix: torch.Size([1, 7, 7])
Size of covariance_matrix_prime: torch.Size([1, 7, 7])
cosineSimilarity tensor([[1.0000, 0.9999, 0.9999, 1.0000, 0.9999, 1.0000, 1.0000]],
       grad_fn=<SumBackward1>)
Size of covariance_matrix: torch.Size([1, 7, 7])
Size of covariance_matrix_prime: torch.Size([1, 7, 7])
cosineSimilarity tensor([[1.0000, 1.0000, 0.9998, 1.0000, 0.9998, 1.0000, 0.9997]],
       grad_fn=<SumBackward1>)
Size of covariance_matrix: torch.Size([1, 7, 7])
Size of covariance_matrix_prime: torch.Size([1, 7, 7])
cosineSimilarity tensor([[1.0000, 1.0000, 1.0000, 1.0000, 1.0000, 1.0000, 1.0000]],
       grad_fn=<SumBackward1>)
Size of covariance_matrix: torch.Size([1, 7, 7])
Size of covariance_matrix_prime: torch.Size([1, 7, 7])
cosineSimilarity tensor([[1.0000, 1.0000, 1.0000, 1.0000, 1.0000, 1.0000, 1.0000]],
       grad_fn=<SumBackward1>)
Size of covariance_matrix: torch.Size([1, 7, 7])
Size of covariance_matrix_prime: torch.Size([1, 7, 7])
cosineSimilarity tensor([[1.0000, 0.9999, 1.0000, 1.0000, 0.9999, 1.0000, 1.0000]],
       grad_fn=<SumBackward1>)
Size of covariance_matrix: torch.Size([1, 7, 7])
Size of covariance_matrix_prime: torch.Size([1, 7, 7])
cosineSimilarity tensor([[1.0000, 1.0000, 1.0000, 1.0000, 0.9999, 1.0000, 0.9999]],
       grad_fn=<SumBackward1>)
Size of covariance_matrix: torch.Size([1, 7, 7])
Size of covariance_matrix_prime: torch.Size([1, 7, 7])
cosineSimilarity tensor([[1.0000, 1.0000, 1.0000, 1.0000, 1.0000, 1.0000, 1.0000]],
       grad_fn=<SumBackward1>)
Size of covariance_matrix: torch.Size([1, 7, 7])
Size of covariance_matrix_prime: torch.Size([1, 7, 7])
cosineSimilarity tensor([[0.9996, 0.9997, 0.9997, 0.9999, 0.9997, 1.0000, 0.9997]],
       grad_fn=<SumBackward1>)
Size of covariance_matrix: torch.Size([1, 7, 7])
Size of covariance_matrix_prime: torch.Size([1, 7, 7])
cosineSimilarity tensor([[0.9999, 1.0000, 0.9999, 0.9999, 0.9998, 1.0000, 1.0000]],
       grad_fn=<SumBackward1>)
Size of covariance_matrix: torch.Size([1, 7, 7])
Size of covariance_matrix_prime: torch.Size([1, 7, 7])
cosineSimilarity tensor([[1.0000, 1.0000, 1.0000, 1.0000, 0.9999, 1.0000, 0.9999]],
       grad_fn=<SumBackward1>)
Size of covariance_matrix: torch.Size([1, 7, 7])
Size of covariance_matrix_prime: torch.Size([1, 7, 7])
cosineSimilarity tensor([[1.0000, 1.0000, 1.0000, 1.0000, 1.0000, 1.0000, 1.0000]],
       grad_fn=<SumBackward1>)
Size of covariance_matrix: torch.Size([1, 7, 7])
Size of covariance_matrix_prime: torch.Size([1, 7, 7])
cosineSimilarity tensor([[1.0000, 1.0000, 1.0000, 1.0000, 1.0000, 1.0000, 0.9999]],
       grad_fn=<SumBackward1>)
Size of covariance_matrix: torch.Size([1, 7, 7])
Size of covariance_matrix_prime: torch.Size([1, 7, 7])
cosineSimilarity tensor([[1.0000, 1.0000, 0.9997, 1.0000, 1.0000, 0.9999, 0.9998]],
       grad_fn=<SumBackward1>)
Size of covariance_matrix: torch.Size([1, 7, 7])
Size of covariance_matrix_prime: torch.Size([1, 7, 7])
cosineSimilarity tensor([[1.0000, 1.0000, 1.0000, 1.0000, 0.9999, 1.0000, 1.0000]],
       grad_fn=<SumBackward1>)
Size of covariance_matrix: torch.Size([1, 7, 7])
Size of covariance_matrix_prime: torch.Size([1, 7, 7])
cosineSimilarity tensor([[0.9999, 0.9999, 0.9999, 1.0000, 0.9998, 1.0000, 1.0000]],
       grad_fn=<SumBackward1>)
Size of covariance_matrix: torch.Size([1, 7, 7])
Size of covariance_matrix_prime: torch.Size([1, 7, 7])
cosineSimilarity tensor([[1.0000, 1.0000, 1.0000, 1.0000, 1.0000, 1.0000, 1.0000]],
       grad_fn=<SumBackward1>)
Size of covariance_matrix: torch.Size([1, 7, 7])
Size of covariance_matrix_prime: torch.Size([1, 7, 7])
cosineSimilarity tensor([[1.0000, 1.0000, 0.9999, 1.0000, 1.0000, 1.0000, 1.0000]],
       grad_fn=<SumBackward1>)
Size of covariance_matrix: torch.Size([1, 7, 7])
Size of covariance_matrix_prime: torch.Size([1, 7, 7])
cosineSimilarity tensor([[1.0000, 1.0000, 0.9999, 1.0000, 1.0000, 1.0000, 1.0000]],
       grad_fn=<SumBackward1>)
Size of covariance_matrix: torch.Size([1, 7, 7])
Size of covariance_matrix_prime: torch.Size([1, 7, 7])
cosineSimilarity tensor([[1.0000, 1.0000, 1.0000, 1.0000, 1.0000, 1.0000, 1.0000]],
       grad_fn=<SumBackward1>)
Size of covariance_matrix: torch.Size([1, 7, 7])
Size of covariance_matrix_prime: torch.Size([1, 7, 7])
cosineSimilarity tensor([[0.9999, 0.9999, 1.0000, 0.9999, 0.9999, 1.0000, 0.9999]],
       grad_fn=<SumBackward1>)
Size of covariance_matrix: torch.Size([1, 7, 7])
Size of covariance_matrix_prime: torch.Size([1, 7, 7])
cosineSimilarity tensor([[1.0000, 0.9999, 1.0000, 0.9999, 0.9999, 1.0000, 1.0000]],
       grad_fn=<SumBackward1>)
Size of covariance_matrix: torch.Size([1, 7, 7])
Size of covariance_matrix_prime: torch.Size([1, 7, 7])
cosineSimilarity tensor([[1.0000, 0.9999, 1.0000, 1.0000, 1.0000, 1.0000, 1.0000]],
       grad_fn=<SumBackward1>)
Size of covariance_matrix: torch.Size([1, 7, 7])
Size of covariance_matrix_prime: torch.Size([1, 7, 7])
cosineSimilarity tensor([[1.0000, 1.0000, 0.9999, 1.0000, 0.9999, 1.0000, 0.9999]],
       grad_fn=<SumBackward1>)
Size of covariance_matrix: torch.Size([1, 7, 7])
Size of covariance_matrix_prime: torch.Size([1, 7, 7])
cosineSimilarity tensor([[1.0000, 1.0000, 0.9999, 1.0000, 1.0000, 1.0000, 1.0000]],
       grad_fn=<SumBackward1>)
Size of covariance_matrix: torch.Size([1, 7, 7])
Size of covariance_matrix_prime: torch.Size([1, 7, 7])
cosineSimilarity tensor([[1.0000, 1.0000, 0.9998, 0.9998, 0.9999, 0.9999, 0.9999]],
       grad_fn=<SumBackward1>)
Size of covariance_matrix: torch.Size([1, 7, 7])
Size of covariance_matrix_prime: torch.Size([1, 7, 7])
cosineSimilarity tensor([[1.0000, 1.0000, 1.0000, 1.0000, 1.0000, 1.0000, 0.9999]],
       grad_fn=<SumBackward1>)
Size of covariance_matrix: torch.Size([1, 7, 7])
Size of covariance_matrix_prime: torch.Size([1, 7, 7])
cosineSimilarity tensor([[1.0000, 0.9999, 0.9999, 0.9999, 1.0000, 1.0000, 0.9999]],
       grad_fn=<SumBackward1>)
Size of covariance_matrix: torch.Size([1, 7, 7])
Size of covariance_matrix_prime: torch.Size([1, 7, 7])
cosineSimilarity tensor([[0.9999, 1.0000, 1.0000, 0.9999, 0.9999, 1.0000, 0.9999]],
       grad_fn=<SumBackward1>)
Size of covariance_matrix: torch.Size([1, 7, 7])
Size of covariance_matrix_prime: torch.Size([1, 7, 7])
cosineSimilarity tensor([[1.0000, 1.0000, 1.0000, 1.0000, 0.9999, 1.0000, 0.9998]],
       grad_fn=<SumBackward1>)
Size of covariance_matrix: torch.Size([1, 7, 7])
Size of covariance_matrix_prime: torch.Size([1, 7, 7])
cosineSimilarity tensor([[0.9999, 1.0000, 0.9999, 0.9999, 0.9998, 1.0000, 0.9999]],
       grad_fn=<SumBackward1>)
Size of covariance_matrix: torch.Size([1, 7, 7])
Size of covariance_matrix_prime: torch.Size([1, 7, 7])
cosineSimilarity tensor([[1.0000, 1.0000, 1.0000, 1.0000, 1.0000, 1.0000, 1.0000]],
       grad_fn=<SumBackward1>)
Size of covariance_matrix: torch.Size([1, 7, 7])
Size of covariance_matrix_prime: torch.Size([1, 7, 7])
cosineSimilarity tensor([[1.0000, 0.9999, 0.9999, 1.0000, 0.9999, 1.0000, 1.0000]],
       grad_fn=<SumBackward1>)
Size of covariance_matrix: torch.Size([1, 7, 7])
Size of covariance_matrix_prime: torch.Size([1, 7, 7])
cosineSimilarity tensor([[1.0000, 1.0000, 0.9999, 0.9999, 0.9998, 1.0000, 0.9999]],
       grad_fn=<SumBackward1>)
Size of covariance_matrix: torch.Size([1, 7, 7])
Size of covariance_matrix_prime: torch.Size([1, 7, 7])
cosineSimilarity tensor([[1.0000, 1.0000, 1.0000, 1.0000, 1.0000, 1.0000, 1.0000]],
       grad_fn=<SumBackward1>)
Size of covariance_matrix: torch.Size([1, 7, 7])
Size of covariance_matrix_prime: torch.Size([1, 7, 7])
cosineSimilarity tensor([[1.0000, 1.0000, 1.0000, 1.0000, 1.0000, 1.0000, 1.0000]],
       grad_fn=<SumBackward1>)
Size of covariance_matrix: torch.Size([1, 7, 7])
Size of covariance_matrix_prime: torch.Size([1, 7, 7])
cosineSimilarity tensor([[1.0000, 1.0000, 1.0000, 1.0000, 1.0000, 0.9999, 0.9999]],
       grad_fn=<SumBackward1>)
Size of covariance_matrix: torch.Size([1, 7, 7])
Size of covariance_matrix_prime: torch.Size([1, 7, 7])
cosineSimilarity tensor([[1.0000, 1.0000, 1.0000, 1.0000, 0.9998, 1.0000, 1.0000]],
       grad_fn=<SumBackward1>)
Size of covariance_matrix: torch.Size([1, 7, 7])
Size of covariance_matrix_prime: torch.Size([1, 7, 7])
cosineSimilarity tensor([[1.0000, 1.0000, 1.0000, 1.0000, 0.9999, 1.0000, 1.0000]],
       grad_fn=<SumBackward1>)
Size of covariance_matrix: torch.Size([1, 7, 7])
Size of covariance_matrix_prime: torch.Size([1, 7, 7])
cosineSimilarity tensor([[1.0000, 1.0000, 0.9998, 1.0000, 0.9999, 1.0000, 1.0000]],
       grad_fn=<SumBackward1>)
Size of covariance_matrix: torch.Size([1, 7, 7])
Size of covariance_matrix_prime: torch.Size([1, 7, 7])
cosineSimilarity tensor([[1.0000, 1.0000, 1.0000, 1.0000, 1.0000, 1.0000, 1.0000]],
       grad_fn=<SumBackward1>)
Size of covariance_matrix: torch.Size([1, 7, 7])
Size of covariance_matrix_prime: torch.Size([1, 7, 7])
cosineSimilarity tensor([[1.0000, 1.0000, 1.0000, 1.0000, 1.0000, 1.0000, 1.0000]],
       grad_fn=<SumBackward1>)
Size of covariance_matrix: torch.Size([1, 7, 7])
Size of covariance_matrix_prime: torch.Size([1, 7, 7])
cosineSimilarity tensor([[1.0000, 1.0000, 0.9999, 1.0000, 0.9999, 1.0000, 1.0000]],
       grad_fn=<SumBackward1>)
Size of covariance_matrix: torch.Size([1, 7, 7])
Size of covariance_matrix_prime: torch.Size([1, 7, 7])
cosineSimilarity tensor([[1.0000, 1.0000, 1.0000, 1.0000, 1.0000, 1.0000, 1.0000]],
       grad_fn=<SumBackward1>)
Size of covariance_matrix: torch.Size([1, 7, 7])
Size of covariance_matrix_prime: torch.Size([1, 7, 7])
cosineSimilarity tensor([[1.0000, 1.0000, 1.0000, 0.9999, 1.0000, 1.0000, 1.0000]],
       grad_fn=<SumBackward1>)
Size of covariance_matrix: torch.Size([1, 7, 7])
Size of covariance_matrix_prime: torch.Size([1, 7, 7])
cosineSimilarity tensor([[1.0000, 1.0000, 1.0000, 0.9999, 0.9999, 1.0000, 1.0000]],
       grad_fn=<SumBackward1>)
Size of covariance_matrix: torch.Size([1, 7, 7])
Size of covariance_matrix_prime: torch.Size([1, 7, 7])
cosineSimilarity tensor([[1.0000, 1.0000, 1.0000, 1.0000, 1.0000, 1.0000, 1.0000]],
       grad_fn=<SumBackward1>)
Size of covariance_matrix: torch.Size([1, 7, 7])
Size of covariance_matrix_prime: torch.Size([1, 7, 7])
cosineSimilarity tensor([[1.0000, 1.0000, 1.0000, 0.9999, 0.9999, 1.0000, 0.9998]],
       grad_fn=<SumBackward1>)
Size of covariance_matrix: torch.Size([1, 7, 7])
Size of covariance_matrix_prime: torch.Size([1, 7, 7])
cosineSimilarity tensor([[1.0000, 1.0000, 1.0000, 1.0000, 1.0000, 1.0000, 1.0000]],
       grad_fn=<SumBackward1>)
Size of covariance_matrix: torch.Size([1, 7, 7])
Size of covariance_matrix_prime: torch.Size([1, 7, 7])
cosineSimilarity tensor([[1.0000, 1.0000, 1.0000, 1.0000, 0.9999, 1.0000, 1.0000]],
       grad_fn=<SumBackward1>)
Size of covariance_matrix: torch.Size([1, 7, 7])
Size of covariance_matrix_prime: torch.Size([1, 7, 7])
cosineSimilarity tensor([[1.0000, 1.0000, 1.0000, 1.0000, 0.9999, 1.0000, 1.0000]],
       grad_fn=<SumBackward1>)
Size of covariance_matrix: torch.Size([1, 7, 7])
Size of covariance_matrix_prime: torch.Size([1, 7, 7])
cosineSimilarity tensor([[0.9999, 1.0000, 1.0000, 1.0000, 0.9999, 1.0000, 0.9999]],
       grad_fn=<SumBackward1>)
Size of covariance_matrix: torch.Size([1, 7, 7])
Size of covariance_matrix_prime: torch.Size([1, 7, 7])
cosineSimilarity tensor([[0.9998, 0.9999, 1.0000, 0.9998, 0.9995, 0.9999, 0.9999]],
       grad_fn=<SumBackward1>)
Size of covariance_matrix: torch.Size([1, 7, 7])
Size of covariance_matrix_prime: torch.Size([1, 7, 7])
cosineSimilarity tensor([[1.0000, 1.0000, 1.0000, 1.0000, 0.9999, 1.0000, 1.0000]],
       grad_fn=<SumBackward1>)
Size of covariance_matrix: torch.Size([1, 7, 7])
Size of covariance_matrix_prime: torch.Size([1, 7, 7])
cosineSimilarity tensor([[1.0000, 1.0000, 0.9999, 1.0000, 0.9998, 1.0000, 0.9999]],
       grad_fn=<SumBackward1>)
Size of covariance_matrix: torch.Size([1, 7, 7])
Size of covariance_matrix_prime: torch.Size([1, 7, 7])
cosineSimilarity tensor([[1.0000, 1.0000, 0.9999, 0.9999, 1.0000, 1.0000, 1.0000]],
       grad_fn=<SumBackward1>)
Size of covariance_matrix: torch.Size([1, 7, 7])
Size of covariance_matrix_prime: torch.Size([1, 7, 7])
cosineSimilarity tensor([[0.9999, 0.9999, 0.9999, 1.0000, 0.9996, 0.9999, 0.9999]],
       grad_fn=<SumBackward1>)
Size of covariance_matrix: torch.Size([1, 7, 7])
Size of covariance_matrix_prime: torch.Size([1, 7, 7])
cosineSimilarity tensor([[1.0000, 1.0000, 1.0000, 1.0000, 1.0000, 1.0000, 1.0000]],
       grad_fn=<SumBackward1>)
Size of covariance_matrix: torch.Size([1, 7, 7])
Size of covariance_matrix_prime: torch.Size([1, 7, 7])
cosineSimilarity tensor([[1.0000, 1.0000, 1.0000, 1.0000, 1.0000, 1.0000, 1.0000]],
       grad_fn=<SumBackward1>)
Size of covariance_matrix: torch.Size([1, 7, 7])
Size of covariance_matrix_prime: torch.Size([1, 7, 7])
cosineSimilarity tensor([[1.0000, 1.0000, 1.0000, 1.0000, 1.0000, 1.0000, 1.0000]],
       grad_fn=<SumBackward1>)
Size of covariance_matrix: torch.Size([1, 7, 7])
Size of covariance_matrix_prime: torch.Size([1, 7, 7])
cosineSimilarity tensor([[0.9998, 1.0000, 0.9999, 1.0000, 0.9999, 0.9999, 1.0000]],
       grad_fn=<SumBackward1>)
Size of covariance_matrix: torch.Size([1, 7, 7])
Size of covariance_matrix_prime: torch.Size([1, 7, 7])
cosineSimilarity tensor([[1.0000, 0.9999, 0.9999, 1.0000, 0.9996, 0.9999, 1.0000]],
       grad_fn=<SumBackward1>)
Size of covariance_matrix: torch.Size([1, 7, 7])
Size of covariance_matrix_prime: torch.Size([1, 7, 7])
cosineSimilarity tensor([[0.9999, 0.9999, 1.0000, 0.9999, 0.9996, 1.0000, 0.9998]],
       grad_fn=<SumBackward1>)
Size of covariance_matrix: torch.Size([1, 7, 7])
Size of covariance_matrix_prime: torch.Size([1, 7, 7])
cosineSimilarity tensor([[1.0000, 1.0000, 1.0000, 1.0000, 1.0000, 1.0000, 1.0000]],
       grad_fn=<SumBackward1>)
Size of covariance_matrix: torch.Size([1, 7, 7])
Size of covariance_matrix_prime: torch.Size([1, 7, 7])
cosineSimilarity tensor([[1.0000, 1.0000, 1.0000, 1.0000, 0.9999, 1.0000, 1.0000]],
       grad_fn=<SumBackward1>)
Size of covariance_matrix: torch.Size([1, 7, 7])
Size of covariance_matrix_prime: torch.Size([1, 7, 7])
cosineSimilarity tensor([[1.0000, 1.0000, 1.0000, 1.0000, 1.0000, 1.0000, 1.0000]],
       grad_fn=<SumBackward1>)
Size of covariance_matrix: torch.Size([1, 7, 7])
Size of covariance_matrix_prime: torch.Size([1, 7, 7])
cosineSimilarity tensor([[1.0000, 1.0000, 1.0000, 1.0000, 0.9999, 1.0000, 1.0000]],
       grad_fn=<SumBackward1>)
Size of covariance_matrix: torch.Size([1, 7, 7])
Size of covariance_matrix_prime: torch.Size([1, 7, 7])
cosineSimilarity tensor([[1.0000, 1.0000, 0.9999, 1.0000, 1.0000, 1.0000, 1.0000]],
       grad_fn=<SumBackward1>)
Size of covariance_matrix: torch.Size([1, 7, 7])
Size of covariance_matrix_prime: torch.Size([1, 7, 7])
cosineSimilarity tensor([[1.0000, 0.9999, 0.9997, 1.0000, 0.9998, 1.0000, 0.9999]],
       grad_fn=<SumBackward1>)
Size of covariance_matrix: torch.Size([1, 7, 7])
Size of covariance_matrix_prime: torch.Size([1, 7, 7])
cosineSimilarity tensor([[1.0000, 1.0000, 1.0000, 1.0000, 1.0000, 1.0000, 1.0000]],
       grad_fn=<SumBackward1>)
Size of covariance_matrix: torch.Size([1, 7, 7])
Size of covariance_matrix_prime: torch.Size([1, 7, 7])
cosineSimilarity tensor([[1.0000, 1.0000, 1.0000, 1.0000, 0.9999, 1.0000, 1.0000]],
       grad_fn=<SumBackward1>)
Size of covariance_matrix: torch.Size([1, 7, 7])
Size of covariance_matrix_prime: torch.Size([1, 7, 7])
cosineSimilarity tensor([[0.9999, 1.0000, 0.9999, 1.0000, 0.9999, 1.0000, 0.9999]],
       grad_fn=<SumBackward1>)
Size of covariance_matrix: torch.Size([1, 7, 7])
Size of covariance_matrix_prime: torch.Size([1, 7, 7])
cosineSimilarity tensor([[1.0000, 1.0000, 1.0000, 1.0000, 1.0000, 1.0000, 1.0000]],
       grad_fn=<SumBackward1>)
Size of covariance_matrix: torch.Size([1, 7, 7])
Size of covariance_matrix_prime: torch.Size([1, 7, 7])
cosineSimilarity tensor([[1.0000, 1.0000, 1.0000, 1.0000, 1.0000, 1.0000, 1.0000]],
       grad_fn=<SumBackward1>)
Size of covariance_matrix: torch.Size([1, 7, 7])
Size of covariance_matrix_prime: torch.Size([1, 7, 7])
cosineSimilarity tensor([[1.0000, 1.0000, 1.0000, 1.0000, 1.0000, 1.0000, 1.0000]],
       grad_fn=<SumBackward1>)
Size of covariance_matrix: torch.Size([1, 7, 7])
Size of covariance_matrix_prime: torch.Size([1, 7, 7])
cosineSimilarity tensor([[1.0000, 1.0000, 1.0000, 1.0000, 1.0000, 1.0000, 1.0000]],
       grad_fn=<SumBackward1>)
Size of covariance_matrix: torch.Size([1, 7, 7])
Size of covariance_matrix_prime: torch.Size([1, 7, 7])
cosineSimilarity tensor([[1.0000, 1.0000, 1.0000, 1.0000, 1.0000, 1.0000, 1.0000]],
       grad_fn=<SumBackward1>)
Size of covariance_matrix: torch.Size([1, 7, 7])
Size of covariance_matrix_prime: torch.Size([1, 7, 7])
cosineSimilarity tensor([[1.0000, 1.0000, 1.0000, 1.0000, 1.0000, 1.0000, 1.0000]],
       grad_fn=<SumBackward1>)
Size of covariance_matrix: torch.Size([1, 7, 7])
Size of covariance_matrix_prime: torch.Size([1, 7, 7])
cosineSimilarity tensor([[1.0000, 1.0000, 1.0000, 1.0000, 1.0000, 1.0000, 0.9999]],
       grad_fn=<SumBackward1>)
Size of covariance_matrix: torch.Size([1, 7, 7])
Size of covariance_matrix_prime: torch.Size([1, 7, 7])
cosineSimilarity tensor([[1.0000, 0.9999, 0.9999, 1.0000, 0.9999, 1.0000, 1.0000]],
       grad_fn=<SumBackward1>)
Size of covariance_matrix: torch.Size([1, 7, 7])
Size of covariance_matrix_prime: torch.Size([1, 7, 7])
cosineSimilarity tensor([[1.0000, 1.0000, 1.0000, 1.0000, 1.0000, 1.0000, 0.9999]],
       grad_fn=<SumBackward1>)
Size of covariance_matrix: torch.Size([1, 7, 7])
Size of covariance_matrix_prime: torch.Size([1, 7, 7])
cosineSimilarity tensor([[1.0000, 1.0000, 1.0000, 1.0000, 1.0000, 1.0000, 1.0000]],
       grad_fn=<SumBackward1>)
Size of covariance_matrix: torch.Size([1, 7, 7])
Size of covariance_matrix_prime: torch.Size([1, 7, 7])
cosineSimilarity tensor([[1.0000, 1.0000, 1.0000, 1.0000, 1.0000, 1.0000, 1.0000]],
       grad_fn=<SumBackward1>)
Size of covariance_matrix: torch.Size([1, 7, 7])
Size of covariance_matrix_prime: torch.Size([1, 7, 7])
cosineSimilarity tensor([[1.0000, 1.0000, 1.0000, 1.0000, 1.0000, 1.0000, 1.0000]],
       grad_fn=<SumBackward1>)
Size of covariance_matrix: torch.Size([1, 7, 7])
Size of covariance_matrix_prime: torch.Size([1, 7, 7])
cosineSimilarity tensor([[0.9998, 0.9999, 0.9998, 1.0000, 0.9997, 0.9999, 0.9999]],
       grad_fn=<SumBackward1>)
Size of covariance_matrix: torch.Size([1, 7, 7])
Size of covariance_matrix_prime: torch.Size([1, 7, 7])
cosineSimilarity tensor([[0.9999, 0.9996, 0.9999, 0.9999, 0.9997, 0.9999, 0.9996]],
       grad_fn=<SumBackward1>)
Size of covariance_matrix: torch.Size([1, 7, 7])
Size of covariance_matrix_prime: torch.Size([1, 7, 7])
cosineSimilarity tensor([[1.0000, 1.0000, 1.0000, 1.0000, 1.0000, 1.0000, 1.0000]],
       grad_fn=<SumBackward1>)
Size of covariance_matrix: torch.Size([1, 7, 7])
Size of covariance_matrix_prime: torch.Size([1, 7, 7])
cosineSimilarity tensor([[1.0000, 1.0000, 1.0000, 1.0000, 1.0000, 1.0000, 1.0000]],
       grad_fn=<SumBackward1>)
Size of covariance_matrix: torch.Size([1, 7, 7])
Size of covariance_matrix_prime: torch.Size([1, 7, 7])
cosineSimilarity tensor([[0.9999, 1.0000, 0.9998, 1.0000, 0.9995, 1.0000, 0.9998]],
       grad_fn=<SumBackward1>)
Size of covariance_matrix: torch.Size([1, 7, 7])
Size of covariance_matrix_prime: torch.Size([1, 7, 7])
cosineSimilarity tensor([[1.0000, 1.0000, 1.0000, 1.0000, 1.0000, 1.0000, 1.0000]],
       grad_fn=<SumBackward1>)
Size of covariance_matrix: torch.Size([1, 7, 7])
Size of covariance_matrix_prime: torch.Size([1, 7, 7])
cosineSimilarity tensor([[1.0000, 1.0000, 1.0000, 1.0000, 0.9999, 1.0000, 1.0000]],
       grad_fn=<SumBackward1>)
Size of covariance_matrix: torch.Size([1, 7, 7])
Size of covariance_matrix_prime: torch.Size([1, 7, 7])
cosineSimilarity tensor([[1.0000, 1.0000, 1.0000, 1.0000, 1.0000, 1.0000, 1.0000]],
       grad_fn=<SumBackward1>)
Size of covariance_matrix: torch.Size([1, 7, 7])
Size of covariance_matrix_prime: torch.Size([1, 7, 7])
cosineSimilarity tensor([[1.0000, 1.0000, 1.0000, 1.0000, 1.0000, 1.0000, 1.0000]],
       grad_fn=<SumBackward1>)
Size of covariance_matrix: torch.Size([1, 7, 7])
Size of covariance_matrix_prime: torch.Size([1, 7, 7])
cosineSimilarity tensor([[1.0000, 1.0000, 1.0000, 1.0000, 0.9999, 1.0000, 1.0000]],
       grad_fn=<SumBackward1>)
Size of covariance_matrix: torch.Size([1, 7, 7])
Size of covariance_matrix_prime: torch.Size([1, 7, 7])
cosineSimilarity tensor([[1.0000, 1.0000, 0.9999, 1.0000, 0.9999, 1.0000, 1.0000]],
       grad_fn=<SumBackward1>)
Size of covariance_matrix: torch.Size([1, 7, 7])
Size of covariance_matrix_prime: torch.Size([1, 7, 7])
cosineSimilarity tensor([[1.0000, 1.0000, 1.0000, 1.0000, 1.0000, 1.0000, 1.0000]],
       grad_fn=<SumBackward1>)
Size of covariance_matrix: torch.Size([1, 7, 7])
Size of covariance_matrix_prime: torch.Size([1, 7, 7])
cosineSimilarity tensor([[1.0000, 1.0000, 1.0000, 1.0000, 1.0000, 1.0000, 1.0000]],
       grad_fn=<SumBackward1>)
Size of covariance_matrix: torch.Size([1, 7, 7])
Size of covariance_matrix_prime: torch.Size([1, 7, 7])
cosineSimilarity tensor([[1.0000, 1.0000, 0.9999, 1.0000, 0.9999, 1.0000, 0.9999]],
       grad_fn=<SumBackward1>)
Size of covariance_matrix: torch.Size([1, 7, 7])
Size of covariance_matrix_prime: torch.Size([1, 7, 7])
cosineSimilarity tensor([[1.0000, 1.0000, 1.0000, 1.0000, 1.0000, 1.0000, 1.0000]],
       grad_fn=<SumBackward1>)
Size of covariance_matrix: torch.Size([1, 7, 7])
Size of covariance_matrix_prime: torch.Size([1, 7, 7])
cosineSimilarity tensor([[1.0000, 1.0000, 1.0000, 1.0000, 1.0000, 1.0000, 1.0000]],
       grad_fn=<SumBackward1>)
Size of covariance_matrix: torch.Size([1, 7, 7])
Size of covariance_matrix_prime: torch.Size([1, 7, 7])
cosineSimilarity tensor([[0.9999, 1.0000, 0.9999, 1.0000, 1.0000, 1.0000, 1.0000]],
       grad_fn=<SumBackward1>)
Size of covariance_matrix: torch.Size([1, 7, 7])
Size of covariance_matrix_prime: torch.Size([1, 7, 7])
cosineSimilarity tensor([[1.0000, 1.0000, 1.0000, 1.0000, 1.0000, 1.0000, 1.0000]],
       grad_fn=<SumBackward1>)
Size of covariance_matrix: torch.Size([1, 7, 7])
Size of covariance_matrix_prime: torch.Size([1, 7, 7])
cosineSimilarity tensor([[1.0000, 1.0000, 1.0000, 1.0000, 1.0000, 1.0000, 1.0000]],
       grad_fn=<SumBackward1>)
Size of covariance_matrix: torch.Size([1, 7, 7])
Size of covariance_matrix_prime: torch.Size([1, 7, 7])
cosineSimilarity tensor([[1.0000, 0.9999, 0.9999, 1.0000, 1.0000, 1.0000, 1.0000]],
       grad_fn=<SumBackward1>)
Size of covariance_matrix: torch.Size([1, 7, 7])
Size of covariance_matrix_prime: torch.Size([1, 7, 7])
cosineSimilarity tensor([[1.0000, 0.9999, 1.0000, 1.0000, 0.9999, 1.0000, 0.9999]],
       grad_fn=<SumBackward1>)
Size of covariance_matrix: torch.Size([1, 7, 7])
Size of covariance_matrix_prime: torch.Size([1, 7, 7])
cosineSimilarity tensor([[0.9999, 0.9999, 0.9999, 1.0000, 0.9999, 1.0000, 0.9999]],
       grad_fn=<SumBackward1>)
Size of covariance_matrix: torch.Size([1, 7, 7])
Size of covariance_matrix_prime: torch.Size([1, 7, 7])
cosineSimilarity tensor([[1.0000, 1.0000, 0.9999, 1.0000, 1.0000, 1.0000, 1.0000]],
       grad_fn=<SumBackward1>)
Size of covariance_matrix: torch.Size([1, 7, 7])
Size of covariance_matrix_prime: torch.Size([1, 7, 7])
cosineSimilarity tensor([[1.0000, 1.0000, 0.9999, 1.0000, 0.9998, 1.0000, 0.9999]],
       grad_fn=<SumBackward1>)
Size of covariance_matrix: torch.Size([1, 7, 7])
Size of covariance_matrix_prime: torch.Size([1, 7, 7])
cosineSimilarity tensor([[0.9999, 1.0000, 1.0000, 0.9999, 0.9989, 0.9999, 0.9995]],
       grad_fn=<SumBackward1>)
Size of covariance_matrix: torch.Size([1, 7, 7])
Size of covariance_matrix_prime: torch.Size([1, 7, 7])
cosineSimilarity tensor([[1.0000, 1.0000, 1.0000, 1.0000, 1.0000, 1.0000, 1.0000]],
       grad_fn=<SumBackward1>)
Size of covariance_matrix: torch.Size([1, 7, 7])
Size of covariance_matrix_prime: torch.Size([1, 7, 7])
cosineSimilarity tensor([[1.0000, 1.0000, 0.9999, 1.0000, 1.0000, 1.0000, 1.0000]],
       grad_fn=<SumBackward1>)
Size of covariance_matrix: torch.Size([1, 7, 7])
Size of covariance_matrix_prime: torch.Size([1, 7, 7])
cosineSimilarity tensor([[1.0000, 1.0000, 1.0000, 1.0000, 1.0000, 1.0000, 1.0000]],
       grad_fn=<SumBackward1>)
Size of covariance_matrix: torch.Size([1, 7, 7])
Size of covariance_matrix_prime: torch.Size([1, 7, 7])
cosineSimilarity tensor([[0.9999, 0.9999, 1.0000, 1.0000, 0.9999, 0.9999, 0.9999]],
       grad_fn=<SumBackward1>)
Size of covariance_matrix: torch.Size([1, 7, 7])
Size of covariance_matrix_prime: torch.Size([1, 7, 7])
cosineSimilarity tensor([[1.0000, 1.0000, 1.0000, 1.0000, 1.0000, 1.0000, 1.0000]],
       grad_fn=<SumBackward1>)
Size of covariance_matrix: torch.Size([1, 7, 7])
Size of covariance_matrix_prime: torch.Size([1, 7, 7])
cosineSimilarity tensor([[0.9999, 1.0000, 0.9999, 1.0000, 0.9999, 1.0000, 1.0000]],
       grad_fn=<SumBackward1>)
Size of covariance_matrix: torch.Size([1, 7, 7])
Size of covariance_matrix_prime: torch.Size([1, 7, 7])
cosineSimilarity tensor([[1.0000, 1.0000, 0.9998, 1.0000, 1.0000, 1.0000, 1.0000]],
       grad_fn=<SumBackward1>)
Size of covariance_matrix: torch.Size([1, 7, 7])
Size of covariance_matrix_prime: torch.Size([1, 7, 7])
cosineSimilarity tensor([[1.0000, 0.9999, 1.0000, 1.0000, 1.0000, 1.0000, 1.0000]],
       grad_fn=<SumBackward1>)
Size of covariance_matrix: torch.Size([1, 7, 7])
Size of covariance_matrix_prime: torch.Size([1, 7, 7])
cosineSimilarity tensor([[1.0000, 1.0000, 1.0000, 1.0000, 1.0000, 1.0000, 1.0000]],
       grad_fn=<SumBackward1>)
Size of covariance_matrix: torch.Size([1, 7, 7])
Size of covariance_matrix_prime: torch.Size([1, 7, 7])
cosineSimilarity tensor([[1.0000, 1.0000, 1.0000, 1.0000, 0.9999, 1.0000, 1.0000]],
       grad_fn=<SumBackward1>)
Size of covariance_matrix: torch.Size([1, 7, 7])
Size of covariance_matrix_prime: torch.Size([1, 7, 7])
cosineSimilarity tensor([[1.0000, 1.0000, 0.9999, 1.0000, 0.9999, 1.0000, 1.0000]],
       grad_fn=<SumBackward1>)
Size of covariance_matrix: torch.Size([1, 7, 7])
Size of covariance_matrix_prime: torch.Size([1, 7, 7])
cosineSimilarity tensor([[1.0000, 1.0000, 0.9999, 1.0000, 1.0000, 1.0000, 1.0000]],
       grad_fn=<SumBackward1>)
Size of covariance_matrix: torch.Size([1, 7, 7])
Size of covariance_matrix_prime: torch.Size([1, 7, 7])
cosineSimilarity tensor([[0.9999, 0.9999, 0.9999, 0.9999, 0.9997, 0.9999, 1.0000]],
       grad_fn=<SumBackward1>)
Size of covariance_matrix: torch.Size([1, 7, 7])
Size of covariance_matrix_prime: torch.Size([1, 7, 7])
cosineSimilarity tensor([[0.9999, 0.9998, 0.9999, 0.9999, 0.9999, 0.9999, 0.9992]],
       grad_fn=<SumBackward1>)
Size of covariance_matrix: torch.Size([1, 7, 7])
Size of covariance_matrix_prime: torch.Size([1, 7, 7])
cosineSimilarity tensor([[1.0000, 1.0000, 1.0000, 1.0000, 1.0000, 1.0000, 1.0000]],
       grad_fn=<SumBackward1>)
Size of covariance_matrix: torch.Size([1, 7, 7])
Size of covariance_matrix_prime: torch.Size([1, 7, 7])
cosineSimilarity tensor([[1.0000, 1.0000, 1.0000, 1.0000, 0.9999, 1.0000, 1.0000]],
       grad_fn=<SumBackward1>)
Size of covariance_matrix: torch.Size([1, 7, 7])
Size of covariance_matrix_prime: torch.Size([1, 7, 7])
cosineSimilarity tensor([[1.0000, 1.0000, 0.9999, 1.0000, 0.9999, 1.0000, 0.9999]],
       grad_fn=<SumBackward1>)
Size of covariance_matrix: torch.Size([1, 7, 7])
Size of covariance_matrix_prime: torch.Size([1, 7, 7])
cosineSimilarity tensor([[1.0000, 0.9999, 1.0000, 1.0000, 0.9999, 1.0000, 0.9999]],
       grad_fn=<SumBackward1>)
Size of covariance_matrix: torch.Size([1, 7, 7])
Size of covariance_matrix_prime: torch.Size([1, 7, 7])
cosineSimilarity tensor([[1.0000, 1.0000, 1.0000, 1.0000, 0.9999, 1.0000, 1.0000]],
       grad_fn=<SumBackward1>)
Size of covariance_matrix: torch.Size([1, 7, 7])
Size of covariance_matrix_prime: torch.Size([1, 7, 7])
cosineSimilarity tensor([[1.0000, 1.0000, 1.0000, 1.0000, 0.9999, 1.0000, 1.0000]],
       grad_fn=<SumBackward1>)
Size of covariance_matrix: torch.Size([1, 7, 7])
Size of covariance_matrix_prime: torch.Size([1, 7, 7])
cosineSimilarity tensor([[1.0000, 1.0000, 1.0000, 1.0000, 1.0000, 1.0000, 1.0000]],
       grad_fn=<SumBackward1>)
Size of covariance_matrix: torch.Size([1, 7, 7])
Size of covariance_matrix_prime: torch.Size([1, 7, 7])
cosineSimilarity tensor([[1.0000, 1.0000, 1.0000, 1.0000, 0.9999, 1.0000, 1.0000]],
       grad_fn=<SumBackward1>)
Size of covariance_matrix: torch.Size([1, 7, 7])
Size of covariance_matrix_prime: torch.Size([1, 7, 7])
cosineSimilarity tensor([[1.0000, 0.9999, 1.0000, 1.0000, 0.9997, 1.0000, 0.9999]],
       grad_fn=<SumBackward1>)
Size of covariance_matrix: torch.Size([1, 7, 7])
Size of covariance_matrix_prime: torch.Size([1, 7, 7])
cosineSimilarity tensor([[0.9999, 1.0000, 0.9999, 1.0000, 0.9999, 1.0000, 0.9998]],
       grad_fn=<SumBackward1>)
Size of covariance_matrix: torch.Size([1, 7, 7])
Size of covariance_matrix_prime: torch.Size([1, 7, 7])
cosineSimilarity tensor([[1.0000, 1.0000, 1.0000, 1.0000, 1.0000, 1.0000, 1.0000]],
       grad_fn=<SumBackward1>)
Size of covariance_matrix: torch.Size([1, 7, 7])
Size of covariance_matrix_prime: torch.Size([1, 7, 7])
cosineSimilarity tensor([[1.0000, 0.9999, 0.9998, 0.9999, 0.9998, 1.0000, 1.0000]],
       grad_fn=<SumBackward1>)
Size of covariance_matrix: torch.Size([1, 7, 7])
Size of covariance_matrix_prime: torch.Size([1, 7, 7])
cosineSimilarity tensor([[1.0000, 1.0000, 1.0000, 0.9999, 1.0000, 1.0000, 1.0000]],
       grad_fn=<SumBackward1>)
Size of covariance_matrix: torch.Size([1, 7, 7])
Size of covariance_matrix_prime: torch.Size([1, 7, 7])
cosineSimilarity tensor([[1.0000, 1.0000, 1.0000, 1.0000, 1.0000, 1.0000, 1.0000]],
       grad_fn=<SumBackward1>)
Size of covariance_matrix: torch.Size([1, 7, 7])
Size of covariance_matrix_prime: torch.Size([1, 7, 7])
cosineSimilarity tensor([[1.0000, 1.0000, 0.9999, 0.9999, 1.0000, 1.0000, 1.0000]],
       grad_fn=<SumBackward1>)
Size of covariance_matrix: torch.Size([1, 7, 7])
Size of covariance_matrix_prime: torch.Size([1, 7, 7])
cosineSimilarity tensor([[1.0000, 1.0000, 1.0000, 1.0000, 0.9999, 1.0000, 0.9999]],
       grad_fn=<SumBackward1>)
Size of covariance_matrix: torch.Size([1, 7, 7])
Size of covariance_matrix_prime: torch.Size([1, 7, 7])
cosineSimilarity tensor([[1.0000, 1.0000, 1.0000, 1.0000, 1.0000, 1.0000, 1.0000]],
       grad_fn=<SumBackward1>)
Size of covariance_matrix: torch.Size([1, 7, 7])
Size of covariance_matrix_prime: torch.Size([1, 7, 7])
cosineSimilarity tensor([[1.0000, 1.0000, 1.0000, 1.0000, 1.0000, 1.0000, 1.0000]],
       grad_fn=<SumBackward1>)
Size of covariance_matrix: torch.Size([1, 7, 7])
Size of covariance_matrix_prime: torch.Size([1, 7, 7])
cosineSimilarity tensor([[0.9999, 1.0000, 1.0000, 1.0000, 0.9998, 1.0000, 1.0000]],
       grad_fn=<SumBackward1>)
Size of covariance_matrix: torch.Size([1, 7, 7])
Size of covariance_matrix_prime: torch.Size([1, 7, 7])
cosineSimilarity tensor([[1.0000, 1.0000, 0.9999, 1.0000, 1.0000, 1.0000, 1.0000]],
       grad_fn=<SumBackward1>)
Size of covariance_matrix: torch.Size([1, 7, 7])
Size of covariance_matrix_prime: torch.Size([1, 7, 7])
cosineSimilarity tensor([[0.9999, 1.0000, 1.0000, 0.9999, 0.9999, 1.0000, 1.0000]],
       grad_fn=<SumBackward1>)
Size of covariance_matrix: torch.Size([1, 7, 7])
Size of covariance_matrix_prime: torch.Size([1, 7, 7])
cosineSimilarity tensor([[1.0000, 1.0000, 1.0000, 1.0000, 1.0000, 1.0000, 1.0000]],
       grad_fn=<SumBackward1>)
Size of covariance_matrix: torch.Size([1, 7, 7])
Size of covariance_matrix_prime: torch.Size([1, 7, 7])
cosineSimilarity tensor([[1.0000, 1.0000, 1.0000, 1.0000, 0.9999, 1.0000, 1.0000]],
       grad_fn=<SumBackward1>)
Size of covariance_matrix: torch.Size([1, 7, 7])
Size of covariance_matrix_prime: torch.Size([1, 7, 7])
cosineSimilarity tensor([[0.9999, 0.9995, 0.9999, 1.0000, 0.9997, 0.9999, 0.9998]],
       grad_fn=<SumBackward1>)
Size of covariance_matrix: torch.Size([1, 7, 7])
Size of covariance_matrix_prime: torch.Size([1, 7, 7])
cosineSimilarity tensor([[1.0000, 1.0000, 0.9998, 1.0000, 0.9999, 1.0000, 1.0000]],
       grad_fn=<SumBackward1>)
Size of covariance_matrix: torch.Size([1, 7, 7])
Size of covariance_matrix_prime: torch.Size([1, 7, 7])
cosineSimilarity tensor([[1.0000, 0.9999, 0.9999, 1.0000, 0.9999, 1.0000, 1.0000]],
       grad_fn=<SumBackward1>)
Size of covariance_matrix: torch.Size([1, 7, 7])
Size of covariance_matrix_prime: torch.Size([1, 7, 7])
cosineSimilarity tensor([[1.0000, 1.0000, 0.9999, 1.0000, 1.0000, 1.0000, 1.0000]],
       grad_fn=<SumBackward1>)
Size of covariance_matrix: torch.Size([1, 7, 7])
Size of covariance_matrix_prime: torch.Size([1, 7, 7])
cosineSimilarity tensor([[1.0000, 1.0000, 1.0000, 1.0000, 1.0000, 1.0000, 1.0000]],
       grad_fn=<SumBackward1>)
Size of covariance_matrix: torch.Size([1, 7, 7])
Size of covariance_matrix_prime: torch.Size([1, 7, 7])
cosineSimilarity tensor([[0.9999, 1.0000, 1.0000, 1.0000, 1.0000, 1.0000, 1.0000]],
       grad_fn=<SumBackward1>)
Size of covariance_matrix: torch.Size([1, 7, 7])
Size of covariance_matrix_prime: torch.Size([1, 7, 7])
cosineSimilarity tensor([[1.0000, 1.0000, 1.0000, 1.0000, 1.0000, 1.0000, 1.0000]],
       grad_fn=<SumBackward1>)
Size of covariance_matrix: torch.Size([1, 7, 7])
Size of covariance_matrix_prime: torch.Size([1, 7, 7])
cosineSimilarity tensor([[1.0000, 1.0000, 0.9999, 1.0000, 0.9999, 1.0000, 1.0000]],
       grad_fn=<SumBackward1>)
Size of covariance_matrix: torch.Size([1, 7, 7])
Size of covariance_matrix_prime: torch.Size([1, 7, 7])
cosineSimilarity tensor([[1.0000, 1.0000, 1.0000, 1.0000, 1.0000, 1.0000, 1.0000]],
       grad_fn=<SumBackward1>)
Size of covariance_matrix: torch.Size([1, 7, 7])
Size of covariance_matrix_prime: torch.Size([1, 7, 7])
cosineSimilarity tensor([[1.0000, 1.0000, 1.0000, 1.0000, 0.9999, 1.0000, 0.9999]],
       grad_fn=<SumBackward1>)
Size of covariance_matrix: torch.Size([1, 7, 7])
Size of covariance_matrix_prime: torch.Size([1, 7, 7])
cosineSimilarity tensor([[1.0000, 1.0000, 0.9998, 0.9999, 0.9997, 0.9999, 0.9999]],
       grad_fn=<SumBackward1>)
Size of covariance_matrix: torch.Size([1, 7, 7])
Size of covariance_matrix_prime: torch.Size([1, 7, 7])
cosineSimilarity tensor([[1.0000, 0.9999, 1.0000, 1.0000, 0.9998, 1.0000, 0.9999]],
       grad_fn=<SumBackward1>)
Size of covariance_matrix: torch.Size([1, 7, 7])
Size of covariance_matrix_prime: torch.Size([1, 7, 7])
cosineSimilarity tensor([[1.0000, 1.0000, 0.9999, 0.9999, 0.9996, 1.0000, 1.0000]],
       grad_fn=<SumBackward1>)
Size of covariance_matrix: torch.Size([1, 7, 7])
Size of covariance_matrix_prime: torch.Size([1, 7, 7])
cosineSimilarity tensor([[1.0000, 1.0000, 1.0000, 1.0000, 1.0000, 1.0000, 0.9999]],
       grad_fn=<SumBackward1>)
Size of covariance_matrix: torch.Size([1, 7, 7])
Size of covariance_matrix_prime: torch.Size([1, 7, 7])
cosineSimilarity tensor([[1.0000, 1.0000, 1.0000, 1.0000, 1.0000, 1.0000, 0.9999]],
       grad_fn=<SumBackward1>)
Size of covariance_matrix: torch.Size([1, 7, 7])
Size of covariance_matrix_prime: torch.Size([1, 7, 7])
cosineSimilarity tensor([[1.0000, 1.0000, 1.0000, 1.0000, 1.0000, 1.0000, 1.0000]],
       grad_fn=<SumBackward1>)
Size of covariance_matrix: torch.Size([1, 7, 7])
Size of covariance_matrix_prime: torch.Size([1, 7, 7])
cosineSimilarity tensor([[1.0000, 0.9998, 0.9999, 0.9999, 0.9999, 1.0000, 1.0000]],
       grad_fn=<SumBackward1>)
Size of covariance_matrix: torch.Size([1, 7, 7])
Size of covariance_matrix_prime: torch.Size([1, 7, 7])
cosineSimilarity tensor([[1.0000, 1.0000, 1.0000, 1.0000, 1.0000, 1.0000, 1.0000]],
       grad_fn=<SumBackward1>)
Size of covariance_matrix: torch.Size([1, 7, 7])
Size of covariance_matrix_prime: torch.Size([1, 7, 7])
cosineSimilarity tensor([[0.9998, 1.0000, 1.0000, 1.0000, 0.9999, 0.9999, 0.9999]],
       grad_fn=<SumBackward1>)
Size of covariance_matrix: torch.Size([1, 7, 7])
Size of covariance_matrix_prime: torch.Size([1, 7, 7])
cosineSimilarity tensor([[0.9999, 0.9999, 1.0000, 0.9999, 0.9998, 1.0000, 0.9999]],
       grad_fn=<SumBackward1>)
Size of covariance_matrix: torch.Size([1, 7, 7])
Size of covariance_matrix_prime: torch.Size([1, 7, 7])
cosineSimilarity tensor([[1.0000, 1.0000, 1.0000, 1.0000, 1.0000, 1.0000, 1.0000]],
       grad_fn=<SumBackward1>)
Size of covariance_matrix: torch.Size([1, 7, 7])
Size of covariance_matrix_prime: torch.Size([1, 7, 7])
cosineSimilarity tensor([[1.0000, 1.0000, 1.0000, 1.0000, 1.0000, 1.0000, 1.0000]],
       grad_fn=<SumBackward1>)
Size of covariance_matrix: torch.Size([1, 7, 7])
Size of covariance_matrix_prime: torch.Size([1, 7, 7])
cosineSimilarity tensor([[1.0000, 1.0000, 1.0000, 1.0000, 1.0000, 1.0000, 1.0000]],
       grad_fn=<SumBackward1>)
Size of covariance_matrix: torch.Size([1, 7, 7])
Size of covariance_matrix_prime: torch.Size([1, 7, 7])
cosineSimilarity tensor([[1.0000, 1.0000, 1.0000, 1.0000, 1.0000, 1.0000, 1.0000]],
       grad_fn=<SumBackward1>)
Size of covariance_matrix: torch.Size([1, 7, 7])
Size of covariance_matrix_prime: torch.Size([1, 7, 7])
cosineSimilarity tensor([[1.0000, 1.0000, 1.0000, 0.9999, 0.9999, 0.9999, 0.9999]],
       grad_fn=<SumBackward1>)
Size of covariance_matrix: torch.Size([1, 7, 7])
Size of covariance_matrix_prime: torch.Size([1, 7, 7])
cosineSimilarity tensor([[0.9999, 1.0000, 1.0000, 1.0000, 1.0000, 1.0000, 1.0000]],
       grad_fn=<SumBackward1>)
Size of covariance_matrix: torch.Size([1, 7, 7])
Size of covariance_matrix_prime: torch.Size([1, 7, 7])
cosineSimilarity tensor([[1.0000, 0.9999, 0.9998, 1.0000, 0.9998, 0.9999, 1.0000]],
       grad_fn=<SumBackward1>)
Size of covariance_matrix: torch.Size([1, 7, 7])
Size of covariance_matrix_prime: torch.Size([1, 7, 7])
cosineSimilarity tensor([[1.0000, 0.9999, 0.9999, 0.9999, 0.9996, 1.0000, 0.9999]],
       grad_fn=<SumBackward1>)
Size of covariance_matrix: torch.Size([1, 7, 7])
Size of covariance_matrix_prime: torch.Size([1, 7, 7])
cosineSimilarity tensor([[1.0000, 1.0000, 1.0000, 1.0000, 1.0000, 1.0000, 1.0000]],
       grad_fn=<SumBackward1>)
Size of covariance_matrix: torch.Size([1, 7, 7])
Size of covariance_matrix_prime: torch.Size([1, 7, 7])
cosineSimilarity tensor([[0.9999, 1.0000, 0.9999, 1.0000, 0.9999, 0.9999, 0.9998]],
       grad_fn=<SumBackward1>)
Size of covariance_matrix: torch.Size([1, 7, 7])
Size of covariance_matrix_prime: torch.Size([1, 7, 7])
cosineSimilarity tensor([[0.9998, 1.0000, 0.9999, 0.9999, 0.9998, 0.9999, 0.9999]],
       grad_fn=<SumBackward1>)
Size of covariance_matrix: torch.Size([1, 7, 7])
Size of covariance_matrix_prime: torch.Size([1, 7, 7])
cosineSimilarity tensor([[1.0000, 0.9999, 0.9999, 1.0000, 0.9999, 1.0000, 1.0000]],
       grad_fn=<SumBackward1>)
Size of covariance_matrix: torch.Size([1, 7, 7])
Size of covariance_matrix_prime: torch.Size([1, 7, 7])
cosineSimilarity tensor([[1.0000, 0.9999, 1.0000, 1.0000, 1.0000, 1.0000, 0.9999]],
       grad_fn=<SumBackward1>)
Size of covariance_matrix: torch.Size([1, 7, 7])
Size of covariance_matrix_prime: torch.Size([1, 7, 7])
cosineSimilarity tensor([[1.0000, 1.0000, 0.9998, 1.0000, 1.0000, 1.0000, 1.0000]],
       grad_fn=<SumBackward1>)
Size of covariance_matrix: torch.Size([1, 7, 7])
Size of covariance_matrix_prime: torch.Size([1, 7, 7])
cosineSimilarity tensor([[1.0000, 1.0000, 0.9999, 1.0000, 1.0000, 1.0000, 0.9999]],
       grad_fn=<SumBackward1>)
Size of covariance_matrix: torch.Size([1, 7, 7])
Size of covariance_matrix_prime: torch.Size([1, 7, 7])
cosineSimilarity tensor([[1.0000, 1.0000, 1.0000, 1.0000, 1.0000, 1.0000, 1.0000]],
       grad_fn=<SumBackward1>)
Size of covariance_matrix: torch.Size([1, 7, 7])
Size of covariance_matrix_prime: torch.Size([1, 7, 7])
cosineSimilarity tensor([[1.0000, 1.0000, 0.9998, 0.9999, 0.9999, 1.0000, 0.9997]],
       grad_fn=<SumBackward1>)
Size of covariance_matrix: torch.Size([1, 7, 7])
Size of covariance_matrix_prime: torch.Size([1, 7, 7])
cosineSimilarity tensor([[1.0000, 0.9999, 1.0000, 1.0000, 1.0000, 1.0000, 1.0000]],
       grad_fn=<SumBackward1>)
Size of covariance_matrix: torch.Size([1, 7, 7])
Size of covariance_matrix_prime: torch.Size([1, 7, 7])
cosineSimilarity tensor([[1.0000, 0.9999, 0.9997, 0.9999, 0.9992, 0.9997, 0.9999]],
       grad_fn=<SumBackward1>)
Size of covariance_matrix: torch.Size([1, 7, 7])
Size of covariance_matrix_prime: torch.Size([1, 7, 7])
cosineSimilarity tensor([[0.9999, 0.9999, 1.0000, 0.9998, 0.9998, 0.9999, 0.9999]],
       grad_fn=<SumBackward1>)
Size of covariance_matrix: torch.Size([1, 7, 7])
Size of covariance_matrix_prime: torch.Size([1, 7, 7])
cosineSimilarity tensor([[1.0000, 1.0000, 1.0000, 1.0000, 1.0000, 1.0000, 1.0000]],
       grad_fn=<SumBackward1>)
Size of covariance_matrix: torch.Size([1, 7, 7])
Size of covariance_matrix_prime: torch.Size([1, 7, 7])
cosineSimilarity tensor([[1.0000, 0.9999, 1.0000, 0.9999, 0.9995, 1.0000, 0.9999]],
       grad_fn=<SumBackward1>)
Size of covariance_matrix: torch.Size([1, 7, 7])
Size of covariance_matrix_prime: torch.Size([1, 7, 7])
cosineSimilarity tensor([[0.9999, 0.9999, 0.9999, 1.0000, 0.9999, 1.0000, 0.9999]],
       grad_fn=<SumBackward1>)
Size of covariance_matrix: torch.Size([1, 7, 7])
Size of covariance_matrix_prime: torch.Size([1, 7, 7])
cosineSimilarity tensor([[1.0000, 1.0000, 0.9999, 1.0000, 1.0000, 0.9999, 0.9999]],
       grad_fn=<SumBackward1>)
Size of covariance_matrix: torch.Size([1, 7, 7])
Size of covariance_matrix_prime: torch.Size([1, 7, 7])
cosineSimilarity tensor([[1.0000, 1.0000, 1.0000, 1.0000, 1.0000, 1.0000, 1.0000]],
       grad_fn=<SumBackward1>)
Size of covariance_matrix: torch.Size([1, 7, 7])
Size of covariance_matrix_prime: torch.Size([1, 7, 7])
cosineSimilarity tensor([[0.9999, 1.0000, 1.0000, 1.0000, 1.0000, 1.0000, 1.0000]],
       grad_fn=<SumBackward1>)
Size of covariance_matrix: torch.Size([1, 7, 7])
Size of covariance_matrix_prime: torch.Size([1, 7, 7])
cosineSimilarity tensor([[1.0000, 1.0000, 1.0000, 1.0000, 1.0000, 1.0000, 1.0000]],
       grad_fn=<SumBackward1>)
Size of covariance_matrix: torch.Size([1, 7, 7])
Size of covariance_matrix_prime: torch.Size([1, 7, 7])
cosineSimilarity tensor([[1.0000, 1.0000, 1.0000, 1.0000, 1.0000, 1.0000, 1.0000]],
       grad_fn=<SumBackward1>)
Size of covariance_matrix: torch.Size([1, 7, 7])
Size of covariance_matrix_prime: torch.Size([1, 7, 7])
cosineSimilarity tensor([[0.9999, 0.9998, 1.0000, 0.9998, 1.0000, 0.9999, 0.9997]],
       grad_fn=<SumBackward1>)
Size of covariance_matrix: torch.Size([1, 7, 7])
Size of covariance_matrix_prime: torch.Size([1, 7, 7])
cosineSimilarity tensor([[1.0000, 0.9999, 0.9999, 1.0000, 0.9999, 1.0000, 0.9999]],
       grad_fn=<SumBackward1>)
Size of covariance_matrix: torch.Size([1, 7, 7])
Size of covariance_matrix_prime: torch.Size([1, 7, 7])
cosineSimilarity tensor([[1.0000, 1.0000, 1.0000, 1.0000, 1.0000, 1.0000, 1.0000]],
       grad_fn=<SumBackward1>)
Size of covariance_matrix: torch.Size([1, 7, 7])
Size of covariance_matrix_prime: torch.Size([1, 7, 7])
cosineSimilarity tensor([[1.0000, 1.0000, 1.0000, 1.0000, 1.0000, 1.0000, 1.0000]],
       grad_fn=<SumBackward1>)
Size of covariance_matrix: torch.Size([1, 7, 7])
Size of covariance_matrix_prime: torch.Size([1, 7, 7])
cosineSimilarity tensor([[0.9999, 1.0000, 0.9997, 1.0000, 0.9999, 1.0000, 1.0000]],
       grad_fn=<SumBackward1>)
Size of covariance_matrix: torch.Size([1, 7, 7])
Size of covariance_matrix_prime: torch.Size([1, 7, 7])
cosineSimilarity tensor([[1.0000, 0.9999, 0.9999, 1.0000, 0.9997, 1.0000, 1.0000]],
       grad_fn=<SumBackward1>)
Size of covariance_matrix: torch.Size([1, 7, 7])
Size of covariance_matrix_prime: torch.Size([1, 7, 7])
cosineSimilarity tensor([[1.0000, 1.0000, 1.0000, 1.0000, 1.0000, 1.0000, 1.0000]],
       grad_fn=<SumBackward1>)
Size of covariance_matrix: torch.Size([1, 7, 7])
Size of covariance_matrix_prime: torch.Size([1, 7, 7])
cosineSimilarity tensor([[1.0000, 1.0000, 0.9998, 0.9999, 0.9997, 0.9998, 1.0000]],
       grad_fn=<SumBackward1>)
Size of covariance_matrix: torch.Size([1, 7, 7])
Size of covariance_matrix_prime: torch.Size([1, 7, 7])
cosineSimilarity tensor([[1.0000, 1.0000, 1.0000, 1.0000, 1.0000, 1.0000, 1.0000]],
       grad_fn=<SumBackward1>)
Size of covariance_matrix: torch.Size([1, 7, 7])
Size of covariance_matrix_prime: torch.Size([1, 7, 7])
cosineSimilarity tensor([[1.0000, 1.0000, 1.0000, 1.0000, 1.0000, 1.0000, 1.0000]],
       grad_fn=<SumBackward1>)
Size of covariance_matrix: torch.Size([1, 7, 7])
Size of covariance_matrix_prime: torch.Size([1, 7, 7])
cosineSimilarity tensor([[0.9996, 1.0000, 0.9999, 1.0000, 0.9996, 0.9999, 0.9999]],
       grad_fn=<SumBackward1>)
Size of covariance_matrix: torch.Size([1, 7, 7])
Size of covariance_matrix_prime: torch.Size([1, 7, 7])
cosineSimilarity tensor([[1.0000, 1.0000, 1.0000, 1.0000, 1.0000, 1.0000, 1.0000]],
       grad_fn=<SumBackward1>)
Size of covariance_matrix: torch.Size([1, 7, 7])
Size of covariance_matrix_prime: torch.Size([1, 7, 7])
cosineSimilarity tensor([[1.0000, 0.9999, 0.9999, 1.0000, 0.9999, 1.0000, 0.9999]],
       grad_fn=<SumBackward1>)
Size of covariance_matrix: torch.Size([1, 7, 7])
Size of covariance_matrix_prime: torch.Size([1, 7, 7])
cosineSimilarity tensor([[1.0000, 1.0000, 0.9999, 0.9999, 0.9999, 1.0000, 0.9999]],
       grad_fn=<SumBackward1>)
Size of covariance_matrix: torch.Size([1, 7, 7])
Size of covariance_matrix_prime: torch.Size([1, 7, 7])
cosineSimilarity tensor([[1.0000, 1.0000, 1.0000, 1.0000, 1.0000, 1.0000, 1.0000]],
       grad_fn=<SumBackward1>)
Size of covariance_matrix: torch.Size([1, 7, 7])
Size of covariance_matrix_prime: torch.Size([1, 7, 7])
cosineSimilarity tensor([[1.0000, 0.9999, 0.9999, 1.0000, 0.9999, 1.0000, 0.9999]],
       grad_fn=<SumBackward1>)
Size of covariance_matrix: torch.Size([1, 7, 7])
Size of covariance_matrix_prime: torch.Size([1, 7, 7])
cosineSimilarity tensor([[1.0000, 1.0000, 0.9999, 1.0000, 0.9996, 1.0000, 0.9999]],
       grad_fn=<SumBackward1>)
Size of covariance_matrix: torch.Size([1, 7, 7])
Size of covariance_matrix_prime: torch.Size([1, 7, 7])
cosineSimilarity tensor([[1.0000, 1.0000, 1.0000, 1.0000, 1.0000, 1.0000, 1.0000]],
       grad_fn=<SumBackward1>)
Size of covariance_matrix: torch.Size([1, 7, 7])
Size of covariance_matrix_prime: torch.Size([1, 7, 7])
cosineSimilarity tensor([[0.9999, 0.9999, 0.9999, 1.0000, 0.9999, 0.9998, 0.9999]],
       grad_fn=<SumBackward1>)
Size of covariance_matrix: torch.Size([1, 7, 7])
Size of covariance_matrix_prime: torch.Size([1, 7, 7])
cosineSimilarity tensor([[1.0000, 0.9999, 1.0000, 1.0000, 0.9999, 1.0000, 0.9999]],
       grad_fn=<SumBackward1>)
Size of covariance_matrix: torch.Size([1, 7, 7])
Size of covariance_matrix_prime: torch.Size([1, 7, 7])
cosineSimilarity tensor([[0.9998, 1.0000, 0.9999, 1.0000, 0.9999, 0.9998, 0.9999]],
       grad_fn=<SumBackward1>)
Size of covariance_matrix: torch.Size([1, 7, 7])
Size of covariance_matrix_prime: torch.Size([1, 7, 7])
cosineSimilarity tensor([[1.0000, 0.9999, 1.0000, 0.9999, 0.9999, 1.0000, 0.9999]],
       grad_fn=<SumBackward1>)
Size of covariance_matrix: torch.Size([1, 7, 7])
Size of covariance_matrix_prime: torch.Size([1, 7, 7])
cosineSimilarity tensor([[1.0000, 0.9999, 0.9999, 1.0000, 0.9999, 1.0000, 0.9999]],
       grad_fn=<SumBackward1>)
Size of covariance_matrix: torch.Size([1, 7, 7])
Size of covariance_matrix_prime: torch.Size([1, 7, 7])
cosineSimilarity tensor([[1.0000, 1.0000, 1.0000, 1.0000, 1.0000, 1.0000, 0.9998]],
       grad_fn=<SumBackward1>)
Size of covariance_matrix: torch.Size([1, 7, 7])
Size of covariance_matrix_prime: torch.Size([1, 7, 7])
cosineSimilarity tensor([[1.0000, 0.9999, 1.0000, 0.9999, 1.0000, 1.0000, 1.0000]],
       grad_fn=<SumBackward1>)
Size of covariance_matrix: torch.Size([1, 7, 7])
Size of covariance_matrix_prime: torch.Size([1, 7, 7])
cosineSimilarity tensor([[1.0000, 1.0000, 1.0000, 1.0000, 0.9999, 1.0000, 0.9999]],
       grad_fn=<SumBackward1>)
Size of covariance_matrix: torch.Size([1, 7, 7])
Size of covariance_matrix_prime: torch.Size([1, 7, 7])
cosineSimilarity tensor([[1.0000, 1.0000, 1.0000, 1.0000, 1.0000, 1.0000, 1.0000]],
       grad_fn=<SumBackward1>)
Size of covariance_matrix: torch.Size([1, 7, 7])
Size of covariance_matrix_prime: torch.Size([1, 7, 7])
cosineSimilarity tensor([[1.0000, 0.9998, 0.9994, 0.9998, 0.9994, 0.9999, 0.9998]],
       grad_fn=<SumBackward1>)
Size of covariance_matrix: torch.Size([1, 7, 7])
Size of covariance_matrix_prime: torch.Size([1, 7, 7])
cosineSimilarity tensor([[1.0000, 1.0000, 0.9999, 0.9999, 0.9992, 1.0000, 0.9999]],
       grad_fn=<SumBackward1>)
Size of covariance_matrix: torch.Size([1, 7, 7])
Size of covariance_matrix_prime: torch.Size([1, 7, 7])
cosineSimilarity tensor([[1.0000, 1.0000, 1.0000, 1.0000, 1.0000, 1.0000, 1.0000]],
       grad_fn=<SumBackward1>)
Size of covariance_matrix: torch.Size([1, 7, 7])
Size of covariance_matrix_prime: torch.Size([1, 7, 7])
cosineSimilarity tensor([[0.9999, 1.0000, 0.9998, 1.0000, 0.9999, 0.9999, 1.0000]],
       grad_fn=<SumBackward1>)
Size of covariance_matrix: torch.Size([1, 7, 7])
Size of covariance_matrix_prime: torch.Size([1, 7, 7])
cosineSimilarity tensor([[1.0000, 1.0000, 1.0000, 1.0000, 1.0000, 1.0000, 1.0000]],
       grad_fn=<SumBackward1>)
Size of covariance_matrix: torch.Size([1, 7, 7])
Size of covariance_matrix_prime: torch.Size([1, 7, 7])
cosineSimilarity tensor([[1.0000, 1.0000, 1.0000, 1.0000, 1.0000, 1.0000, 1.0000]],
       grad_fn=<SumBackward1>)
Size of covariance_matrix: torch.Size([1, 7, 7])
Size of covariance_matrix_prime: torch.Size([1, 7, 7])
cosineSimilarity tensor([[1.0000, 1.0000, 1.0000, 1.0000, 1.0000, 1.0000, 1.0000]],
       grad_fn=<SumBackward1>)
Size of covariance_matrix: torch.Size([1, 7, 7])
Size of covariance_matrix_prime: torch.Size([1, 7, 7])
cosineSimilarity tensor([[0.9999, 1.0000, 1.0000, 1.0000, 1.0000, 0.9999, 0.9999]],
       grad_fn=<SumBackward1>)
Size of covariance_matrix: torch.Size([1, 7, 7])
Size of covariance_matrix_prime: torch.Size([1, 7, 7])
cosineSimilarity tensor([[1.0000, 1.0000, 1.0000, 1.0000, 1.0000, 1.0000, 1.0000]],
       grad_fn=<SumBackward1>)
Size of covariance_matrix: torch.Size([1, 7, 7])
Size of covariance_matrix_prime: torch.Size([1, 7, 7])
cosineSimilarity tensor([[1.0000, 1.0000, 1.0000, 1.0000, 0.9998, 1.0000, 1.0000]],
       grad_fn=<SumBackward1>)
Size of covariance_matrix: torch.Size([1, 7, 7])
Size of covariance_matrix_prime: torch.Size([1, 7, 7])
cosineSimilarity tensor([[0.9999, 0.9999, 0.9996, 0.9999, 0.9998, 0.9999, 0.9998]],
       grad_fn=<SumBackward1>)
Size of covariance_matrix: torch.Size([1, 7, 7])
Size of covariance_matrix_prime: torch.Size([1, 7, 7])
cosineSimilarity tensor([[1.0000, 1.0000, 1.0000, 1.0000, 0.9999, 1.0000, 0.9999]],
       grad_fn=<SumBackward1>)
Size of covariance_matrix: torch.Size([1, 7, 7])
Size of covariance_matrix_prime: torch.Size([1, 7, 7])
cosineSimilarity tensor([[1.0000, 1.0000, 1.0000, 1.0000, 1.0000, 1.0000, 1.0000]],
       grad_fn=<SumBackward1>)
Size of covariance_matrix: torch.Size([1, 7, 7])
Size of covariance_matrix_prime: torch.Size([1, 7, 7])
cosineSimilarity tensor([[1.0000, 1.0000, 1.0000, 1.0000, 1.0000, 1.0000, 1.0000]],
       grad_fn=<SumBackward1>)
Size of covariance_matrix: torch.Size([1, 7, 7])
Size of covariance_matrix_prime: torch.Size([1, 7, 7])
cosineSimilarity tensor([[1.0000, 1.0000, 1.0000, 1.0000, 1.0000, 1.0000, 1.0000]],
       grad_fn=<SumBackward1>)
Size of covariance_matrix: torch.Size([1, 7, 7])
Size of covariance_matrix_prime: torch.Size([1, 7, 7])
cosineSimilarity tensor([[0.9999, 0.9998, 0.9999, 0.9995, 0.9998, 1.0000, 0.9999]],
       grad_fn=<SumBackward1>)
Size of covariance_matrix: torch.Size([1, 7, 7])
Size of covariance_matrix_prime: torch.Size([1, 7, 7])
cosineSimilarity tensor([[1.0000, 1.0000, 1.0000, 1.0000, 1.0000, 1.0000, 1.0000]],
       grad_fn=<SumBackward1>)
Size of covariance_matrix: torch.Size([1, 7, 7])
Size of covariance_matrix_prime: torch.Size([1, 7, 7])
cosineSimilarity tensor([[1.0000, 0.9999, 0.9999, 1.0000, 1.0000, 1.0000, 1.0000]],
       grad_fn=<SumBackward1>)
Size of covariance_matrix: torch.Size([1, 7, 7])
Size of covariance_matrix_prime: torch.Size([1, 7, 7])
cosineSimilarity tensor([[1.0000, 0.9999, 0.9999, 1.0000, 0.9999, 1.0000, 1.0000]],
       grad_fn=<SumBackward1>)
Size of covariance_matrix: torch.Size([1, 7, 7])
Size of covariance_matrix_prime: torch.Size([1, 7, 7])
cosineSimilarity tensor([[1.0000, 0.9999, 0.9999, 1.0000, 1.0000, 1.0000, 1.0000]],
       grad_fn=<SumBackward1>)
Size of covariance_matrix: torch.Size([1, 7, 7])
Size of covariance_matrix_prime: torch.Size([1, 7, 7])
cosineSimilarity tensor([[1.0000, 1.0000, 1.0000, 1.0000, 1.0000, 1.0000, 1.0000]],
       grad_fn=<SumBackward1>)
Size of covariance_matrix: torch.Size([1, 7, 7])
Size of covariance_matrix_prime: torch.Size([1, 7, 7])
cosineSimilarity tensor([[0.9999, 0.9999, 0.9999, 0.9999, 0.9996, 1.0000, 0.9997]],
       grad_fn=<SumBackward1>)
Size of covariance_matrix: torch.Size([1, 7, 7])
Size of covariance_matrix_prime: torch.Size([1, 7, 7])
cosineSimilarity tensor([[1.0000, 1.0000, 1.0000, 1.0000, 1.0000, 1.0000, 1.0000]],
       grad_fn=<SumBackward1>)
Size of covariance_matrix: torch.Size([1, 7, 7])
Size of covariance_matrix_prime: torch.Size([1, 7, 7])
cosineSimilarity tensor([[1.0000, 1.0000, 1.0000, 0.9999, 1.0000, 1.0000, 1.0000]],
       grad_fn=<SumBackward1>)
Size of covariance_matrix: torch.Size([1, 7, 7])
Size of covariance_matrix_prime: torch.Size([1, 7, 7])
cosineSimilarity tensor([[0.9999, 0.9999, 0.9999, 1.0000, 0.9990, 0.9999, 0.9998]],
       grad_fn=<SumBackward1>)
Size of covariance_matrix: torch.Size([1, 7, 7])
Size of covariance_matrix_prime: torch.Size([1, 7, 7])
cosineSimilarity tensor([[1.0000, 1.0000, 1.0000, 1.0000, 1.0000, 1.0000, 1.0000]],
       grad_fn=<SumBackward1>)
Size of covariance_matrix: torch.Size([1, 7, 7])
Size of covariance_matrix_prime: torch.Size([1, 7, 7])
cosineSimilarity tensor([[0.9999, 1.0000, 1.0000, 1.0000, 1.0000, 1.0000, 1.0000]],
       grad_fn=<SumBackward1>)
Size of covariance_matrix: torch.Size([1, 7, 7])
Size of covariance_matrix_prime: torch.Size([1, 7, 7])
cosineSimilarity tensor([[1.0000, 1.0000, 1.0000, 1.0000, 1.0000, 1.0000, 1.0000]],
       grad_fn=<SumBackward1>)
Size of covariance_matrix: torch.Size([1, 7, 7])
Size of covariance_matrix_prime: torch.Size([1, 7, 7])
cosineSimilarity tensor([[1.0000, 1.0000, 1.0000, 1.0000, 1.0000, 1.0000, 1.0000]],
       grad_fn=<SumBackward1>)
Size of covariance_matrix: torch.Size([1, 7, 7])
Size of covariance_matrix_prime: torch.Size([1, 7, 7])
cosineSimilarity tensor([[1.0000, 1.0000, 1.0000, 1.0000, 1.0000, 1.0000, 1.0000]],
       grad_fn=<SumBackward1>)
Size of covariance_matrix: torch.Size([1, 7, 7])
Size of covariance_matrix_prime: torch.Size([1, 7, 7])
cosineSimilarity tensor([[0.9999, 1.0000, 1.0000, 1.0000, 1.0000, 1.0000, 1.0000]],
       grad_fn=<SumBackward1>)
Size of covariance_matrix: torch.Size([1, 7, 7])
Size of covariance_matrix_prime: torch.Size([1, 7, 7])
cosineSimilarity tensor([[0.9999, 1.0000, 1.0000, 1.0000, 1.0000, 1.0000, 0.9999]],
       grad_fn=<SumBackward1>)
Size of covariance_matrix: torch.Size([1, 7, 7])
Size of covariance_matrix_prime: torch.Size([1, 7, 7])
cosineSimilarity tensor([[0.9998, 1.0000, 1.0000, 1.0000, 0.9998, 0.9999, 0.9999]],
       grad_fn=<SumBackward1>)
Size of covariance_matrix: torch.Size([1, 7, 7])
Size of covariance_matrix_prime: torch.Size([1, 7, 7])
cosineSimilarity tensor([[1.0000, 1.0000, 1.0000, 1.0000, 1.0000, 1.0000, 1.0000]],
       grad_fn=<SumBackward1>)
Size of covariance_matrix: torch.Size([1, 7, 7])
Size of covariance_matrix_prime: torch.Size([1, 7, 7])
cosineSimilarity tensor([[1.0000, 1.0000, 1.0000, 1.0000, 1.0000, 1.0000, 1.0000]],
       grad_fn=<SumBackward1>)
Size of covariance_matrix: torch.Size([1, 7, 7])
Size of covariance_matrix_prime: torch.Size([1, 7, 7])
cosineSimilarity tensor([[1.0000, 1.0000, 1.0000, 1.0000, 0.9999, 1.0000, 1.0000]],
       grad_fn=<SumBackward1>)
Size of covariance_matrix: torch.Size([1, 7, 7])
Size of covariance_matrix_prime: torch.Size([1, 7, 7])
cosineSimilarity tensor([[1.0000, 0.9998, 0.9999, 0.9999, 0.9999, 0.9999, 0.9999]],
       grad_fn=<SumBackward1>)
Size of covariance_matrix: torch.Size([1, 7, 7])
Size of covariance_matrix_prime: torch.Size([1, 7, 7])
cosineSimilarity tensor([[1.0000, 1.0000, 1.0000, 1.0000, 1.0000, 1.0000, 1.0000]],
       grad_fn=<SumBackward1>)
Size of covariance_matrix: torch.Size([1, 7, 7])
Size of covariance_matrix_prime: torch.Size([1, 7, 7])
cosineSimilarity tensor([[0.9998, 0.9999, 1.0000, 0.9998, 0.9998, 0.9999, 0.9999]],
       grad_fn=<SumBackward1>)
Size of covariance_matrix: torch.Size([1, 7, 7])
Size of covariance_matrix_prime: torch.Size([1, 7, 7])
cosineSimilarity tensor([[1.0000, 0.9999, 1.0000, 1.0000, 1.0000, 1.0000, 1.0000]],
       grad_fn=<SumBackward1>)
Size of covariance_matrix: torch.Size([1, 7, 7])
Size of covariance_matrix_prime: torch.Size([1, 7, 7])
cosineSimilarity tensor([[1.0000, 1.0000, 1.0000, 1.0000, 1.0000, 1.0000, 1.0000]],
       grad_fn=<SumBackward1>)
Size of covariance_matrix: torch.Size([1, 7, 7])
Size of covariance_matrix_prime: torch.Size([1, 7, 7])
cosineSimilarity tensor([[1.0000, 1.0000, 0.9999, 1.0000, 0.9999, 1.0000, 1.0000]],
       grad_fn=<SumBackward1>)
Size of covariance_matrix: torch.Size([1, 7, 7])
Size of covariance_matrix_prime: torch.Size([1, 7, 7])
cosineSimilarity tensor([[1.0000, 1.0000, 1.0000, 1.0000, 1.0000, 1.0000, 1.0000]],
       grad_fn=<SumBackward1>)
Size of covariance_matrix: torch.Size([1, 7, 7])
Size of covariance_matrix_prime: torch.Size([1, 7, 7])
cosineSimilarity tensor([[0.9999, 0.9999, 1.0000, 0.9999, 0.9992, 0.9999, 0.9998]],
       grad_fn=<SumBackward1>)
Size of covariance_matrix: torch.Size([1, 7, 7])
Size of covariance_matrix_prime: torch.Size([1, 7, 7])
cosineSimilarity tensor([[1.0000, 1.0000, 0.9999, 1.0000, 1.0000, 1.0000, 1.0000]],
       grad_fn=<SumBackward1>)
Size of covariance_matrix: torch.Size([1, 7, 7])
Size of covariance_matrix_prime: torch.Size([1, 7, 7])
cosineSimilarity tensor([[0.9999, 0.9999, 0.9999, 1.0000, 0.9998, 0.9999, 0.9999]],
       grad_fn=<SumBackward1>)
Size of covariance_matrix: torch.Size([1, 7, 7])
Size of covariance_matrix_prime: torch.Size([1, 7, 7])
cosineSimilarity tensor([[1.0000, 1.0000, 1.0000, 1.0000, 1.0000, 1.0000, 1.0000]],
       grad_fn=<SumBackward1>)
Size of covariance_matrix: torch.Size([1, 7, 7])
Size of covariance_matrix_prime: torch.Size([1, 7, 7])
cosineSimilarity tensor([[0.9999, 0.9999, 1.0000, 1.0000, 0.9999, 1.0000, 0.9999]],
       grad_fn=<SumBackward1>)
Size of covariance_matrix: torch.Size([1, 7, 7])
Size of covariance_matrix_prime: torch.Size([1, 7, 7])
cosineSimilarity tensor([[0.9999, 0.9999, 1.0000, 1.0000, 0.9998, 1.0000, 1.0000]],
       grad_fn=<SumBackward1>)
Size of covariance_matrix: torch.Size([1, 7, 7])
Size of covariance_matrix_prime: torch.Size([1, 7, 7])
cosineSimilarity tensor([[1.0000, 1.0000, 1.0000, 1.0000, 1.0000, 1.0000, 1.0000]],
       grad_fn=<SumBackward1>)
Size of covariance_matrix: torch.Size([1, 7, 7])
Size of covariance_matrix_prime: torch.Size([1, 7, 7])
cosineSimilarity tensor([[1.0000, 1.0000, 1.0000, 1.0000, 0.9999, 1.0000, 0.9999]],
       grad_fn=<SumBackward1>)
Size of covariance_matrix: torch.Size([1, 7, 7])
Size of covariance_matrix_prime: torch.Size([1, 7, 7])
cosineSimilarity tensor([[1.0000, 1.0000, 0.9999, 1.0000, 0.9999, 1.0000, 1.0000]],
       grad_fn=<SumBackward1>)
Size of covariance_matrix: torch.Size([1, 7, 7])
Size of covariance_matrix_prime: torch.Size([1, 7, 7])
cosineSimilarity tensor([[1.0000, 1.0000, 1.0000, 1.0000, 1.0000, 1.0000, 1.0000]],
       grad_fn=<SumBackward1>)
Size of covariance_matrix: torch.Size([1, 7, 7])
Size of covariance_matrix_prime: torch.Size([1, 7, 7])
cosineSimilarity tensor([[0.9999, 1.0000, 1.0000, 1.0000, 0.9997, 1.0000, 1.0000]],
       grad_fn=<SumBackward1>)
Size of covariance_matrix: torch.Size([1, 7, 7])
Size of covariance_matrix_prime: torch.Size([1, 7, 7])
cosineSimilarity tensor([[1.0000, 1.0000, 0.9999, 1.0000, 1.0000, 1.0000, 0.9999]],
       grad_fn=<SumBackward1>)
Size of covariance_matrix: torch.Size([1, 7, 7])
Size of covariance_matrix_prime: torch.Size([1, 7, 7])
cosineSimilarity tensor([[0.9999, 1.0000, 1.0000, 1.0000, 0.9999, 0.9999, 1.0000]],
       grad_fn=<SumBackward1>)
Size of covariance_matrix: torch.Size([1, 7, 7])
Size of covariance_matrix_prime: torch.Size([1, 7, 7])
cosineSimilarity tensor([[1.0000, 1.0000, 1.0000, 1.0000, 1.0000, 1.0000, 1.0000]],
       grad_fn=<SumBackward1>)
Size of covariance_matrix: torch.Size([1, 7, 7])
Size of covariance_matrix_prime: torch.Size([1, 7, 7])
cosineSimilarity tensor([[1.0000, 1.0000, 1.0000, 1.0000, 1.0000, 1.0000, 1.0000]],
       grad_fn=<SumBackward1>)
Size of covariance_matrix: torch.Size([1, 7, 7])
Size of covariance_matrix_prime: torch.Size([1, 7, 7])
cosineSimilarity tensor([[1.0000, 1.0000, 1.0000, 1.0000, 1.0000, 1.0000, 1.0000]],
       grad_fn=<SumBackward1>)
Size of covariance_matrix: torch.Size([1, 7, 7])
Size of covariance_matrix_prime: torch.Size([1, 7, 7])
cosineSimilarity tensor([[1.0000, 1.0000, 1.0000, 1.0000, 1.0000, 1.0000, 1.0000]],
       grad_fn=<SumBackward1>)
Size of covariance_matrix: torch.Size([1, 7, 7])
Size of covariance_matrix_prime: torch.Size([1, 7, 7])
cosineSimilarity tensor([[1.0000, 1.0000, 1.0000, 1.0000, 0.9998, 1.0000, 0.9998]],
       grad_fn=<SumBackward1>)
Size of covariance_matrix: torch.Size([1, 7, 7])
Size of covariance_matrix_prime: torch.Size([1, 7, 7])
cosineSimilarity tensor([[1.0000, 1.0000, 1.0000, 1.0000, 1.0000, 1.0000, 1.0000]],
       grad_fn=<SumBackward1>)
Size of covariance_matrix: torch.Size([1, 7, 7])
Size of covariance_matrix_prime: torch.Size([1, 7, 7])
cosineSimilarity tensor([[1.0000, 1.0000, 0.9999, 1.0000, 1.0000, 1.0000, 1.0000]],
       grad_fn=<SumBackward1>)
Size of covariance_matrix: torch.Size([1, 7, 7])
Size of covariance_matrix_prime: torch.Size([1, 7, 7])
cosineSimilarity tensor([[0.9999, 0.9999, 1.0000, 1.0000, 0.9999, 1.0000, 1.0000]],
       grad_fn=<SumBackward1>)
Size of covariance_matrix: torch.Size([1, 7, 7])
Size of covariance_matrix_prime: torch.Size([1, 7, 7])
cosineSimilarity tensor([[1.0000, 1.0000, 0.9999, 1.0000, 0.9995, 1.0000, 1.0000]],
       grad_fn=<SumBackward1>)
Size of covariance_matrix: torch.Size([1, 7, 7])
Size of covariance_matrix_prime: torch.Size([1, 7, 7])
cosineSimilarity tensor([[1.0000, 1.0000, 0.9998, 1.0000, 0.9994, 0.9999, 0.9998]],
       grad_fn=<SumBackward1>)
Size of covariance_matrix: torch.Size([1, 7, 7])
Size of covariance_matrix_prime: torch.Size([1, 7, 7])
cosineSimilarity tensor([[0.9998, 0.9999, 0.9999, 0.9999, 0.9998, 0.9997, 0.9999]],
       grad_fn=<SumBackward1>)
Size of covariance_matrix: torch.Size([1, 7, 7])
Size of covariance_matrix_prime: torch.Size([1, 7, 7])
cosineSimilarity tensor([[1.0000, 1.0000, 1.0000, 1.0000, 1.0000, 1.0000, 1.0000]],
       grad_fn=<SumBackward1>)
Size of covariance_matrix: torch.Size([1, 7, 7])
Size of covariance_matrix_prime: torch.Size([1, 7, 7])
cosineSimilarity tensor([[1.0000, 1.0000, 1.0000, 1.0000, 1.0000, 1.0000, 1.0000]],
       grad_fn=<SumBackward1>)
Size of covariance_matrix: torch.Size([1, 7, 7])
Size of covariance_matrix_prime: torch.Size([1, 7, 7])
cosineSimilarity tensor([[1.0000, 1.0000, 1.0000, 1.0000, 1.0000, 1.0000, 1.0000]],
       grad_fn=<SumBackward1>)
Size of covariance_matrix: torch.Size([1, 7, 7])
Size of covariance_matrix_prime: torch.Size([1, 7, 7])
cosineSimilarity tensor([[1.0000, 0.9999, 0.9999, 1.0000, 1.0000, 1.0000, 1.0000]],
       grad_fn=<SumBackward1>)
Size of covariance_matrix: torch.Size([1, 7, 7])
Size of covariance_matrix_prime: torch.Size([1, 7, 7])
cosineSimilarity tensor([[1.0000, 1.0000, 1.0000, 1.0000, 1.0000, 1.0000, 1.0000]],
       grad_fn=<SumBackward1>)
Size of covariance_matrix: torch.Size([1, 7, 7])
Size of covariance_matrix_prime: torch.Size([1, 7, 7])
cosineSimilarity tensor([[0.9999, 1.0000, 0.9999, 0.9998, 0.9999, 0.9999, 0.9999]],
       grad_fn=<SumBackward1>)
Size of covariance_matrix: torch.Size([1, 7, 7])
Size of covariance_matrix_prime: torch.Size([1, 7, 7])
cosineSimilarity tensor([[0.9999, 1.0000, 0.9997, 1.0000, 0.9994, 0.9999, 0.9998]],
       grad_fn=<SumBackward1>)
Size of covariance_matrix: torch.Size([1, 7, 7])
Size of covariance_matrix_prime: torch.Size([1, 7, 7])
cosineSimilarity tensor([[1.0000, 1.0000, 1.0000, 1.0000, 1.0000, 1.0000, 1.0000]],
       grad_fn=<SumBackward1>)
Size of covariance_matrix: torch.Size([1, 7, 7])
Size of covariance_matrix_prime: torch.Size([1, 7, 7])
cosineSimilarity tensor([[1.0000, 1.0000, 1.0000, 1.0000, 1.0000, 1.0000, 1.0000]],
       grad_fn=<SumBackward1>)
Size of covariance_matrix: torch.Size([1, 7, 7])
Size of covariance_matrix_prime: torch.Size([1, 7, 7])
cosineSimilarity tensor([[1.0000, 1.0000, 0.9999, 1.0000, 1.0000, 1.0000, 0.9999]],
       grad_fn=<SumBackward1>)
Size of covariance_matrix: torch.Size([1, 7, 7])
Size of covariance_matrix_prime: torch.Size([1, 7, 7])
cosineSimilarity tensor([[1.0000, 1.0000, 1.0000, 1.0000, 1.0000, 1.0000, 1.0000]],
       grad_fn=<SumBackward1>)
Size of covariance_matrix: torch.Size([1, 7, 7])
Size of covariance_matrix_prime: torch.Size([1, 7, 7])
cosineSimilarity tensor([[1.0000, 0.9999, 0.9999, 1.0000, 1.0000, 1.0000, 1.0000]],
       grad_fn=<SumBackward1>)
Size of covariance_matrix: torch.Size([1, 7, 7])
Size of covariance_matrix_prime: torch.Size([1, 7, 7])
cosineSimilarity tensor([[1.0000, 1.0000, 1.0000, 1.0000, 1.0000, 1.0000, 1.0000]],
       grad_fn=<SumBackward1>)
Size of covariance_matrix: torch.Size([1, 7, 7])
Size of covariance_matrix_prime: torch.Size([1, 7, 7])
cosineSimilarity tensor([[1.0000, 1.0000, 1.0000, 1.0000, 1.0000, 1.0000, 1.0000]],
       grad_fn=<SumBackward1>)
Size of covariance_matrix: torch.Size([1, 7, 7])
Size of covariance_matrix_prime: torch.Size([1, 7, 7])
cosineSimilarity tensor([[1.0000, 1.0000, 1.0000, 1.0000, 1.0000, 1.0000, 1.0000]],
       grad_fn=<SumBackward1>)
Size of covariance_matrix: torch.Size([1, 7, 7])
Size of covariance_matrix_prime: torch.Size([1, 7, 7])
cosineSimilarity tensor([[1.0000, 1.0000, 1.0000, 1.0000, 1.0000, 1.0000, 1.0000]],
       grad_fn=<SumBackward1>)
Size of covariance_matrix: torch.Size([1, 7, 7])
Size of covariance_matrix_prime: torch.Size([1, 7, 7])
cosineSimilarity tensor([[1.0000, 1.0000, 1.0000, 1.0000, 0.9999, 1.0000, 1.0000]],
       grad_fn=<SumBackward1>)
Size of covariance_matrix: torch.Size([1, 7, 7])
Size of covariance_matrix_prime: torch.Size([1, 7, 7])
cosineSimilarity tensor([[1.0000, 1.0000, 1.0000, 1.0000, 1.0000, 1.0000, 1.0000]],
       grad_fn=<SumBackward1>)
Size of covariance_matrix: torch.Size([1, 7, 7])
Size of covariance_matrix_prime: torch.Size([1, 7, 7])
cosineSimilarity tensor([[1.0000, 1.0000, 1.0000, 0.9999, 0.9998, 1.0000, 1.0000]],
       grad_fn=<SumBackward1>)
Size of covariance_matrix: torch.Size([1, 7, 7])
Size of covariance_matrix_prime: torch.Size([1, 7, 7])
cosineSimilarity tensor([[0.9999, 1.0000, 0.9999, 1.0000, 0.9996, 1.0000, 0.9998]],
       grad_fn=<SumBackward1>)
Size of covariance_matrix: torch.Size([1, 7, 7])
Size of covariance_matrix_prime: torch.Size([1, 7, 7])
cosineSimilarity tensor([[1.0000, 1.0000, 1.0000, 1.0000, 1.0000, 1.0000, 1.0000]],
       grad_fn=<SumBackward1>)
Size of covariance_matrix: torch.Size([1, 7, 7])
Size of covariance_matrix_prime: torch.Size([1, 7, 7])
cosineSimilarity tensor([[0.9999, 1.0000, 1.0000, 1.0000, 0.9999, 1.0000, 1.0000]],
       grad_fn=<SumBackward1>)
Size of covariance_matrix: torch.Size([1, 7, 7])
Size of covariance_matrix_prime: torch.Size([1, 7, 7])
cosineSimilarity tensor([[1.0000, 1.0000, 1.0000, 1.0000, 0.9998, 1.0000, 1.0000]],
       grad_fn=<SumBackward1>)
Size of covariance_matrix: torch.Size([1, 7, 7])
Size of covariance_matrix_prime: torch.Size([1, 7, 7])
cosineSimilarity tensor([[1.0000, 1.0000, 1.0000, 1.0000, 0.9999, 1.0000, 0.9999]],
       grad_fn=<SumBackward1>)
Size of covariance_matrix: torch.Size([1, 7, 7])
Size of covariance_matrix_prime: torch.Size([1, 7, 7])
cosineSimilarity tensor([[1.0000, 1.0000, 1.0000, 1.0000, 1.0000, 1.0000, 1.0000]],
       grad_fn=<SumBackward1>)
Size of covariance_matrix: torch.Size([1, 7, 7])
Size of covariance_matrix_prime: torch.Size([1, 7, 7])
cosineSimilarity tensor([[1.0000, 1.0000, 0.9999, 1.0000, 0.9999, 1.0000, 0.9998]],
       grad_fn=<SumBackward1>)
Size of covariance_matrix: torch.Size([1, 7, 7])
Size of covariance_matrix_prime: torch.Size([1, 7, 7])
cosineSimilarity tensor([[1.0000, 1.0000, 1.0000, 1.0000, 1.0000, 1.0000, 1.0000]],
       grad_fn=<SumBackward1>)
Size of covariance_matrix: torch.Size([1, 7, 7])
Size of covariance_matrix_prime: torch.Size([1, 7, 7])
cosineSimilarity tensor([[1.0000, 1.0000, 1.0000, 1.0000, 1.0000, 1.0000, 1.0000]],
       grad_fn=<SumBackward1>)
Size of covariance_matrix: torch.Size([1, 7, 7])
Size of covariance_matrix_prime: torch.Size([1, 7, 7])
cosineSimilarity tensor([[1.0000, 1.0000, 1.0000, 0.9999, 0.9999, 1.0000, 1.0000]],
       grad_fn=<SumBackward1>)
Size of covariance_matrix: torch.Size([1, 7, 7])
Size of covariance_matrix_prime: torch.Size([1, 7, 7])
cosineSimilarity tensor([[0.9998, 0.9998, 0.9995, 0.9997, 0.9996, 0.9998, 0.9997]],
       grad_fn=<SumBackward1>)
Size of covariance_matrix: torch.Size([1, 7, 7])
Size of covariance_matrix_prime: torch.Size([1, 7, 7])
cosineSimilarity tensor([[0.9999, 0.9999, 0.9999, 0.9998, 0.9999, 0.9999, 0.9999]],
       grad_fn=<SumBackward1>)
Size of covariance_matrix: torch.Size([1, 7, 7])
Size of covariance_matrix_prime: torch.Size([1, 7, 7])
cosineSimilarity tensor([[0.9999, 0.9999, 0.9999, 0.9999, 0.9998, 0.9999, 0.9999]],
       grad_fn=<SumBackward1>)
Size of covariance_matrix: torch.Size([1, 7, 7])
Size of covariance_matrix_prime: torch.Size([1, 7, 7])
cosineSimilarity tensor([[1.0000, 1.0000, 0.9999, 0.9999, 0.9997, 0.9999, 1.0000]],
       grad_fn=<SumBackward1>)
Size of covariance_matrix: torch.Size([1, 7, 7])
Size of covariance_matrix_prime: torch.Size([1, 7, 7])
cosineSimilarity tensor([[1.0000, 1.0000, 1.0000, 1.0000, 1.0000, 1.0000, 0.9999]],
       grad_fn=<SumBackward1>)
Size of covariance_matrix: torch.Size([1, 7, 7])
Size of covariance_matrix_prime: torch.Size([1, 7, 7])
cosineSimilarity tensor([[1.0000, 1.0000, 1.0000, 1.0000, 0.9999, 1.0000, 1.0000]],
       grad_fn=<SumBackward1>)
Size of covariance_matrix: torch.Size([1, 7, 7])
Size of covariance_matrix_prime: torch.Size([1, 7, 7])
cosineSimilarity tensor([[1.0000, 1.0000, 1.0000, 1.0000, 1.0000, 1.0000, 1.0000]],
       grad_fn=<SumBackward1>)
Size of covariance_matrix: torch.Size([1, 7, 7])
Size of covariance_matrix_prime: torch.Size([1, 7, 7])
cosineSimilarity tensor([[1.0000, 1.0000, 1.0000, 1.0000, 1.0000, 1.0000, 1.0000]],
       grad_fn=<SumBackward1>)
Size of covariance_matrix: torch.Size([1, 7, 7])
Size of covariance_matrix_prime: torch.Size([1, 7, 7])
cosineSimilarity tensor([[1.0000, 0.9998, 0.9999, 0.9999, 0.9999, 1.0000, 0.9999]],
       grad_fn=<SumBackward1>)
Size of covariance_matrix: torch.Size([1, 7, 7])
Size of covariance_matrix_prime: torch.Size([1, 7, 7])
cosineSimilarity tensor([[1.0000, 1.0000, 1.0000, 0.9999, 0.9999, 1.0000, 1.0000]],
       grad_fn=<SumBackward1>)
Size of covariance_matrix: torch.Size([1, 7, 7])
Size of covariance_matrix_prime: torch.Size([1, 7, 7])
cosineSimilarity tensor([[1.0000, 1.0000, 1.0000, 1.0000, 0.9999, 1.0000, 1.0000]],
       grad_fn=<SumBackward1>)
Size of covariance_matrix: torch.Size([1, 7, 7])
Size of covariance_matrix_prime: torch.Size([1, 7, 7])
cosineSimilarity tensor([[1.0000, 1.0000, 1.0000, 1.0000, 0.9999, 1.0000, 0.9999]],
       grad_fn=<SumBackward1>)
Size of covariance_matrix: torch.Size([1, 7, 7])
Size of covariance_matrix_prime: torch.Size([1, 7, 7])
cosineSimilarity tensor([[0.9999, 0.9999, 0.9999, 0.9999, 1.0000, 1.0000, 0.9999]],
       grad_fn=<SumBackward1>)
Size of covariance_matrix: torch.Size([1, 7, 7])
Size of covariance_matrix_prime: torch.Size([1, 7, 7])
cosineSimilarity tensor([[1.0000, 1.0000, 1.0000, 1.0000, 0.9999, 1.0000, 1.0000]],
       grad_fn=<SumBackward1>)
Size of covariance_matrix: torch.Size([1, 7, 7])
Size of covariance_matrix_prime: torch.Size([1, 7, 7])
cosineSimilarity tensor([[1.0000, 1.0000, 1.0000, 1.0000, 0.9999, 1.0000, 0.9998]],
       grad_fn=<SumBackward1>)
Size of covariance_matrix: torch.Size([1, 7, 7])
Size of covariance_matrix_prime: torch.Size([1, 7, 7])
cosineSimilarity tensor([[0.9999, 1.0000, 1.0000, 1.0000, 1.0000, 1.0000, 1.0000]],
       grad_fn=<SumBackward1>)
Size of covariance_matrix: torch.Size([1, 7, 7])
Size of covariance_matrix_prime: torch.Size([1, 7, 7])
cosineSimilarity tensor([[1.0000, 0.9999, 0.9998, 0.9999, 0.9997, 1.0000, 0.9999]],
       grad_fn=<SumBackward1>)
Size of covariance_matrix: torch.Size([1, 7, 7])
Size of covariance_matrix_prime: torch.Size([1, 7, 7])
cosineSimilarity tensor([[1.0000, 1.0000, 1.0000, 1.0000, 0.9999, 1.0000, 1.0000]],
       grad_fn=<SumBackward1>)
Size of covariance_matrix: torch.Size([1, 7, 7])
Size of covariance_matrix_prime: torch.Size([1, 7, 7])
cosineSimilarity tensor([[0.9999, 1.0000, 0.9998, 1.0000, 0.9999, 1.0000, 1.0000]],
       grad_fn=<SumBackward1>)
Size of covariance_matrix: torch.Size([1, 7, 7])
Size of covariance_matrix_prime: torch.Size([1, 7, 7])
cosineSimilarity tensor([[1.0000, 1.0000, 0.9999, 1.0000, 1.0000, 1.0000, 1.0000]],
       grad_fn=<SumBackward1>)
Size of covariance_matrix: torch.Size([1, 7, 7])
Size of covariance_matrix_prime: torch.Size([1, 7, 7])
cosineSimilarity tensor([[1.0000, 1.0000, 1.0000, 1.0000, 1.0000, 1.0000, 1.0000]],
       grad_fn=<SumBackward1>)
Size of covariance_matrix: torch.Size([1, 7, 7])
Size of covariance_matrix_prime: torch.Size([1, 7, 7])
cosineSimilarity tensor([[1.0000, 1.0000, 1.0000, 1.0000, 0.9999, 1.0000, 1.0000]],
       grad_fn=<SumBackward1>)
Size of covariance_matrix: torch.Size([1, 7, 7])
Size of covariance_matrix_prime: torch.Size([1, 7, 7])
cosineSimilarity tensor([[0.9999, 0.9999, 0.9999, 1.0000, 0.9993, 0.9999, 0.9999]],
       grad_fn=<SumBackward1>)
Size of covariance_matrix: torch.Size([1, 7, 7])
Size of covariance_matrix_prime: torch.Size([1, 7, 7])
cosineSimilarity tensor([[1.0000, 1.0000, 0.9999, 1.0000, 1.0000, 1.0000, 0.9999]],
       grad_fn=<SumBackward1>)
Size of covariance_matrix: torch.Size([1, 7, 7])
Size of covariance_matrix_prime: torch.Size([1, 7, 7])
cosineSimilarity tensor([[1.0000, 0.9999, 1.0000, 1.0000, 1.0000, 1.0000, 1.0000]],
       grad_fn=<SumBackward1>)
Size of covariance_matrix: torch.Size([1, 7, 7])
Size of covariance_matrix_prime: torch.Size([1, 7, 7])
cosineSimilarity tensor([[1.0000, 1.0000, 0.9999, 1.0000, 1.0000, 0.9999, 0.9999]],
       grad_fn=<SumBackward1>)
Size of covariance_matrix: torch.Size([1, 7, 7])
Size of covariance_matrix_prime: torch.Size([1, 7, 7])
cosineSimilarity tensor([[1.0000, 1.0000, 1.0000, 1.0000, 1.0000, 1.0000, 1.0000]],
       grad_fn=<SumBackward1>)
Size of covariance_matrix: torch.Size([1, 7, 7])
Size of covariance_matrix_prime: torch.Size([1, 7, 7])
cosineSimilarity tensor([[1.0000, 1.0000, 1.0000, 1.0000, 1.0000, 1.0000, 1.0000]],
       grad_fn=<SumBackward1>)
Size of covariance_matrix: torch.Size([1, 7, 7])
Size of covariance_matrix_prime: torch.Size([1, 7, 7])
cosineSimilarity tensor([[1.0000, 1.0000, 0.9998, 0.9999, 0.9999, 1.0000, 1.0000]],
       grad_fn=<SumBackward1>)
Size of covariance_matrix: torch.Size([1, 7, 7])
Size of covariance_matrix_prime: torch.Size([1, 7, 7])
cosineSimilarity tensor([[1.0000, 1.0000, 0.9999, 1.0000, 0.9998, 1.0000, 0.9999]],
       grad_fn=<SumBackward1>)
Size of covariance_matrix: torch.Size([1, 7, 7])
Size of covariance_matrix_prime: torch.Size([1, 7, 7])
cosineSimilarity tensor([[0.9999, 0.9996, 0.9997, 0.9998, 1.0000, 0.9999, 0.9998]],
       grad_fn=<SumBackward1>)
Size of covariance_matrix: torch.Size([1, 7, 7])
Size of covariance_matrix_prime: torch.Size([1, 7, 7])
cosineSimilarity tensor([[1.0000, 1.0000, 1.0000, 1.0000, 0.9998, 1.0000, 1.0000]],
       grad_fn=<SumBackward1>)
Size of covariance_matrix: torch.Size([1, 7, 7])
Size of covariance_matrix_prime: torch.Size([1, 7, 7])
cosineSimilarity tensor([[0.9999, 0.9999, 0.9999, 0.9999, 0.9997, 0.9999, 0.9999]],
       grad_fn=<SumBackward1>)
Size of covariance_matrix: torch.Size([1, 7, 7])
Size of covariance_matrix_prime: torch.Size([1, 7, 7])
cosineSimilarity tensor([[1.0000, 1.0000, 1.0000, 1.0000, 1.0000, 1.0000, 1.0000]],
       grad_fn=<SumBackward1>)
Size of covariance_matrix: torch.Size([1, 7, 7])
Size of covariance_matrix_prime: torch.Size([1, 7, 7])
cosineSimilarity tensor([[1.0000, 1.0000, 1.0000, 1.0000, 1.0000, 1.0000, 1.0000]],
       grad_fn=<SumBackward1>)
Size of covariance_matrix: torch.Size([1, 7, 7])
Size of covariance_matrix_prime: torch.Size([1, 7, 7])
cosineSimilarity tensor([[1.0000, 1.0000, 0.9999, 1.0000, 0.9999, 1.0000, 0.9999]],
       grad_fn=<SumBackward1>)
Size of covariance_matrix: torch.Size([1, 7, 7])
Size of covariance_matrix_prime: torch.Size([1, 7, 7])
cosineSimilarity tensor([[1.0000, 0.9998, 1.0000, 0.9999, 0.9996, 1.0000, 0.9997]],
       grad_fn=<SumBackward1>)
Size of covariance_matrix: torch.Size([1, 7, 7])
Size of covariance_matrix_prime: torch.Size([1, 7, 7])
cosineSimilarity tensor([[1.0000, 1.0000, 0.9999, 1.0000, 0.9999, 1.0000, 1.0000]],
       grad_fn=<SumBackward1>)
Size of covariance_matrix: torch.Size([1, 7, 7])
Size of covariance_matrix_prime: torch.Size([1, 7, 7])
cosineSimilarity tensor([[0.9999, 1.0000, 0.9998, 0.9999, 0.9998, 1.0000, 0.9999]],
       grad_fn=<SumBackward1>)
Size of covariance_matrix: torch.Size([1, 7, 7])
Size of covariance_matrix_prime: torch.Size([1, 7, 7])
cosineSimilarity tensor([[1.0000, 1.0000, 1.0000, 1.0000, 0.9999, 1.0000, 0.9999]],
       grad_fn=<SumBackward1>)
Size of covariance_matrix: torch.Size([1, 7, 7])
Size of covariance_matrix_prime: torch.Size([1, 7, 7])
cosineSimilarity tensor([[1.0000, 1.0000, 1.0000, 1.0000, 1.0000, 1.0000, 1.0000]],
       grad_fn=<SumBackward1>)
Size of covariance_matrix: torch.Size([1, 7, 7])
Size of covariance_matrix_prime: torch.Size([1, 7, 7])
cosineSimilarity tensor([[0.9999, 1.0000, 1.0000, 1.0000, 1.0000, 0.9999, 1.0000]],
       grad_fn=<SumBackward1>)
Size of covariance_matrix: torch.Size([1, 7, 7])
Size of covariance_matrix_prime: torch.Size([1, 7, 7])
cosineSimilarity tensor([[0.9999, 0.9999, 0.9998, 0.9999, 0.9994, 0.9996, 1.0000]],
       grad_fn=<SumBackward1>)
Size of covariance_matrix: torch.Size([1, 7, 7])
Size of covariance_matrix_prime: torch.Size([1, 7, 7])
cosineSimilarity tensor([[1.0000, 1.0000, 1.0000, 1.0000, 0.9999, 1.0000, 1.0000]],
       grad_fn=<SumBackward1>)
Size of covariance_matrix: torch.Size([1, 7, 7])
Size of covariance_matrix_prime: torch.Size([1, 7, 7])
cosineSimilarity tensor([[1.0000, 0.9999, 0.9999, 1.0000, 0.9999, 1.0000, 1.0000]],
       grad_fn=<SumBackward1>)
Size of covariance_matrix: torch.Size([1, 7, 7])
Size of covariance_matrix_prime: torch.Size([1, 7, 7])
cosineSimilarity tensor([[1.0000, 0.9999, 1.0000, 1.0000, 1.0000, 1.0000, 1.0000]],
       grad_fn=<SumBackward1>)
Size of covariance_matrix: torch.Size([1, 7, 7])
Size of covariance_matrix_prime: torch.Size([1, 7, 7])
cosineSimilarity tensor([[1.0000, 1.0000, 0.9999, 1.0000, 0.9997, 1.0000, 0.9998]],
       grad_fn=<SumBackward1>)
Size of covariance_matrix: torch.Size([1, 7, 7])
Size of covariance_matrix_prime: torch.Size([1, 7, 7])
cosineSimilarity tensor([[1.0000, 1.0000, 0.9999, 1.0000, 1.0000, 1.0000, 1.0000]],
       grad_fn=<SumBackward1>)
Size of covariance_matrix: torch.Size([1, 7, 7])
Size of covariance_matrix_prime: torch.Size([1, 7, 7])
cosineSimilarity tensor([[1.0000, 1.0000, 1.0000, 1.0000, 0.9999, 1.0000, 1.0000]],
       grad_fn=<SumBackward1>)
Size of covariance_matrix: torch.Size([1, 7, 7])
Size of covariance_matrix_prime: torch.Size([1, 7, 7])
cosineSimilarity tensor([[0.9999, 1.0000, 0.9999, 1.0000, 1.0000, 1.0000, 1.0000]],
       grad_fn=<SumBackward1>)
Size of covariance_matrix: torch.Size([1, 7, 7])
Size of covariance_matrix_prime: torch.Size([1, 7, 7])
cosineSimilarity tensor([[1.0000, 1.0000, 1.0000, 1.0000, 1.0000, 1.0000, 1.0000]],
       grad_fn=<SumBackward1>)
Size of covariance_matrix: torch.Size([1, 7, 7])
Size of covariance_matrix_prime: torch.Size([1, 7, 7])
cosineSimilarity tensor([[1.0000, 1.0000, 1.0000, 1.0000, 1.0000, 1.0000, 1.0000]],
       grad_fn=<SumBackward1>)
Size of covariance_matrix: torch.Size([1, 7, 7])
Size of covariance_matrix_prime: torch.Size([1, 7, 7])
cosineSimilarity tensor([[0.9999, 0.9999, 0.9999, 0.9999, 0.9998, 0.9999, 0.9998]],
       grad_fn=<SumBackward1>)
Size of covariance_matrix: torch.Size([1, 7, 7])
Size of covariance_matrix_prime: torch.Size([1, 7, 7])
cosineSimilarity tensor([[1.0000, 1.0000, 1.0000, 1.0000, 0.9998, 0.9999, 0.9999]],
       grad_fn=<SumBackward1>)
Size of covariance_matrix: torch.Size([1, 7, 7])
Size of covariance_matrix_prime: torch.Size([1, 7, 7])
cosineSimilarity tensor([[1.0000, 1.0000, 1.0000, 1.0000, 1.0000, 1.0000, 1.0000]],
       grad_fn=<SumBackward1>)
Size of covariance_matrix: torch.Size([1, 7, 7])
Size of covariance_matrix_prime: torch.Size([1, 7, 7])
cosineSimilarity tensor([[0.9998, 1.0000, 1.0000, 1.0000, 1.0000, 1.0000, 1.0000]],
       grad_fn=<SumBackward1>)
Size of covariance_matrix: torch.Size([1, 7, 7])
Size of covariance_matrix_prime: torch.Size([1, 7, 7])
cosineSimilarity tensor([[1.0000, 1.0000, 1.0000, 1.0000, 1.0000, 1.0000, 1.0000]],
       grad_fn=<SumBackward1>)
Size of covariance_matrix: torch.Size([1, 7, 7])
Size of covariance_matrix_prime: torch.Size([1, 7, 7])
cosineSimilarity tensor([[1.0000, 1.0000, 1.0000, 1.0000, 1.0000, 1.0000, 1.0000]],
       grad_fn=<SumBackward1>)
Size of covariance_matrix: torch.Size([1, 7, 7])
Size of covariance_matrix_prime: torch.Size([1, 7, 7])
cosineSimilarity tensor([[1.0000, 1.0000, 1.0000, 1.0000, 1.0000, 1.0000, 1.0000]],
       grad_fn=<SumBackward1>)
Size of covariance_matrix: torch.Size([1, 7, 7])
Size of covariance_matrix_prime: torch.Size([1, 7, 7])
cosineSimilarity tensor([[1.0000, 1.0000, 0.9999, 1.0000, 0.9999, 1.0000, 1.0000]],
       grad_fn=<SumBackward1>)
Size of covariance_matrix: torch.Size([1, 7, 7])
Size of covariance_matrix_prime: torch.Size([1, 7, 7])
cosineSimilarity tensor([[1.0000, 1.0000, 0.9999, 0.9999, 1.0000, 0.9999, 0.9999]],
       grad_fn=<SumBackward1>)
Size of covariance_matrix: torch.Size([1, 7, 7])
Size of covariance_matrix_prime: torch.Size([1, 7, 7])
cosineSimilarity tensor([[0.9998, 0.9999, 1.0000, 1.0000, 0.9996, 0.9999, 0.9999]],
       grad_fn=<SumBackward1>)
Size of covariance_matrix: torch.Size([1, 7, 7])
Size of covariance_matrix_prime: torch.Size([1, 7, 7])
cosineSimilarity tensor([[1.0000, 1.0000, 0.9999, 1.0000, 1.0000, 1.0000, 1.0000]],
       grad_fn=<SumBackward1>)
Size of covariance_matrix: torch.Size([1, 7, 7])
Size of covariance_matrix_prime: torch.Size([1, 7, 7])
cosineSimilarity tensor([[0.9999, 0.9999, 0.9998, 0.9999, 0.9981, 0.9999, 0.9999]],
       grad_fn=<SumBackward1>)
Size of covariance_matrix: torch.Size([1, 7, 7])
Size of covariance_matrix_prime: torch.Size([1, 7, 7])
cosineSimilarity tensor([[1.0000, 1.0000, 0.9998, 1.0000, 1.0000, 1.0000, 1.0000]],
       grad_fn=<SumBackward1>)
Size of covariance_matrix: torch.Size([1, 7, 7])
Size of covariance_matrix_prime: torch.Size([1, 7, 7])
cosineSimilarity tensor([[1.0000, 1.0000, 1.0000, 1.0000, 0.9999, 1.0000, 1.0000]],
       grad_fn=<SumBackward1>)
Size of covariance_matrix: torch.Size([1, 7, 7])
Size of covariance_matrix_prime: torch.Size([1, 7, 7])
cosineSimilarity tensor([[1.0000, 1.0000, 1.0000, 1.0000, 1.0000, 1.0000, 1.0000]],
       grad_fn=<SumBackward1>)
Size of covariance_matrix: torch.Size([1, 7, 7])
Size of covariance_matrix_prime: torch.Size([1, 7, 7])
cosineSimilarity tensor([[1.0000, 1.0000, 0.9999, 1.0000, 1.0000, 1.0000, 1.0000]],
       grad_fn=<SumBackward1>)
Size of covariance_matrix: torch.Size([1, 7, 7])
Size of covariance_matrix_prime: torch.Size([1, 7, 7])
cosineSimilarity tensor([[1.0000, 1.0000, 1.0000, 1.0000, 1.0000, 1.0000, 1.0000]],
       grad_fn=<SumBackward1>)
Size of covariance_matrix: torch.Size([1, 7, 7])
Size of covariance_matrix_prime: torch.Size([1, 7, 7])
cosineSimilarity tensor([[0.9999, 0.9999, 0.9995, 0.9999, 0.9998, 0.9998, 0.9999]],
       grad_fn=<SumBackward1>)
Size of covariance_matrix: torch.Size([1, 7, 7])
Size of covariance_matrix_prime: torch.Size([1, 7, 7])
cosineSimilarity tensor([[1.0000, 1.0000, 0.9999, 1.0000, 1.0000, 1.0000, 1.0000]],
       grad_fn=<SumBackward1>)
Size of covariance_matrix: torch.Size([1, 7, 7])
Size of covariance_matrix_prime: torch.Size([1, 7, 7])
cosineSimilarity tensor([[1.0000, 1.0000, 1.0000, 0.9999, 0.9999, 1.0000, 1.0000]],
       grad_fn=<SumBackward1>)
Size of covariance_matrix: torch.Size([1, 7, 7])
Size of covariance_matrix_prime: torch.Size([1, 7, 7])
cosineSimilarity tensor([[1.0000, 1.0000, 1.0000, 1.0000, 1.0000, 1.0000, 1.0000]],
       grad_fn=<SumBackward1>)
Size of covariance_matrix: torch.Size([1, 7, 7])
Size of covariance_matrix_prime: torch.Size([1, 7, 7])
cosineSimilarity tensor([[1.0000, 1.0000, 1.0000, 1.0000, 1.0000, 1.0000, 1.0000]],
       grad_fn=<SumBackward1>)
Size of covariance_matrix: torch.Size([1, 7, 7])
Size of covariance_matrix_prime: torch.Size([1, 7, 7])
cosineSimilarity tensor([[0.9999, 0.9998, 0.9999, 1.0000, 0.9999, 0.9998, 0.9999]],
       grad_fn=<SumBackward1>)
Size of covariance_matrix: torch.Size([1, 7, 7])
Size of covariance_matrix_prime: torch.Size([1, 7, 7])
cosineSimilarity tensor([[1.0000, 0.9998, 0.9999, 1.0000, 0.9996, 0.9999, 1.0000]],
       grad_fn=<SumBackward1>)
Size of covariance_matrix: torch.Size([1, 7, 7])
Size of covariance_matrix_prime: torch.Size([1, 7, 7])
cosineSimilarity tensor([[0.9999, 1.0000, 0.9999, 1.0000, 0.9998, 1.0000, 0.9999]],
       grad_fn=<SumBackward1>)
Size of covariance_matrix: torch.Size([1, 7, 7])
Size of covariance_matrix_prime: torch.Size([1, 7, 7])
cosineSimilarity tensor([[1.0000, 0.9999, 1.0000, 1.0000, 1.0000, 1.0000, 1.0000]],
       grad_fn=<SumBackward1>)
Size of covariance_matrix: torch.Size([1, 7, 7])
Size of covariance_matrix_prime: torch.Size([1, 7, 7])
cosineSimilarity tensor([[0.9999, 0.9999, 0.9999, 1.0000, 0.9998, 1.0000, 0.9999]],
       grad_fn=<SumBackward1>)
Size of covariance_matrix: torch.Size([1, 7, 7])
Size of covariance_matrix_prime: torch.Size([1, 7, 7])
cosineSimilarity tensor([[1.0000, 1.0000, 1.0000, 0.9999, 0.9998, 1.0000, 1.0000]],
       grad_fn=<SumBackward1>)
Size of covariance_matrix: torch.Size([1, 7, 7])
Size of covariance_matrix_prime: torch.Size([1, 7, 7])
cosineSimilarity tensor([[1.0000, 1.0000, 1.0000, 1.0000, 1.0000, 1.0000, 1.0000]],
       grad_fn=<SumBackward1>)
Size of covariance_matrix: torch.Size([1, 7, 7])
Size of covariance_matrix_prime: torch.Size([1, 7, 7])
cosineSimilarity tensor([[0.9999, 1.0000, 0.9999, 1.0000, 0.9999, 1.0000, 1.0000]],
       grad_fn=<SumBackward1>)
Size of covariance_matrix: torch.Size([1, 7, 7])
Size of covariance_matrix_prime: torch.Size([1, 7, 7])
cosineSimilarity tensor([[0.9999, 1.0000, 0.9999, 1.0000, 0.9999, 1.0000, 0.9999]],
       grad_fn=<SumBackward1>)
Size of covariance_matrix: torch.Size([1, 7, 7])
Size of covariance_matrix_prime: torch.Size([1, 7, 7])
cosineSimilarity tensor([[0.9999, 1.0000, 0.9999, 1.0000, 0.9998, 0.9999, 0.9999]],
       grad_fn=<SumBackward1>)
Size of covariance_matrix: torch.Size([1, 7, 7])
Size of covariance_matrix_prime: torch.Size([1, 7, 7])
cosineSimilarity tensor([[1.0000, 1.0000, 1.0000, 1.0000, 1.0000, 1.0000, 1.0000]],
       grad_fn=<SumBackward1>)
Size of covariance_matrix: torch.Size([1, 7, 7])
Size of covariance_matrix_prime: torch.Size([1, 7, 7])
cosineSimilarity tensor([[1.0000, 0.9998, 1.0000, 1.0000, 0.9999, 1.0000, 1.0000]],
       grad_fn=<SumBackward1>)
Size of covariance_matrix: torch.Size([1, 7, 7])
Size of covariance_matrix_prime: torch.Size([1, 7, 7])
cosineSimilarity tensor([[0.9999, 0.9998, 0.9998, 1.0000, 0.9998, 0.9999, 0.9998]],
       grad_fn=<SumBackward1>)
Size of covariance_matrix: torch.Size([1, 7, 7])
Size of covariance_matrix_prime: torch.Size([1, 7, 7])
cosineSimilarity tensor([[0.9999, 0.9999, 0.9999, 0.9999, 0.9998, 0.9998, 0.9998]],
       grad_fn=<SumBackward1>)
Size of covariance_matrix: torch.Size([1, 7, 7])
Size of covariance_matrix_prime: torch.Size([1, 7, 7])
cosineSimilarity tensor([[0.9999, 1.0000, 0.9999, 1.0000, 0.9999, 0.9999, 0.9999]],
       grad_fn=<SumBackward1>)
Size of covariance_matrix: torch.Size([1, 7, 7])
Size of covariance_matrix_prime: torch.Size([1, 7, 7])
cosineSimilarity tensor([[0.9999, 1.0000, 0.9999, 1.0000, 1.0000, 0.9999, 1.0000]],
       grad_fn=<SumBackward1>)
Size of covariance_matrix: torch.Size([1, 7, 7])
Size of covariance_matrix_prime: torch.Size([1, 7, 7])
cosineSimilarity tensor([[1.0000, 1.0000, 0.9999, 1.0000, 0.9999, 1.0000, 0.9999]],
       grad_fn=<SumBackward1>)
Size of covariance_matrix: torch.Size([1, 7, 7])
Size of covariance_matrix_prime: torch.Size([1, 7, 7])
cosineSimilarity tensor([[0.9999, 1.0000, 1.0000, 0.9998, 1.0000, 0.9998, 0.9999]],
       grad_fn=<SumBackward1>)
Size of covariance_matrix: torch.Size([1, 7, 7])
Size of covariance_matrix_prime: torch.Size([1, 7, 7])
cosineSimilarity tensor([[1.0000, 1.0000, 1.0000, 1.0000, 1.0000, 1.0000, 1.0000]],
       grad_fn=<SumBackward1>)
Size of covariance_matrix: torch.Size([1, 7, 7])
Size of covariance_matrix_prime: torch.Size([1, 7, 7])
cosineSimilarity tensor([[1.0000, 1.0000, 1.0000, 1.0000, 0.9999, 1.0000, 1.0000]],
       grad_fn=<SumBackward1>)
Size of covariance_matrix: torch.Size([1, 7, 7])
Size of covariance_matrix_prime: torch.Size([1, 7, 7])
cosineSimilarity tensor([[1.0000, 1.0000, 1.0000, 1.0000, 1.0000, 1.0000, 1.0000]],
       grad_fn=<SumBackward1>)
Size of covariance_matrix: torch.Size([1, 7, 7])
Size of covariance_matrix_prime: torch.Size([1, 7, 7])
cosineSimilarity tensor([[1.0000, 1.0000, 1.0000, 1.0000, 1.0000, 1.0000, 1.0000]],
       grad_fn=<SumBackward1>)
Size of covariance_matrix: torch.Size([1, 7, 7])
Size of covariance_matrix_prime: torch.Size([1, 7, 7])
cosineSimilarity tensor([[0.9999, 1.0000, 0.9999, 0.9999, 0.9995, 1.0000, 0.9996]],
       grad_fn=<SumBackward1>)
Size of covariance_matrix: torch.Size([1, 7, 7])
Size of covariance_matrix_prime: torch.Size([1, 7, 7])
cosineSimilarity tensor([[1.0000, 1.0000, 1.0000, 1.0000, 1.0000, 1.0000, 1.0000]],
       grad_fn=<SumBackward1>)
Size of covariance_matrix: torch.Size([1, 7, 7])
Size of covariance_matrix_prime: torch.Size([1, 7, 7])
cosineSimilarity tensor([[1.0000, 1.0000, 1.0000, 1.0000, 1.0000, 1.0000, 1.0000]],
       grad_fn=<SumBackward1>)
Size of covariance_matrix: torch.Size([1, 7, 7])
Size of covariance_matrix_prime: torch.Size([1, 7, 7])
cosineSimilarity tensor([[1.0000, 1.0000, 1.0000, 1.0000, 1.0000, 1.0000, 1.0000]],
       grad_fn=<SumBackward1>)
Size of covariance_matrix: torch.Size([1, 7, 7])
Size of covariance_matrix_prime: torch.Size([1, 7, 7])
cosineSimilarity tensor([[1.0000, 1.0000, 0.9999, 1.0000, 0.9999, 1.0000, 1.0000]],
       grad_fn=<SumBackward1>)
Size of covariance_matrix: torch.Size([1, 7, 7])
Size of covariance_matrix_prime: torch.Size([1, 7, 7])
cosineSimilarity tensor([[1.0000, 1.0000, 1.0000, 1.0000, 1.0000, 1.0000, 1.0000]],
       grad_fn=<SumBackward1>)
Size of covariance_matrix: torch.Size([1, 7, 7])
Size of covariance_matrix_prime: torch.Size([1, 7, 7])
cosineSimilarity tensor([[1.0000, 1.0000, 1.0000, 1.0000, 1.0000, 1.0000, 1.0000]],
       grad_fn=<SumBackward1>)
Size of covariance_matrix: torch.Size([1, 7, 7])
Size of covariance_matrix_prime: torch.Size([1, 7, 7])
cosineSimilarity tensor([[1.0000, 1.0000, 1.0000, 0.9999, 1.0000, 1.0000, 1.0000]],
       grad_fn=<SumBackward1>)
Size of covariance_matrix: torch.Size([1, 7, 7])
Size of covariance_matrix_prime: torch.Size([1, 7, 7])
cosineSimilarity tensor([[1.0000, 0.9999, 0.9999, 1.0000, 0.9998, 0.9999, 0.9999]],
       grad_fn=<SumBackward1>)
Size of covariance_matrix: torch.Size([1, 7, 7])
Size of covariance_matrix_prime: torch.Size([1, 7, 7])
cosineSimilarity tensor([[1.0000, 1.0000, 0.9998, 0.9999, 1.0000, 0.9999, 0.9999]],
       grad_fn=<SumBackward1>)
Size of covariance_matrix: torch.Size([1, 7, 7])
Size of covariance_matrix_prime: torch.Size([1, 7, 7])
cosineSimilarity tensor([[1.0000, 1.0000, 1.0000, 1.0000, 1.0000, 1.0000, 1.0000]],
       grad_fn=<SumBackward1>)
Size of covariance_matrix: torch.Size([1, 7, 7])
Size of covariance_matrix_prime: torch.Size([1, 7, 7])
cosineSimilarity tensor([[1.0000, 1.0000, 0.9999, 1.0000, 0.9999, 1.0000, 1.0000]],
       grad_fn=<SumBackward1>)
Size of covariance_matrix: torch.Size([1, 7, 7])
Size of covariance_matrix_prime: torch.Size([1, 7, 7])
cosineSimilarity tensor([[1.0000, 1.0000, 1.0000, 1.0000, 0.9999, 1.0000, 1.0000]],
       grad_fn=<SumBackward1>)
Size of covariance_matrix: torch.Size([1, 7, 7])
Size of covariance_matrix_prime: torch.Size([1, 7, 7])
cosineSimilarity tensor([[1.0000, 0.9999, 0.9999, 0.9999, 0.9999, 1.0000, 0.9999]],
       grad_fn=<SumBackward1>)
Size of covariance_matrix: torch.Size([1, 7, 7])
Size of covariance_matrix_prime: torch.Size([1, 7, 7])
cosineSimilarity tensor([[1.0000, 1.0000, 1.0000, 1.0000, 1.0000, 1.0000, 1.0000]],
       grad_fn=<SumBackward1>)
Size of covariance_matrix: torch.Size([1, 7, 7])
Size of covariance_matrix_prime: torch.Size([1, 7, 7])
cosineSimilarity tensor([[1.0000, 0.9999, 0.9999, 0.9999, 0.9999, 0.9999, 0.9999]],
       grad_fn=<SumBackward1>)
Size of covariance_matrix: torch.Size([1, 7, 7])
Size of covariance_matrix_prime: torch.Size([1, 7, 7])
cosineSimilarity tensor([[1.0000, 1.0000, 1.0000, 1.0000, 1.0000, 1.0000, 1.0000]],
       grad_fn=<SumBackward1>)
Size of covariance_matrix: torch.Size([1, 7, 7])
Size of covariance_matrix_prime: torch.Size([1, 7, 7])
cosineSimilarity tensor([[1.0000, 1.0000, 1.0000, 1.0000, 0.9999, 1.0000, 0.9999]],
       grad_fn=<SumBackward1>)
Size of covariance_matrix: torch.Size([1, 7, 7])
Size of covariance_matrix_prime: torch.Size([1, 7, 7])
cosineSimilarity tensor([[0.9999, 1.0000, 1.0000, 1.0000, 0.9999, 1.0000, 1.0000]],
       grad_fn=<SumBackward1>)
Size of covariance_matrix: torch.Size([1, 7, 7])
Size of covariance_matrix_prime: torch.Size([1, 7, 7])
cosineSimilarity tensor([[1.0000, 1.0000, 1.0000, 1.0000, 1.0000, 1.0000, 1.0000]],
       grad_fn=<SumBackward1>)
Size of covariance_matrix: torch.Size([1, 7, 7])
Size of covariance_matrix_prime: torch.Size([1, 7, 7])
cosineSimilarity tensor([[1.0000, 1.0000, 1.0000, 1.0000, 1.0000, 1.0000, 1.0000]],
       grad_fn=<SumBackward1>)
Size of covariance_matrix: torch.Size([1, 7, 7])
Size of covariance_matrix_prime: torch.Size([1, 7, 7])
cosineSimilarity tensor([[1.0000, 1.0000, 1.0000, 1.0000, 0.9999, 1.0000, 0.9999]],
       grad_fn=<SumBackward1>)
Size of covariance_matrix: torch.Size([1, 7, 7])
Size of covariance_matrix_prime: torch.Size([1, 7, 7])
cosineSimilarity tensor([[1.0000, 1.0000, 1.0000, 1.0000, 1.0000, 1.0000, 1.0000]],
       grad_fn=<SumBackward1>)
Size of covariance_matrix: torch.Size([1, 7, 7])
Size of covariance_matrix_prime: torch.Size([1, 7, 7])
cosineSimilarity tensor([[1.0000, 0.9999, 1.0000, 1.0000, 1.0000, 1.0000, 0.9999]],
       grad_fn=<SumBackward1>)
Size of covariance_matrix: torch.Size([1, 7, 7])
Size of covariance_matrix_prime: torch.Size([1, 7, 7])
cosineSimilarity tensor([[1.0000, 1.0000, 0.9998, 1.0000, 0.9999, 1.0000, 1.0000]],
       grad_fn=<SumBackward1>)
Size of covariance_matrix: torch.Size([1, 7, 7])
Size of covariance_matrix_prime: torch.Size([1, 7, 7])
cosineSimilarity tensor([[1.0000, 1.0000, 1.0000, 1.0000, 1.0000, 1.0000, 1.0000]],
       grad_fn=<SumBackward1>)
Size of covariance_matrix: torch.Size([1, 7, 7])
Size of covariance_matrix_prime: torch.Size([1, 7, 7])
cosineSimilarity tensor([[0.9999, 1.0000, 0.9999, 1.0000, 0.9999, 0.9999, 0.9999]],
       grad_fn=<SumBackward1>)
Size of covariance_matrix: torch.Size([1, 7, 7])
Size of covariance_matrix_prime: torch.Size([1, 7, 7])
cosineSimilarity tensor([[1.0000, 1.0000, 1.0000, 1.0000, 0.9999, 1.0000, 1.0000]],
       grad_fn=<SumBackward1>)
Size of covariance_matrix: torch.Size([1, 7, 7])
Size of covariance_matrix_prime: torch.Size([1, 7, 7])
cosineSimilarity tensor([[1.0000, 1.0000, 1.0000, 1.0000, 1.0000, 1.0000, 1.0000]],
       grad_fn=<SumBackward1>)
Size of covariance_matrix: torch.Size([1, 7, 7])
Size of covariance_matrix_prime: torch.Size([1, 7, 7])
cosineSimilarity tensor([[1.0000, 1.0000, 1.0000, 1.0000, 1.0000, 1.0000, 1.0000]],
       grad_fn=<SumBackward1>)
Size of covariance_matrix: torch.Size([1, 7, 7])
Size of covariance_matrix_prime: torch.Size([1, 7, 7])
cosineSimilarity tensor([[1.0000, 1.0000, 1.0000, 1.0000, 1.0000, 1.0000, 1.0000]],
       grad_fn=<SumBackward1>)
Size of covariance_matrix: torch.Size([1, 7, 7])
Size of covariance_matrix_prime: torch.Size([1, 7, 7])
cosineSimilarity tensor([[0.9998, 1.0000, 0.9999, 1.0000, 0.9999, 0.9999, 1.0000]],
       grad_fn=<SumBackward1>)
Size of covariance_matrix: torch.Size([1, 7, 7])
Size of covariance_matrix_prime: torch.Size([1, 7, 7])
cosineSimilarity tensor([[1.0000, 1.0000, 1.0000, 1.0000, 1.0000, 1.0000, 1.0000]],
       grad_fn=<SumBackward1>)
Size of covariance_matrix: torch.Size([1, 7, 7])
Size of covariance_matrix_prime: torch.Size([1, 7, 7])
cosineSimilarity tensor([[1.0000, 1.0000, 0.9999, 0.9999, 0.9999, 1.0000, 0.9998]],
       grad_fn=<SumBackward1>)
Size of covariance_matrix: torch.Size([1, 7, 7])
Size of covariance_matrix_prime: torch.Size([1, 7, 7])
cosineSimilarity tensor([[1.0000, 1.0000, 1.0000, 1.0000, 1.0000, 1.0000, 1.0000]],
       grad_fn=<SumBackward1>)
Size of covariance_matrix: torch.Size([1, 7, 7])
Size of covariance_matrix_prime: torch.Size([1, 7, 7])
cosineSimilarity tensor([[0.9999, 1.0000, 1.0000, 1.0000, 0.9996, 1.0000, 0.9999]],
       grad_fn=<SumBackward1>)
Size of covariance_matrix: torch.Size([1, 7, 7])
Size of covariance_matrix_prime: torch.Size([1, 7, 7])
cosineSimilarity tensor([[1.0000, 1.0000, 1.0000, 1.0000, 1.0000, 1.0000, 1.0000]],
       grad_fn=<SumBackward1>)
Size of covariance_matrix: torch.Size([1, 7, 7])
Size of covariance_matrix_prime: torch.Size([1, 7, 7])
cosineSimilarity tensor([[1.0000, 1.0000, 0.9999, 1.0000, 1.0000, 1.0000, 1.0000]],
       grad_fn=<SumBackward1>)
Size of covariance_matrix: torch.Size([1, 7, 7])
Size of covariance_matrix_prime: torch.Size([1, 7, 7])
cosineSimilarity tensor([[1.0000, 0.9999, 1.0000, 1.0000, 0.9999, 1.0000, 0.9996]],
       grad_fn=<SumBackward1>)
Size of covariance_matrix: torch.Size([1, 7, 7])
Size of covariance_matrix_prime: torch.Size([1, 7, 7])
cosineSimilarity tensor([[1.0000, 1.0000, 1.0000, 1.0000, 0.9999, 1.0000, 1.0000]],
       grad_fn=<SumBackward1>)
Size of covariance_matrix: torch.Size([1, 7, 7])
Size of covariance_matrix_prime: torch.Size([1, 7, 7])
cosineSimilarity tensor([[1.0000, 1.0000, 0.9999, 1.0000, 1.0000, 1.0000, 1.0000]],
       grad_fn=<SumBackward1>)
Size of covariance_matrix: torch.Size([1, 7, 7])
Size of covariance_matrix_prime: torch.Size([1, 7, 7])
cosineSimilarity tensor([[1.0000, 0.9999, 1.0000, 1.0000, 0.9994, 1.0000, 1.0000]],
       grad_fn=<SumBackward1>)
Size of covariance_matrix: torch.Size([1, 7, 7])
Size of covariance_matrix_prime: torch.Size([1, 7, 7])
cosineSimilarity tensor([[0.9998, 1.0000, 1.0000, 0.9999, 0.9994, 0.9999, 0.9999]],
       grad_fn=<SumBackward1>)
Size of covariance_matrix: torch.Size([1, 7, 7])
Size of covariance_matrix_prime: torch.Size([1, 7, 7])
cosineSimilarity tensor([[1.0000, 1.0000, 1.0000, 1.0000, 1.0000, 1.0000, 0.9999]],
       grad_fn=<SumBackward1>)
Size of covariance_matrix: torch.Size([1, 7, 7])
Size of covariance_matrix_prime: torch.Size([1, 7, 7])
cosineSimilarity tensor([[0.9998, 1.0000, 1.0000, 1.0000, 1.0000, 1.0000, 1.0000]],
       grad_fn=<SumBackward1>)
Size of covariance_matrix: torch.Size([1, 7, 7])
Size of covariance_matrix_prime: torch.Size([1, 7, 7])
cosineSimilarity tensor([[0.9999, 1.0000, 1.0000, 1.0000, 1.0000, 1.0000, 1.0000]],
       grad_fn=<SumBackward1>)
Size of covariance_matrix: torch.Size([1, 7, 7])
Size of covariance_matrix_prime: torch.Size([1, 7, 7])
cosineSimilarity tensor([[1.0000, 1.0000, 1.0000, 1.0000, 0.9999, 1.0000, 1.0000]],
       grad_fn=<SumBackward1>)
Size of covariance_matrix: torch.Size([1, 7, 7])
Size of covariance_matrix_prime: torch.Size([1, 7, 7])
cosineSimilarity tensor([[1.0000, 1.0000, 1.0000, 1.0000, 1.0000, 1.0000, 1.0000]],
       grad_fn=<SumBackward1>)
Size of covariance_matrix: torch.Size([1, 7, 7])
Size of covariance_matrix_prime: torch.Size([1, 7, 7])
cosineSimilarity tensor([[0.9999, 1.0000, 0.9999, 1.0000, 1.0000, 1.0000, 1.0000]],
       grad_fn=<SumBackward1>)
Size of covariance_matrix: torch.Size([1, 7, 7])
Size of covariance_matrix_prime: torch.Size([1, 7, 7])
cosineSimilarity tensor([[0.9999, 1.0000, 0.9999, 0.9999, 0.9999, 1.0000, 0.9995]],
       grad_fn=<SumBackward1>)
Size of covariance_matrix: torch.Size([1, 7, 7])
Size of covariance_matrix_prime: torch.Size([1, 7, 7])
cosineSimilarity tensor([[1.0000, 1.0000, 1.0000, 1.0000, 1.0000, 1.0000, 1.0000]],
       grad_fn=<SumBackward1>)
Size of covariance_matrix: torch.Size([1, 7, 7])
Size of covariance_matrix_prime: torch.Size([1, 7, 7])
cosineSimilarity tensor([[1.0000, 1.0000, 1.0000, 1.0000, 0.9999, 1.0000, 1.0000]],
       grad_fn=<SumBackward1>)
Size of covariance_matrix: torch.Size([1, 7, 7])
Size of covariance_matrix_prime: torch.Size([1, 7, 7])
cosineSimilarity tensor([[1.0000, 1.0000, 0.9999, 1.0000, 0.9999, 1.0000, 1.0000]],
       grad_fn=<SumBackward1>)
Size of covariance_matrix: torch.Size([1, 7, 7])
Size of covariance_matrix_prime: torch.Size([1, 7, 7])
cosineSimilarity tensor([[0.9999, 0.9999, 0.9992, 0.9999, 0.9997, 1.0000, 0.9999]],
       grad_fn=<SumBackward1>)
Size of covariance_matrix: torch.Size([1, 7, 7])
Size of covariance_matrix_prime: torch.Size([1, 7, 7])
cosineSimilarity tensor([[1.0000, 1.0000, 1.0000, 1.0000, 0.9999, 1.0000, 0.9999]],
       grad_fn=<SumBackward1>)
Size of covariance_matrix: torch.Size([1, 7, 7])
Size of covariance_matrix_prime: torch.Size([1, 7, 7])
cosineSimilarity tensor([[1.0000, 1.0000, 1.0000, 1.0000, 1.0000, 1.0000, 0.9999]],
       grad_fn=<SumBackward1>)
Size of covariance_matrix: torch.Size([1, 7, 7])
Size of covariance_matrix_prime: torch.Size([1, 7, 7])
cosineSimilarity tensor([[0.9999, 0.9997, 0.9997, 0.9997, 0.9998, 0.9998, 0.9992]],
       grad_fn=<SumBackward1>)
Size of covariance_matrix: torch.Size([1, 7, 7])
Size of covariance_matrix_prime: torch.Size([1, 7, 7])
cosineSimilarity tensor([[1.0000, 1.0000, 1.0000, 1.0000, 1.0000, 1.0000, 0.9999]],
       grad_fn=<SumBackward1>)
Size of covariance_matrix: torch.Size([1, 7, 7])
Size of covariance_matrix_prime: torch.Size([1, 7, 7])
cosineSimilarity tensor([[1.0000, 1.0000, 1.0000, 1.0000, 1.0000, 1.0000, 1.0000]],
       grad_fn=<SumBackward1>)
Size of covariance_matrix: torch.Size([1, 7, 7])
Size of covariance_matrix_prime: torch.Size([1, 7, 7])
cosineSimilarity tensor([[1.0000, 1.0000, 1.0000, 1.0000, 1.0000, 1.0000, 1.0000]],
       grad_fn=<SumBackward1>)
Size of covariance_matrix: torch.Size([1, 7, 7])
Size of covariance_matrix_prime: torch.Size([1, 7, 7])
cosineSimilarity tensor([[1.0000, 1.0000, 1.0000, 1.0000, 1.0000, 1.0000, 0.9999]],
       grad_fn=<SumBackward1>)
Size of covariance_matrix: torch.Size([1, 7, 7])
Size of covariance_matrix_prime: torch.Size([1, 7, 7])
cosineSimilarity tensor([[1.0000, 1.0000, 1.0000, 1.0000, 1.0000, 1.0000, 1.0000]],
       grad_fn=<SumBackward1>)
Size of covariance_matrix: torch.Size([1, 7, 7])
Size of covariance_matrix_prime: torch.Size([1, 7, 7])
cosineSimilarity tensor([[1.0000, 1.0000, 1.0000, 1.0000, 1.0000, 1.0000, 1.0000]],
       grad_fn=<SumBackward1>)
Size of covariance_matrix: torch.Size([1, 7, 7])
Size of covariance_matrix_prime: torch.Size([1, 7, 7])
cosineSimilarity tensor([[1.0000, 0.9999, 0.9999, 1.0000, 1.0000, 1.0000, 0.9998]],
       grad_fn=<SumBackward1>)
Size of covariance_matrix: torch.Size([1, 7, 7])
Size of covariance_matrix_prime: torch.Size([1, 7, 7])
cosineSimilarity tensor([[1.0000, 1.0000, 1.0000, 1.0000, 0.9999, 1.0000, 1.0000]],
       grad_fn=<SumBackward1>)
Size of covariance_matrix: torch.Size([1, 7, 7])
Size of covariance_matrix_prime: torch.Size([1, 7, 7])
cosineSimilarity tensor([[1.0000, 1.0000, 1.0000, 1.0000, 1.0000, 1.0000, 1.0000]],
       grad_fn=<SumBackward1>)
Size of covariance_matrix: torch.Size([1, 7, 7])
Size of covariance_matrix_prime: torch.Size([1, 7, 7])
cosineSimilarity tensor([[0.9999, 1.0000, 1.0000, 1.0000, 1.0000, 1.0000, 0.9999]],
       grad_fn=<SumBackward1>)
Size of covariance_matrix: torch.Size([1, 7, 7])
Size of covariance_matrix_prime: torch.Size([1, 7, 7])
cosineSimilarity tensor([[1.0000, 1.0000, 1.0000, 0.9999, 0.9999, 1.0000, 1.0000]],
       grad_fn=<SumBackward1>)
Size of covariance_matrix: torch.Size([1, 7, 7])
Size of covariance_matrix_prime: torch.Size([1, 7, 7])
cosineSimilarity tensor([[1.0000, 1.0000, 1.0000, 1.0000, 1.0000, 1.0000, 1.0000]],
       grad_fn=<SumBackward1>)
Size of covariance_matrix: torch.Size([1, 7, 7])
Size of covariance_matrix_prime: torch.Size([1, 7, 7])
cosineSimilarity tensor([[1.0000, 1.0000, 1.0000, 1.0000, 1.0000, 1.0000, 1.0000]],
       grad_fn=<SumBackward1>)
Size of covariance_matrix: torch.Size([1, 7, 7])
Size of covariance_matrix_prime: torch.Size([1, 7, 7])
cosineSimilarity tensor([[1.0000, 1.0000, 1.0000, 0.9999, 0.9998, 0.9999, 0.9999]],
       grad_fn=<SumBackward1>)
Size of covariance_matrix: torch.Size([1, 7, 7])
Size of covariance_matrix_prime: torch.Size([1, 7, 7])
cosineSimilarity tensor([[1.0000, 1.0000, 0.9999, 1.0000, 1.0000, 1.0000, 1.0000]],
       grad_fn=<SumBackward1>)
Size of covariance_matrix: torch.Size([1, 7, 7])
Size of covariance_matrix_prime: torch.Size([1, 7, 7])
cosineSimilarity tensor([[1.0000, 1.0000, 1.0000, 1.0000, 1.0000, 1.0000, 1.0000]],
       grad_fn=<SumBackward1>)
Size of covariance_matrix: torch.Size([1, 7, 7])
Size of covariance_matrix_prime: torch.Size([1, 7, 7])
cosineSimilarity tensor([[1.0000, 1.0000, 1.0000, 1.0000, 1.0000, 1.0000, 1.0000]],
       grad_fn=<SumBackward1>)
Size of covariance_matrix: torch.Size([1, 7, 7])
Size of covariance_matrix_prime: torch.Size([1, 7, 7])
cosineSimilarity tensor([[1.0000, 1.0000, 1.0000, 1.0000, 1.0000, 1.0000, 1.0000]],
       grad_fn=<SumBackward1>)
Size of covariance_matrix: torch.Size([1, 7, 7])
Size of covariance_matrix_prime: torch.Size([1, 7, 7])
cosineSimilarity tensor([[0.9999, 1.0000, 1.0000, 0.9999, 0.9999, 1.0000, 0.9999]],
       grad_fn=<SumBackward1>)
Size of covariance_matrix: torch.Size([1, 7, 7])
Size of covariance_matrix_prime: torch.Size([1, 7, 7])
cosineSimilarity tensor([[1.0000, 0.9999, 1.0000, 1.0000, 0.9999, 1.0000, 1.0000]],
       grad_fn=<SumBackward1>)
Size of covariance_matrix: torch.Size([1, 7, 7])
Size of covariance_matrix_prime: torch.Size([1, 7, 7])
cosineSimilarity tensor([[1.0000, 1.0000, 1.0000, 1.0000, 0.9999, 1.0000, 1.0000]],
       grad_fn=<SumBackward1>)
Size of covariance_matrix: torch.Size([1, 7, 7])
Size of covariance_matrix_prime: torch.Size([1, 7, 7])
cosineSimilarity tensor([[1.0000, 0.9999, 0.9999, 1.0000, 0.9999, 1.0000, 1.0000]],
       grad_fn=<SumBackward1>)
Size of covariance_matrix: torch.Size([1, 7, 7])
Size of covariance_matrix_prime: torch.Size([1, 7, 7])
cosineSimilarity tensor([[1.0000, 1.0000, 1.0000, 0.9999, 0.9995, 1.0000, 0.9998]],
       grad_fn=<SumBackward1>)
Size of covariance_matrix: torch.Size([1, 7, 7])
Size of covariance_matrix_prime: torch.Size([1, 7, 7])
cosineSimilarity tensor([[0.9999, 1.0000, 1.0000, 1.0000, 0.9999, 1.0000, 1.0000]],
       grad_fn=<SumBackward1>)
Size of covariance_matrix: torch.Size([1, 7, 7])
Size of covariance_matrix_prime: torch.Size([1, 7, 7])
cosineSimilarity tensor([[1.0000, 1.0000, 1.0000, 1.0000, 1.0000, 1.0000, 1.0000]],
       grad_fn=<SumBackward1>)
Size of covariance_matrix: torch.Size([1, 7, 7])
Size of covariance_matrix_prime: torch.Size([1, 7, 7])
cosineSimilarity tensor([[1.0000, 1.0000, 1.0000, 1.0000, 0.9999, 1.0000, 0.9998]],
       grad_fn=<SumBackward1>)
Size of covariance_matrix: torch.Size([1, 7, 7])
Size of covariance_matrix_prime: torch.Size([1, 7, 7])
cosineSimilarity tensor([[1.0000, 1.0000, 1.0000, 1.0000, 1.0000, 1.0000, 1.0000]],
       grad_fn=<SumBackward1>)
Size of covariance_matrix: torch.Size([1, 7, 7])
Size of covariance_matrix_prime: torch.Size([1, 7, 7])
cosineSimilarity tensor([[1.0000, 1.0000, 1.0000, 1.0000, 1.0000, 1.0000, 1.0000]],
       grad_fn=<SumBackward1>)
Size of covariance_matrix: torch.Size([1, 7, 7])
Size of covariance_matrix_prime: torch.Size([1, 7, 7])
cosineSimilarity tensor([[0.9998, 0.9999, 0.9999, 1.0000, 0.9997, 0.9998, 0.9997]],
       grad_fn=<SumBackward1>)
Size of covariance_matrix: torch.Size([1, 7, 7])
Size of covariance_matrix_prime: torch.Size([1, 7, 7])
cosineSimilarity tensor([[1.0000, 1.0000, 1.0000, 1.0000, 1.0000, 1.0000, 1.0000]],
       grad_fn=<SumBackward1>)
Size of covariance_matrix: torch.Size([1, 7, 7])
Size of covariance_matrix_prime: torch.Size([1, 7, 7])
cosineSimilarity tensor([[1.0000, 1.0000, 0.9999, 1.0000, 1.0000, 1.0000, 1.0000]],
       grad_fn=<SumBackward1>)
Size of covariance_matrix: torch.Size([1, 7, 7])
Size of covariance_matrix_prime: torch.Size([1, 7, 7])
cosineSimilarity tensor([[1.0000, 1.0000, 0.9997, 1.0000, 0.9999, 0.9999, 1.0000]],
       grad_fn=<SumBackward1>)
Size of covariance_matrix: torch.Size([1, 7, 7])
Size of covariance_matrix_prime: torch.Size([1, 7, 7])
cosineSimilarity tensor([[1.0000, 1.0000, 1.0000, 1.0000, 1.0000, 1.0000, 1.0000]],
       grad_fn=<SumBackward1>)
Size of covariance_matrix: torch.Size([1, 7, 7])
Size of covariance_matrix_prime: torch.Size([1, 7, 7])
cosineSimilarity tensor([[1.0000, 1.0000, 1.0000, 1.0000, 1.0000, 1.0000, 1.0000]],
       grad_fn=<SumBackward1>)
Size of covariance_matrix: torch.Size([1, 7, 7])
Size of covariance_matrix_prime: torch.Size([1, 7, 7])
cosineSimilarity tensor([[1.0000, 1.0000, 1.0000, 1.0000, 1.0000, 1.0000, 1.0000]],
       grad_fn=<SumBackward1>)
Size of covariance_matrix: torch.Size([1, 7, 7])
Size of covariance_matrix_prime: torch.Size([1, 7, 7])
cosineSimilarity tensor([[1.0000, 0.9999, 1.0000, 0.9999, 0.9999, 1.0000, 0.9997]],
       grad_fn=<SumBackward1>)
Size of covariance_matrix: torch.Size([1, 7, 7])
Size of covariance_matrix_prime: torch.Size([1, 7, 7])
cosineSimilarity tensor([[1.0000, 0.9999, 1.0000, 0.9999, 1.0000, 1.0000, 1.0000]],
       grad_fn=<SumBackward1>)
Size of covariance_matrix: torch.Size([1, 7, 7])
Size of covariance_matrix_prime: torch.Size([1, 7, 7])
cosineSimilarity tensor([[1.0000, 1.0000, 0.9999, 1.0000, 0.9999, 1.0000, 1.0000]],
       grad_fn=<SumBackward1>)
Size of covariance_matrix: torch.Size([1, 7, 7])
Size of covariance_matrix_prime: torch.Size([1, 7, 7])
cosineSimilarity tensor([[1.0000, 0.9999, 1.0000, 1.0000, 1.0000, 1.0000, 1.0000]],
       grad_fn=<SumBackward1>)
Size of covariance_matrix: torch.Size([1, 7, 7])
Size of covariance_matrix_prime: torch.Size([1, 7, 7])
cosineSimilarity tensor([[1.0000, 1.0000, 1.0000, 1.0000, 1.0000, 1.0000, 1.0000]],
       grad_fn=<SumBackward1>)
Size of covariance_matrix: torch.Size([1, 7, 7])
Size of covariance_matrix_prime: torch.Size([1, 7, 7])
cosineSimilarity tensor([[0.9999, 1.0000, 0.9999, 0.9999, 0.9998, 1.0000, 1.0000]],
       grad_fn=<SumBackward1>)
Size of covariance_matrix: torch.Size([1, 7, 7])
Size of covariance_matrix_prime: torch.Size([1, 7, 7])
cosineSimilarity tensor([[1.0000, 0.9999, 1.0000, 1.0000, 1.0000, 1.0000, 1.0000]],
       grad_fn=<SumBackward1>)
Size of covariance_matrix: torch.Size([1, 7, 7])
Size of covariance_matrix_prime: torch.Size([1, 7, 7])
cosineSimilarity tensor([[1.0000, 1.0000, 1.0000, 1.0000, 1.0000, 1.0000, 1.0000]],
       grad_fn=<SumBackward1>)
Size of covariance_matrix: torch.Size([1, 7, 7])
Size of covariance_matrix_prime: torch.Size([1, 7, 7])
cosineSimilarity tensor([[1.0000, 1.0000, 1.0000, 1.0000, 1.0000, 1.0000, 1.0000]],
       grad_fn=<SumBackward1>)
Size of covariance_matrix: torch.Size([1, 7, 7])
Size of covariance_matrix_prime: torch.Size([1, 7, 7])
cosineSimilarity tensor([[1.0000, 1.0000, 1.0000, 0.9999, 1.0000, 0.9999, 0.9999]],
       grad_fn=<SumBackward1>)
Size of covariance_matrix: torch.Size([1, 7, 7])
Size of covariance_matrix_prime: torch.Size([1, 7, 7])
cosineSimilarity tensor([[1.0000, 1.0000, 1.0000, 1.0000, 1.0000, 1.0000, 1.0000]],
       grad_fn=<SumBackward1>)
Size of covariance_matrix: torch.Size([1, 7, 7])
Size of covariance_matrix_prime: torch.Size([1, 7, 7])
cosineSimilarity tensor([[1.0000, 1.0000, 0.9999, 1.0000, 0.9999, 1.0000, 1.0000]],
       grad_fn=<SumBackward1>)
Size of covariance_matrix: torch.Size([1, 7, 7])
Size of covariance_matrix_prime: torch.Size([1, 7, 7])
cosineSimilarity tensor([[0.9996, 1.0000, 1.0000, 1.0000, 0.9999, 1.0000, 0.9999]],
       grad_fn=<SumBackward1>)
Size of covariance_matrix: torch.Size([1, 7, 7])
Size of covariance_matrix_prime: torch.Size([1, 7, 7])
cosineSimilarity tensor([[1.0000, 1.0000, 1.0000, 1.0000, 0.9999, 1.0000, 0.9999]],
       grad_fn=<SumBackward1>)
Size of covariance_matrix: torch.Size([1, 7, 7])
Size of covariance_matrix_prime: torch.Size([1, 7, 7])
cosineSimilarity tensor([[1.0000, 1.0000, 1.0000, 1.0000, 0.9999, 1.0000, 0.9999]],
       grad_fn=<SumBackward1>)
Size of covariance_matrix: torch.Size([1, 7, 7])
Size of covariance_matrix_prime: torch.Size([1, 7, 7])
cosineSimilarity tensor([[1.0000, 0.9999, 0.9999, 1.0000, 0.9997, 1.0000, 1.0000]],
       grad_fn=<SumBackward1>)
Size of covariance_matrix: torch.Size([1, 7, 7])
Size of covariance_matrix_prime: torch.Size([1, 7, 7])
cosineSimilarity tensor([[0.9998, 0.9999, 0.9999, 1.0000, 0.9998, 1.0000, 0.9999]],
       grad_fn=<SumBackward1>)
Size of covariance_matrix: torch.Size([1, 7, 7])
Size of covariance_matrix_prime: torch.Size([1, 7, 7])
cosineSimilarity tensor([[0.9999, 1.0000, 0.9999, 1.0000, 0.9998, 0.9999, 1.0000]],
       grad_fn=<SumBackward1>)
Size of covariance_matrix: torch.Size([1, 7, 7])
Size of covariance_matrix_prime: torch.Size([1, 7, 7])
cosineSimilarity tensor([[0.9999, 0.9998, 1.0000, 0.9999, 0.9992, 1.0000, 0.9998]],
       grad_fn=<SumBackward1>)
Size of covariance_matrix: torch.Size([1, 7, 7])
Size of covariance_matrix_prime: torch.Size([1, 7, 7])
cosineSimilarity tensor([[1.0000, 0.9999, 0.9999, 1.0000, 0.9999, 1.0000, 1.0000]],
       grad_fn=<SumBackward1>)
Size of covariance_matrix: torch.Size([1, 7, 7])
Size of covariance_matrix_prime: torch.Size([1, 7, 7])
cosineSimilarity tensor([[1.0000, 0.9999, 0.9999, 1.0000, 0.9999, 1.0000, 0.9999]],
       grad_fn=<SumBackward1>)
Size of covariance_matrix: torch.Size([1, 7, 7])
Size of covariance_matrix_prime: torch.Size([1, 7, 7])
cosineSimilarity tensor([[1.0000, 0.9996, 1.0000, 1.0000, 0.9999, 1.0000, 1.0000]],
       grad_fn=<SumBackward1>)
Size of covariance_matrix: torch.Size([1, 7, 7])
Size of covariance_matrix_prime: torch.Size([1, 7, 7])
cosineSimilarity tensor([[1.0000, 1.0000, 1.0000, 1.0000, 1.0000, 1.0000, 1.0000]],
       grad_fn=<SumBackward1>)
Size of covariance_matrix: torch.Size([1, 7, 7])
Size of covariance_matrix_prime: torch.Size([1, 7, 7])
cosineSimilarity tensor([[1.0000, 1.0000, 0.9999, 0.9999, 0.9996, 1.0000, 0.9998]],
       grad_fn=<SumBackward1>)
Size of covariance_matrix: torch.Size([1, 7, 7])
Size of covariance_matrix_prime: torch.Size([1, 7, 7])
cosineSimilarity tensor([[1.0000, 1.0000, 1.0000, 1.0000, 1.0000, 1.0000, 1.0000]],
       grad_fn=<SumBackward1>)
Size of covariance_matrix: torch.Size([1, 7, 7])
Size of covariance_matrix_prime: torch.Size([1, 7, 7])
cosineSimilarity tensor([[1.0000, 1.0000, 1.0000, 1.0000, 1.0000, 1.0000, 0.9999]],
       grad_fn=<SumBackward1>)
Size of covariance_matrix: torch.Size([1, 7, 7])
Size of covariance_matrix_prime: torch.Size([1, 7, 7])
cosineSimilarity tensor([[1.0000, 0.9999, 0.9999, 0.9999, 0.9999, 1.0000, 1.0000]],
       grad_fn=<SumBackward1>)
Size of covariance_matrix: torch.Size([1, 7, 7])
Size of covariance_matrix_prime: torch.Size([1, 7, 7])
cosineSimilarity tensor([[0.9998, 0.9997, 1.0000, 0.9999, 0.9999, 0.9997, 0.9999]],
       grad_fn=<SumBackward1>)
Size of covariance_matrix: torch.Size([1, 7, 7])
Size of covariance_matrix_prime: torch.Size([1, 7, 7])
cosineSimilarity tensor([[1.0000, 1.0000, 1.0000, 1.0000, 1.0000, 1.0000, 1.0000]],
       grad_fn=<SumBackward1>)
Size of covariance_matrix: torch.Size([1, 7, 7])
Size of covariance_matrix_prime: torch.Size([1, 7, 7])
cosineSimilarity tensor([[1.0000, 1.0000, 1.0000, 1.0000, 1.0000, 1.0000, 1.0000]],
       grad_fn=<SumBackward1>)
Size of covariance_matrix: torch.Size([1, 7, 7])
Size of covariance_matrix_prime: torch.Size([1, 7, 7])
cosineSimilarity tensor([[1.0000, 1.0000, 1.0000, 1.0000, 0.9996, 1.0000, 0.9999]],
       grad_fn=<SumBackward1>)
Size of covariance_matrix: torch.Size([1, 7, 7])
Size of covariance_matrix_prime: torch.Size([1, 7, 7])
cosineSimilarity tensor([[0.9999, 1.0000, 1.0000, 1.0000, 0.9999, 1.0000, 0.9997]],
       grad_fn=<SumBackward1>)
Size of covariance_matrix: torch.Size([1, 7, 7])
Size of covariance_matrix_prime: torch.Size([1, 7, 7])
cosineSimilarity tensor([[1.0000, 0.9999, 0.9999, 0.9999, 0.9999, 1.0000, 1.0000]],
       grad_fn=<SumBackward1>)
Size of covariance_matrix: torch.Size([1, 7, 7])
Size of covariance_matrix_prime: torch.Size([1, 7, 7])
cosineSimilarity tensor([[1.0000, 1.0000, 1.0000, 1.0000, 0.9999, 1.0000, 1.0000]],
       grad_fn=<SumBackward1>)
Size of covariance_matrix: torch.Size([1, 7, 7])
Size of covariance_matrix_prime: torch.Size([1, 7, 7])
cosineSimilarity tensor([[1.0000, 1.0000, 1.0000, 1.0000, 0.9999, 1.0000, 1.0000]],
       grad_fn=<SumBackward1>)
Size of covariance_matrix: torch.Size([1, 7, 7])
Size of covariance_matrix_prime: torch.Size([1, 7, 7])
cosineSimilarity tensor([[1.0000, 1.0000, 1.0000, 1.0000, 1.0000, 1.0000, 1.0000]],
       grad_fn=<SumBackward1>)
Size of covariance_matrix: torch.Size([1, 7, 7])
Size of covariance_matrix_prime: torch.Size([1, 7, 7])
cosineSimilarity tensor([[1.0000, 0.9999, 1.0000, 1.0000, 1.0000, 1.0000, 0.9999]],
       grad_fn=<SumBackward1>)
Size of covariance_matrix: torch.Size([1, 7, 7])
Size of covariance_matrix_prime: torch.Size([1, 7, 7])
cosineSimilarity tensor([[0.9998, 0.9998, 0.9998, 1.0000, 0.9988, 0.9999, 0.9999]],
       grad_fn=<SumBackward1>)
Size of covariance_matrix: torch.Size([1, 7, 7])
Size of covariance_matrix_prime: torch.Size([1, 7, 7])
cosineSimilarity tensor([[1.0000, 0.9998, 0.9999, 0.9999, 0.9999, 1.0000, 1.0000]],
       grad_fn=<SumBackward1>)
Size of covariance_matrix: torch.Size([1, 7, 7])
Size of covariance_matrix_prime: torch.Size([1, 7, 7])
cosineSimilarity tensor([[1.0000, 1.0000, 0.9999, 1.0000, 0.9999, 1.0000, 0.9999]],
       grad_fn=<SumBackward1>)
Size of covariance_matrix: torch.Size([1, 7, 7])
Size of covariance_matrix_prime: torch.Size([1, 7, 7])
cosineSimilarity tensor([[1.0000, 1.0000, 1.0000, 1.0000, 0.9999, 1.0000, 0.9999]],
       grad_fn=<SumBackward1>)
Size of covariance_matrix: torch.Size([1, 7, 7])
Size of covariance_matrix_prime: torch.Size([1, 7, 7])
cosineSimilarity tensor([[1.0000, 1.0000, 0.9998, 0.9999, 0.9998, 1.0000, 0.9999]],
       grad_fn=<SumBackward1>)
Size of covariance_matrix: torch.Size([1, 7, 7])
Size of covariance_matrix_prime: torch.Size([1, 7, 7])
cosineSimilarity tensor([[1.0000, 1.0000, 0.9999, 1.0000, 0.9999, 1.0000, 1.0000]],
       grad_fn=<SumBackward1>)
Size of covariance_matrix: torch.Size([1, 7, 7])
Size of covariance_matrix_prime: torch.Size([1, 7, 7])
cosineSimilarity tensor([[1.0000, 1.0000, 1.0000, 1.0000, 0.9999, 1.0000, 1.0000]],
       grad_fn=<SumBackward1>)
Size of covariance_matrix: torch.Size([1, 7, 7])
Size of covariance_matrix_prime: torch.Size([1, 7, 7])
cosineSimilarity tensor([[1.0000, 1.0000, 1.0000, 1.0000, 1.0000, 1.0000, 1.0000]],
       grad_fn=<SumBackward1>)
Size of covariance_matrix: torch.Size([1, 7, 7])
Size of covariance_matrix_prime: torch.Size([1, 7, 7])
cosineSimilarity tensor([[1.0000, 0.9997, 0.9999, 1.0000, 0.9999, 0.9999, 1.0000]],
       grad_fn=<SumBackward1>)
Size of covariance_matrix: torch.Size([1, 7, 7])
Size of covariance_matrix_prime: torch.Size([1, 7, 7])
cosineSimilarity tensor([[0.9999, 1.0000, 1.0000, 0.9999, 0.9998, 1.0000, 0.9999]],
       grad_fn=<SumBackward1>)
Size of covariance_matrix: torch.Size([1, 7, 7])
Size of covariance_matrix_prime: torch.Size([1, 7, 7])
cosineSimilarity tensor([[1.0000, 1.0000, 1.0000, 1.0000, 1.0000, 1.0000, 1.0000]],
       grad_fn=<SumBackward1>)
Size of covariance_matrix: torch.Size([1, 7, 7])
Size of covariance_matrix_prime: torch.Size([1, 7, 7])
cosineSimilarity tensor([[1.0000, 1.0000, 1.0000, 1.0000, 0.9999, 1.0000, 1.0000]],
       grad_fn=<SumBackward1>)
Size of covariance_matrix: torch.Size([1, 7, 7])
Size of covariance_matrix_prime: torch.Size([1, 7, 7])
cosineSimilarity tensor([[1.0000, 1.0000, 1.0000, 1.0000, 1.0000, 1.0000, 1.0000]],
       grad_fn=<SumBackward1>)
Size of covariance_matrix: torch.Size([1, 7, 7])
Size of covariance_matrix_prime: torch.Size([1, 7, 7])
cosineSimilarity tensor([[1.0000, 1.0000, 1.0000, 1.0000, 1.0000, 1.0000, 1.0000]],
       grad_fn=<SumBackward1>)
Size of covariance_matrix: torch.Size([1, 7, 7])
Size of covariance_matrix_prime: torch.Size([1, 7, 7])
cosineSimilarity tensor([[1.0000, 1.0000, 1.0000, 1.0000, 1.0000, 1.0000, 1.0000]],
       grad_fn=<SumBackward1>)
Size of covariance_matrix: torch.Size([1, 7, 7])
Size of covariance_matrix_prime: torch.Size([1, 7, 7])
cosineSimilarity tensor([[0.9999, 0.9998, 0.9998, 1.0000, 0.9999, 1.0000, 0.9994]],
       grad_fn=<SumBackward1>)
Size of covariance_matrix: torch.Size([1, 7, 7])
Size of covariance_matrix_prime: torch.Size([1, 7, 7])
cosineSimilarity tensor([[1.0000, 1.0000, 1.0000, 1.0000, 1.0000, 1.0000, 0.9999]],
       grad_fn=<SumBackward1>)
Size of covariance_matrix: torch.Size([1, 7, 7])
Size of covariance_matrix_prime: torch.Size([1, 7, 7])
cosineSimilarity tensor([[1.0000, 1.0000, 0.9999, 1.0000, 1.0000, 1.0000, 1.0000]],
       grad_fn=<SumBackward1>)
Size of covariance_matrix: torch.Size([1, 7, 7])
Size of covariance_matrix_prime: torch.Size([1, 7, 7])
cosineSimilarity tensor([[1.0000, 1.0000, 1.0000, 1.0000, 1.0000, 1.0000, 0.9999]],
       grad_fn=<SumBackward1>)
Size of covariance_matrix: torch.Size([1, 7, 7])
Size of covariance_matrix_prime: torch.Size([1, 7, 7])
cosineSimilarity tensor([[1.0000, 0.9999, 0.9999, 1.0000, 0.9999, 1.0000, 1.0000]],
       grad_fn=<SumBackward1>)
Size of covariance_matrix: torch.Size([1, 7, 7])
Size of covariance_matrix_prime: torch.Size([1, 7, 7])
cosineSimilarity tensor([[1.0000, 1.0000, 1.0000, 1.0000, 1.0000, 1.0000, 1.0000]],
       grad_fn=<SumBackward1>)
Size of covariance_matrix: torch.Size([1, 7, 7])
Size of covariance_matrix_prime: torch.Size([1, 7, 7])
cosineSimilarity tensor([[1.0000, 1.0000, 0.9999, 1.0000, 0.9999, 1.0000, 0.9995]],
       grad_fn=<SumBackward1>)
Size of covariance_matrix: torch.Size([1, 7, 7])
Size of covariance_matrix_prime: torch.Size([1, 7, 7])
cosineSimilarity tensor([[1.0000, 1.0000, 1.0000, 1.0000, 0.9999, 1.0000, 1.0000]],
       grad_fn=<SumBackward1>)
Size of covariance_matrix: torch.Size([1, 7, 7])
Size of covariance_matrix_prime: torch.Size([1, 7, 7])
cosineSimilarity tensor([[1.0000, 1.0000, 1.0000, 1.0000, 0.9999, 1.0000, 1.0000]],
       grad_fn=<SumBackward1>)
Size of covariance_matrix: torch.Size([1, 7, 7])
Size of covariance_matrix_prime: torch.Size([1, 7, 7])
cosineSimilarity tensor([[0.9999, 1.0000, 0.9998, 0.9999, 0.9996, 1.0000, 1.0000]],
       grad_fn=<SumBackward1>)
Size of covariance_matrix: torch.Size([1, 7, 7])
Size of covariance_matrix_prime: torch.Size([1, 7, 7])
cosineSimilarity tensor([[0.9997, 1.0000, 0.9999, 1.0000, 0.9999, 0.9999, 1.0000]],
       grad_fn=<SumBackward1>)
Size of covariance_matrix: torch.Size([1, 7, 7])
Size of covariance_matrix_prime: torch.Size([1, 7, 7])
cosineSimilarity tensor([[0.9999, 0.9999, 0.9997, 0.9999, 0.9998, 0.9999, 0.9997]],
       grad_fn=<SumBackward1>)
Size of covariance_matrix: torch.Size([1, 7, 7])
Size of covariance_matrix_prime: torch.Size([1, 7, 7])
cosineSimilarity tensor([[1.0000, 1.0000, 0.9999, 1.0000, 0.9999, 1.0000, 1.0000]],
       grad_fn=<SumBackward1>)
Size of covariance_matrix: torch.Size([1, 7, 7])
Size of covariance_matrix_prime: torch.Size([1, 7, 7])
cosineSimilarity tensor([[1.0000, 1.0000, 1.0000, 1.0000, 1.0000, 1.0000, 1.0000]],
       grad_fn=<SumBackward1>)
Size of covariance_matrix: torch.Size([1, 7, 7])
Size of covariance_matrix_prime: torch.Size([1, 7, 7])
cosineSimilarity tensor([[1.0000, 1.0000, 0.9999, 1.0000, 1.0000, 1.0000, 0.9999]],
       grad_fn=<SumBackward1>)
Size of covariance_matrix: torch.Size([1, 7, 7])
Size of covariance_matrix_prime: torch.Size([1, 7, 7])
cosineSimilarity tensor([[1.0000, 0.9999, 0.9999, 1.0000, 0.9999, 1.0000, 1.0000]],
       grad_fn=<SumBackward1>)
Size of covariance_matrix: torch.Size([1, 7, 7])
Size of covariance_matrix_prime: torch.Size([1, 7, 7])
cosineSimilarity tensor([[1.0000, 1.0000, 1.0000, 1.0000, 1.0000, 1.0000, 1.0000]],
       grad_fn=<SumBackward1>)
Size of covariance_matrix: torch.Size([1, 7, 7])
Size of covariance_matrix_prime: torch.Size([1, 7, 7])
cosineSimilarity tensor([[1.0000, 1.0000, 1.0000, 1.0000, 1.0000, 1.0000, 1.0000]],
       grad_fn=<SumBackward1>)
Size of covariance_matrix: torch.Size([1, 7, 7])
Size of covariance_matrix_prime: torch.Size([1, 7, 7])
cosineSimilarity tensor([[1.0000, 0.9999, 1.0000, 1.0000, 1.0000, 1.0000, 1.0000]],
       grad_fn=<SumBackward1>)
Size of covariance_matrix: torch.Size([1, 7, 7])
Size of covariance_matrix_prime: torch.Size([1, 7, 7])
cosineSimilarity tensor([[1.0000, 1.0000, 1.0000, 1.0000, 0.9998, 1.0000, 1.0000]],
       grad_fn=<SumBackward1>)
Size of covariance_matrix: torch.Size([1, 7, 7])
Size of covariance_matrix_prime: torch.Size([1, 7, 7])
cosineSimilarity tensor([[1.0000, 0.9999, 1.0000, 1.0000, 0.9999, 1.0000, 1.0000]],
       grad_fn=<SumBackward1>)
Size of covariance_matrix: torch.Size([1, 7, 7])
Size of covariance_matrix_prime: torch.Size([1, 7, 7])
cosineSimilarity tensor([[1.0000, 1.0000, 1.0000, 1.0000, 1.0000, 1.0000, 1.0000]],
       grad_fn=<SumBackward1>)
Size of covariance_matrix: torch.Size([1, 7, 7])
Size of covariance_matrix_prime: torch.Size([1, 7, 7])
cosineSimilarity tensor([[0.9999, 0.9999, 0.9997, 0.9999, 0.9996, 1.0000, 0.9999]],
       grad_fn=<SumBackward1>)
Size of covariance_matrix: torch.Size([1, 7, 7])
Size of covariance_matrix_prime: torch.Size([1, 7, 7])
cosineSimilarity tensor([[1.0000, 1.0000, 1.0000, 1.0000, 1.0000, 1.0000, 1.0000]],
       grad_fn=<SumBackward1>)
Size of covariance_matrix: torch.Size([1, 7, 7])
Size of covariance_matrix_prime: torch.Size([1, 7, 7])
cosineSimilarity tensor([[1.0000, 1.0000, 1.0000, 1.0000, 1.0000, 1.0000, 1.0000]],
       grad_fn=<SumBackward1>)
Size of covariance_matrix: torch.Size([1, 7, 7])
Size of covariance_matrix_prime: torch.Size([1, 7, 7])
cosineSimilarity tensor([[1.0000, 1.0000, 0.9999, 1.0000, 0.9999, 1.0000, 1.0000]],
       grad_fn=<SumBackward1>)
Size of covariance_matrix: torch.Size([1, 7, 7])
Size of covariance_matrix_prime: torch.Size([1, 7, 7])
cosineSimilarity tensor([[0.9998, 0.9998, 0.9999, 0.9999, 0.9990, 0.9999, 0.9998]],
       grad_fn=<SumBackward1>)
Size of covariance_matrix: torch.Size([1, 7, 7])
Size of covariance_matrix_prime: torch.Size([1, 7, 7])
cosineSimilarity tensor([[1.0000, 1.0000, 1.0000, 1.0000, 1.0000, 1.0000, 1.0000]],
       grad_fn=<SumBackward1>)
Size of covariance_matrix: torch.Size([1, 7, 7])
Size of covariance_matrix_prime: torch.Size([1, 7, 7])
cosineSimilarity tensor([[0.9999, 0.9999, 1.0000, 1.0000, 0.9999, 0.9999, 0.9999]],
       grad_fn=<SumBackward1>)
Size of covariance_matrix: torch.Size([1, 7, 7])
Size of covariance_matrix_prime: torch.Size([1, 7, 7])
cosineSimilarity tensor([[1.0000, 1.0000, 1.0000, 1.0000, 1.0000, 1.0000, 1.0000]],
       grad_fn=<SumBackward1>)
Size of covariance_matrix: torch.Size([1, 7, 7])
Size of covariance_matrix_prime: torch.Size([1, 7, 7])
cosineSimilarity tensor([[1.0000, 1.0000, 1.0000, 1.0000, 1.0000, 1.0000, 1.0000]],
       grad_fn=<SumBackward1>)
Size of covariance_matrix: torch.Size([1, 7, 7])
Size of covariance_matrix_prime: torch.Size([1, 7, 7])
cosineSimilarity tensor([[1.0000, 1.0000, 1.0000, 1.0000, 1.0000, 1.0000, 1.0000]],
       grad_fn=<SumBackward1>)
Size of covariance_matrix: torch.Size([1, 7, 7])
Size of covariance_matrix_prime: torch.Size([1, 7, 7])
cosineSimilarity tensor([[1.0000, 1.0000, 1.0000, 1.0000, 0.9999, 1.0000, 1.0000]],
       grad_fn=<SumBackward1>)
Size of covariance_matrix: torch.Size([1, 7, 7])
Size of covariance_matrix_prime: torch.Size([1, 7, 7])
cosineSimilarity tensor([[1.0000, 1.0000, 1.0000, 1.0000, 1.0000, 1.0000, 1.0000]],
       grad_fn=<SumBackward1>)
Size of covariance_matrix: torch.Size([1, 7, 7])
Size of covariance_matrix_prime: torch.Size([1, 7, 7])
cosineSimilarity tensor([[1.0000, 1.0000, 1.0000, 1.0000, 1.0000, 1.0000, 1.0000]],
       grad_fn=<SumBackward1>)
Size of covariance_matrix: torch.Size([1, 7, 7])
Size of covariance_matrix_prime: torch.Size([1, 7, 7])
cosineSimilarity tensor([[1.0000, 1.0000, 1.0000, 1.0000, 1.0000, 1.0000, 1.0000]],
       grad_fn=<SumBackward1>)
Size of covariance_matrix: torch.Size([1, 7, 7])
Size of covariance_matrix_prime: torch.Size([1, 7, 7])
cosineSimilarity tensor([[0.9999, 0.9999, 0.9999, 0.9999, 0.9993, 1.0000, 0.9996]],
       grad_fn=<SumBackward1>)
Size of covariance_matrix: torch.Size([1, 7, 7])
Size of covariance_matrix_prime: torch.Size([1, 7, 7])
cosineSimilarity tensor([[1.0000, 1.0000, 1.0000, 1.0000, 1.0000, 1.0000, 1.0000]],
       grad_fn=<SumBackward1>)
Size of covariance_matrix: torch.Size([1, 7, 7])
Size of covariance_matrix_prime: torch.Size([1, 7, 7])
cosineSimilarity tensor([[1.0000, 1.0000, 1.0000, 1.0000, 1.0000, 1.0000, 0.9999]],
       grad_fn=<SumBackward1>)
Size of covariance_matrix: torch.Size([1, 7, 7])
Size of covariance_matrix_prime: torch.Size([1, 7, 7])
cosineSimilarity tensor([[1.0000, 1.0000, 1.0000, 1.0000, 1.0000, 1.0000, 1.0000]],
       grad_fn=<SumBackward1>)
Size of covariance_matrix: torch.Size([1, 7, 7])
Size of covariance_matrix_prime: torch.Size([1, 7, 7])
cosineSimilarity tensor([[0.9999, 1.0000, 0.9999, 0.9999, 0.9992, 0.9999, 0.9997]],
       grad_fn=<SumBackward1>)
Size of covariance_matrix: torch.Size([1, 7, 7])
Size of covariance_matrix_prime: torch.Size([1, 7, 7])
cosineSimilarity tensor([[1.0000, 1.0000, 1.0000, 1.0000, 0.9999, 1.0000, 1.0000]],
       grad_fn=<SumBackward1>)
Size of covariance_matrix: torch.Size([1, 7, 7])
Size of covariance_matrix_prime: torch.Size([1, 7, 7])
cosineSimilarity tensor([[0.9999, 1.0000, 1.0000, 1.0000, 0.9998, 1.0000, 1.0000]],
       grad_fn=<SumBackward1>)
Size of covariance_matrix: torch.Size([1, 7, 7])
Size of covariance_matrix_prime: torch.Size([1, 7, 7])
cosineSimilarity tensor([[1.0000, 1.0000, 1.0000, 1.0000, 1.0000, 1.0000, 1.0000]],
       grad_fn=<SumBackward1>)
Size of covariance_matrix: torch.Size([1, 7, 7])
Size of covariance_matrix_prime: torch.Size([1, 7, 7])
cosineSimilarity tensor([[1.0000, 1.0000, 1.0000, 1.0000, 1.0000, 1.0000, 1.0000]],
       grad_fn=<SumBackward1>)
Size of covariance_matrix: torch.Size([1, 7, 7])
Size of covariance_matrix_prime: torch.Size([1, 7, 7])
cosineSimilarity tensor([[1.0000, 1.0000, 1.0000, 1.0000, 1.0000, 1.0000, 1.0000]],
       grad_fn=<SumBackward1>)
Size of covariance_matrix: torch.Size([1, 7, 7])
Size of covariance_matrix_prime: torch.Size([1, 7, 7])
cosineSimilarity tensor([[0.9999, 0.9999, 0.9998, 1.0000, 0.9997, 0.9999, 0.9999]],
       grad_fn=<SumBackward1>)
Size of covariance_matrix: torch.Size([1, 7, 7])
Size of covariance_matrix_prime: torch.Size([1, 7, 7])
cosineSimilarity tensor([[1.0000, 0.9999, 1.0000, 1.0000, 1.0000, 1.0000, 1.0000]],
       grad_fn=<SumBackward1>)
Size of covariance_matrix: torch.Size([1, 7, 7])
Size of covariance_matrix_prime: torch.Size([1, 7, 7])
cosineSimilarity tensor([[1.0000, 0.9999, 0.9999, 0.9999, 0.9997, 1.0000, 1.0000]],
       grad_fn=<SumBackward1>)
Size of covariance_matrix: torch.Size([1, 7, 7])
Size of covariance_matrix_prime: torch.Size([1, 7, 7])
cosineSimilarity tensor([[1.0000, 1.0000, 1.0000, 1.0000, 0.9999, 1.0000, 1.0000]],
       grad_fn=<SumBackward1>)
Size of covariance_matrix: torch.Size([1, 7, 7])
Size of covariance_matrix_prime: torch.Size([1, 7, 7])
cosineSimilarity tensor([[1.0000, 1.0000, 1.0000, 1.0000, 0.9999, 1.0000, 1.0000]],
       grad_fn=<SumBackward1>)
Size of covariance_matrix: torch.Size([1, 7, 7])
Size of covariance_matrix_prime: torch.Size([1, 7, 7])
cosineSimilarity tensor([[1.0000, 1.0000, 1.0000, 1.0000, 1.0000, 1.0000, 1.0000]],
       grad_fn=<SumBackward1>)
Size of covariance_matrix: torch.Size([1, 7, 7])
Size of covariance_matrix_prime: torch.Size([1, 7, 7])
cosineSimilarity tensor([[1.0000, 1.0000, 1.0000, 1.0000, 1.0000, 1.0000, 1.0000]],
       grad_fn=<SumBackward1>)
Size of covariance_matrix: torch.Size([1, 7, 7])
Size of covariance_matrix_prime: torch.Size([1, 7, 7])
cosineSimilarity tensor([[1.0000, 1.0000, 1.0000, 1.0000, 1.0000, 1.0000, 1.0000]],
       grad_fn=<SumBackward1>)
Size of covariance_matrix: torch.Size([1, 7, 7])
Size of covariance_matrix_prime: torch.Size([1, 7, 7])
cosineSimilarity tensor([[1.0000, 0.9998, 0.9994, 1.0000, 0.9999, 1.0000, 1.0000]],
       grad_fn=<SumBackward1>)
Size of covariance_matrix: torch.Size([1, 7, 7])
Size of covariance_matrix_prime: torch.Size([1, 7, 7])
cosineSimilarity tensor([[1.0000, 1.0000, 1.0000, 1.0000, 1.0000, 1.0000, 1.0000]],
       grad_fn=<SumBackward1>)
Size of covariance_matrix: torch.Size([1, 7, 7])
Size of covariance_matrix_prime: torch.Size([1, 7, 7])
cosineSimilarity tensor([[1.0000, 1.0000, 1.0000, 1.0000, 1.0000, 1.0000, 1.0000]],
       grad_fn=<SumBackward1>)
Size of covariance_matrix: torch.Size([1, 7, 7])
Size of covariance_matrix_prime: torch.Size([1, 7, 7])
cosineSimilarity tensor([[1.0000, 0.9999, 1.0000, 1.0000, 0.9999, 1.0000, 0.9999]],
       grad_fn=<SumBackward1>)
Size of covariance_matrix: torch.Size([1, 7, 7])
Size of covariance_matrix_prime: torch.Size([1, 7, 7])
cosineSimilarity tensor([[1.0000, 1.0000, 1.0000, 1.0000, 1.0000, 1.0000, 1.0000]],
       grad_fn=<SumBackward1>)
Size of covariance_matrix: torch.Size([1, 7, 7])
Size of covariance_matrix_prime: torch.Size([1, 7, 7])
cosineSimilarity tensor([[1.0000, 1.0000, 1.0000, 1.0000, 1.0000, 1.0000, 1.0000]],
       grad_fn=<SumBackward1>)
Size of covariance_matrix: torch.Size([1, 7, 7])
Size of covariance_matrix_prime: torch.Size([1, 7, 7])
cosineSimilarity tensor([[1.0000, 1.0000, 1.0000, 0.9999, 0.9999, 1.0000, 1.0000]],
       grad_fn=<SumBackward1>)
Size of covariance_matrix: torch.Size([1, 7, 7])
Size of covariance_matrix_prime: torch.Size([1, 7, 7])
cosineSimilarity tensor([[1.0000, 1.0000, 1.0000, 1.0000, 1.0000, 1.0000, 1.0000]],
       grad_fn=<SumBackward1>)
Size of covariance_matrix: torch.Size([1, 7, 7])
Size of covariance_matrix_prime: torch.Size([1, 7, 7])
cosineSimilarity tensor([[1.0000, 1.0000, 0.9999, 1.0000, 1.0000, 1.0000, 1.0000]],
       grad_fn=<SumBackward1>)
Size of covariance_matrix: torch.Size([1, 7, 7])
Size of covariance_matrix_prime: torch.Size([1, 7, 7])
cosineSimilarity tensor([[1.0000, 1.0000, 0.9999, 1.0000, 1.0000, 1.0000, 1.0000]],
       grad_fn=<SumBackward1>)
Size of covariance_matrix: torch.Size([1, 7, 7])
Size of covariance_matrix_prime: torch.Size([1, 7, 7])
cosineSimilarity tensor([[1.0000, 1.0000, 1.0000, 1.0000, 0.9999, 1.0000, 1.0000]],
       grad_fn=<SumBackward1>)
Size of covariance_matrix: torch.Size([1, 7, 7])
Size of covariance_matrix_prime: torch.Size([1, 7, 7])
cosineSimilarity tensor([[1.0000, 1.0000, 0.9999, 1.0000, 0.9999, 1.0000, 1.0000]],
       grad_fn=<SumBackward1>)
Size of covariance_matrix: torch.Size([1, 7, 7])
Size of covariance_matrix_prime: torch.Size([1, 7, 7])
cosineSimilarity tensor([[1.0000, 0.9999, 0.9999, 1.0000, 1.0000, 1.0000, 1.0000]],
       grad_fn=<SumBackward1>)
Size of covariance_matrix: torch.Size([1, 7, 7])
Size of covariance_matrix_prime: torch.Size([1, 7, 7])
cosineSimilarity tensor([[0.9999, 1.0000, 1.0000, 1.0000, 1.0000, 1.0000, 1.0000]],
       grad_fn=<SumBackward1>)
Size of covariance_matrix: torch.Size([1, 7, 7])
Size of covariance_matrix_prime: torch.Size([1, 7, 7])
cosineSimilarity tensor([[1.0000, 1.0000, 1.0000, 1.0000, 1.0000, 1.0000, 1.0000]],
       grad_fn=<SumBackward1>)
Size of covariance_matrix: torch.Size([1, 7, 7])
Size of covariance_matrix_prime: torch.Size([1, 7, 7])
cosineSimilarity tensor([[0.9999, 0.9999, 0.9999, 0.9998, 0.9999, 0.9999, 0.9999]],
       grad_fn=<SumBackward1>)
Size of covariance_matrix: torch.Size([1, 7, 7])
Size of covariance_matrix_prime: torch.Size([1, 7, 7])
cosineSimilarity tensor([[1.0000, 1.0000, 1.0000, 1.0000, 1.0000, 1.0000, 0.9999]],
       grad_fn=<SumBackward1>)
Size of covariance_matrix: torch.Size([1, 7, 7])
Size of covariance_matrix_prime: torch.Size([1, 7, 7])
cosineSimilarity tensor([[0.9999, 0.9999, 0.9999, 0.9999, 0.9998, 0.9999, 0.9997]],
       grad_fn=<SumBackward1>)
Size of covariance_matrix: torch.Size([1, 7, 7])
Size of covariance_matrix_prime: torch.Size([1, 7, 7])
cosineSimilarity tensor([[1.0000, 1.0000, 1.0000, 1.0000, 0.9999, 1.0000, 1.0000]],
       grad_fn=<SumBackward1>)
Size of covariance_matrix: torch.Size([1, 7, 7])
Size of covariance_matrix_prime: torch.Size([1, 7, 7])
cosineSimilarity tensor([[0.9999, 1.0000, 0.9999, 0.9999, 0.9996, 0.9999, 0.9998]],
       grad_fn=<SumBackward1>)
Size of covariance_matrix: torch.Size([1, 7, 7])
Size of covariance_matrix_prime: torch.Size([1, 7, 7])
cosineSimilarity tensor([[1.0000, 1.0000, 1.0000, 1.0000, 1.0000, 1.0000, 1.0000]],
       grad_fn=<SumBackward1>)
Size of covariance_matrix: torch.Size([1, 7, 7])
Size of covariance_matrix_prime: torch.Size([1, 7, 7])
cosineSimilarity tensor([[1.0000, 1.0000, 1.0000, 1.0000, 0.9999, 1.0000, 1.0000]],
       grad_fn=<SumBackward1>)
Size of covariance_matrix: torch.Size([1, 7, 7])
Size of covariance_matrix_prime: torch.Size([1, 7, 7])
cosineSimilarity tensor([[1.0000, 1.0000, 1.0000, 1.0000, 1.0000, 1.0000, 1.0000]],
       grad_fn=<SumBackward1>)
Size of covariance_matrix: torch.Size([1, 7, 7])
Size of covariance_matrix_prime: torch.Size([1, 7, 7])
cosineSimilarity tensor([[0.9999, 1.0000, 1.0000, 1.0000, 1.0000, 1.0000, 1.0000]],
       grad_fn=<SumBackward1>)
Size of covariance_matrix: torch.Size([1, 7, 7])
Size of covariance_matrix_prime: torch.Size([1, 7, 7])
cosineSimilarity tensor([[1.0000, 1.0000, 1.0000, 1.0000, 1.0000, 1.0000, 1.0000]],
       grad_fn=<SumBackward1>)
Size of covariance_matrix: torch.Size([1, 7, 7])
Size of covariance_matrix_prime: torch.Size([1, 7, 7])
cosineSimilarity tensor([[1.0000, 1.0000, 1.0000, 1.0000, 1.0000, 1.0000, 1.0000]],
       grad_fn=<SumBackward1>)
Size of covariance_matrix: torch.Size([1, 7, 7])
Size of covariance_matrix_prime: torch.Size([1, 7, 7])
cosineSimilarity tensor([[1.0000, 1.0000, 0.9999, 1.0000, 0.9999, 1.0000, 0.9998]],
       grad_fn=<SumBackward1>)
Size of covariance_matrix: torch.Size([1, 7, 7])
Size of covariance_matrix_prime: torch.Size([1, 7, 7])
cosineSimilarity tensor([[0.9999, 0.9998, 0.9999, 0.9998, 0.9998, 0.9999, 0.9997]],
       grad_fn=<SumBackward1>)
Size of covariance_matrix: torch.Size([1, 7, 7])
Size of covariance_matrix_prime: torch.Size([1, 7, 7])
cosineSimilarity tensor([[1.0000, 1.0000, 0.9999, 1.0000, 1.0000, 1.0000, 1.0000]],
       grad_fn=<SumBackward1>)
Size of covariance_matrix: torch.Size([1, 7, 7])
Size of covariance_matrix_prime: torch.Size([1, 7, 7])
cosineSimilarity tensor([[1.0000, 1.0000, 1.0000, 1.0000, 1.0000, 1.0000, 1.0000]],
       grad_fn=<SumBackward1>)
Size of covariance_matrix: torch.Size([1, 7, 7])
Size of covariance_matrix_prime: torch.Size([1, 7, 7])
cosineSimilarity tensor([[1.0000, 1.0000, 1.0000, 1.0000, 1.0000, 1.0000, 1.0000]],
       grad_fn=<SumBackward1>)
Size of covariance_matrix: torch.Size([1, 7, 7])
Size of covariance_matrix_prime: torch.Size([1, 7, 7])
cosineSimilarity tensor([[1.0000, 1.0000, 1.0000, 1.0000, 0.9999, 1.0000, 1.0000]],
       grad_fn=<SumBackward1>)
Size of covariance_matrix: torch.Size([1, 7, 7])
Size of covariance_matrix_prime: torch.Size([1, 7, 7])
cosineSimilarity tensor([[0.9999, 1.0000, 0.9999, 0.9999, 0.9997, 1.0000, 1.0000]],
       grad_fn=<SumBackward1>)
Size of covariance_matrix: torch.Size([1, 7, 7])
Size of covariance_matrix_prime: torch.Size([1, 7, 7])
cosineSimilarity tensor([[0.9999, 1.0000, 1.0000, 1.0000, 0.9999, 1.0000, 1.0000]],
       grad_fn=<SumBackward1>)
Size of covariance_matrix: torch.Size([1, 7, 7])
Size of covariance_matrix_prime: torch.Size([1, 7, 7])
cosineSimilarity tensor([[1.0000, 1.0000, 1.0000, 1.0000, 1.0000, 1.0000, 1.0000]],
       grad_fn=<SumBackward1>)
Size of covariance_matrix: torch.Size([1, 7, 7])
Size of covariance_matrix_prime: torch.Size([1, 7, 7])
cosineSimilarity tensor([[1.0000, 0.9999, 1.0000, 1.0000, 0.9998, 1.0000, 1.0000]],
       grad_fn=<SumBackward1>)
Size of covariance_matrix: torch.Size([1, 7, 7])
Size of covariance_matrix_prime: torch.Size([1, 7, 7])
cosineSimilarity tensor([[0.9999, 1.0000, 1.0000, 1.0000, 0.9999, 1.0000, 1.0000]],
       grad_fn=<SumBackward1>)
Size of covariance_matrix: torch.Size([1, 7, 7])
Size of covariance_matrix_prime: torch.Size([1, 7, 7])
cosineSimilarity tensor([[1.0000, 1.0000, 1.0000, 1.0000, 1.0000, 1.0000, 1.0000]],
       grad_fn=<SumBackward1>)
Size of covariance_matrix: torch.Size([1, 7, 7])
Size of covariance_matrix_prime: torch.Size([1, 7, 7])
cosineSimilarity tensor([[0.9999, 1.0000, 1.0000, 1.0000, 0.9999, 1.0000, 1.0000]],
       grad_fn=<SumBackward1>)
Size of covariance_matrix: torch.Size([1, 7, 7])
Size of covariance_matrix_prime: torch.Size([1, 7, 7])
cosineSimilarity tensor([[0.9999, 0.9999, 0.9998, 0.9999, 1.0000, 1.0000, 0.9998]],
       grad_fn=<SumBackward1>)
Size of covariance_matrix: torch.Size([1, 7, 7])
Size of covariance_matrix_prime: torch.Size([1, 7, 7])
cosineSimilarity tensor([[1.0000, 1.0000, 0.9999, 1.0000, 0.9994, 0.9998, 0.9999]],
       grad_fn=<SumBackward1>)
Size of covariance_matrix: torch.Size([1, 7, 7])
Size of covariance_matrix_prime: torch.Size([1, 7, 7])
cosineSimilarity tensor([[0.9999, 1.0000, 0.9999, 1.0000, 1.0000, 1.0000, 1.0000]],
       grad_fn=<SumBackward1>)
Size of covariance_matrix: torch.Size([1, 7, 7])
Size of covariance_matrix_prime: torch.Size([1, 7, 7])
cosineSimilarity tensor([[1.0000, 1.0000, 0.9999, 1.0000, 0.9999, 1.0000, 1.0000]],
       grad_fn=<SumBackward1>)
Size of covariance_matrix: torch.Size([1, 7, 7])
Size of covariance_matrix_prime: torch.Size([1, 7, 7])
cosineSimilarity tensor([[1.0000, 1.0000, 1.0000, 1.0000, 1.0000, 1.0000, 1.0000]],
       grad_fn=<SumBackward1>)
Size of covariance_matrix: torch.Size([1, 7, 7])
Size of covariance_matrix_prime: torch.Size([1, 7, 7])
cosineSimilarity tensor([[1.0000, 1.0000, 1.0000, 1.0000, 1.0000, 1.0000, 1.0000]],
       grad_fn=<SumBackward1>)
Size of covariance_matrix: torch.Size([1, 7, 7])
Size of covariance_matrix_prime: torch.Size([1, 7, 7])
cosineSimilarity tensor([[0.9999, 1.0000, 1.0000, 1.0000, 1.0000, 1.0000, 0.9999]],
       grad_fn=<SumBackward1>)
Size of covariance_matrix: torch.Size([1, 7, 7])
Size of covariance_matrix_prime: torch.Size([1, 7, 7])
cosineSimilarity tensor([[0.9999, 1.0000, 0.9999, 0.9999, 0.9999, 1.0000, 0.9999]],
       grad_fn=<SumBackward1>)
Size of covariance_matrix: torch.Size([1, 7, 7])
Size of covariance_matrix_prime: torch.Size([1, 7, 7])
cosineSimilarity tensor([[1.0000, 1.0000, 1.0000, 1.0000, 1.0000, 1.0000, 1.0000]],
       grad_fn=<SumBackward1>)
Size of covariance_matrix: torch.Size([1, 7, 7])
Size of covariance_matrix_prime: torch.Size([1, 7, 7])
cosineSimilarity tensor([[0.9998, 0.9999, 0.9999, 0.9999, 0.9997, 0.9999, 0.9999]],
       grad_fn=<SumBackward1>)
Size of covariance_matrix: torch.Size([1, 7, 7])
Size of covariance_matrix_prime: torch.Size([1, 7, 7])
cosineSimilarity tensor([[1.0000, 1.0000, 1.0000, 1.0000, 1.0000, 1.0000, 1.0000]],
       grad_fn=<SumBackward1>)
Size of covariance_matrix: torch.Size([1, 7, 7])
Size of covariance_matrix_prime: torch.Size([1, 7, 7])
cosineSimilarity tensor([[1.0000, 1.0000, 1.0000, 1.0000, 1.0000, 1.0000, 1.0000]],
       grad_fn=<SumBackward1>)
Size of covariance_matrix: torch.Size([1, 7, 7])
Size of covariance_matrix_prime: torch.Size([1, 7, 7])
cosineSimilarity tensor([[1.0000, 1.0000, 0.9998, 1.0000, 0.9998, 1.0000, 0.9998]],
       grad_fn=<SumBackward1>)
Size of covariance_matrix: torch.Size([1, 7, 7])
Size of covariance_matrix_prime: torch.Size([1, 7, 7])
cosineSimilarity tensor([[1.0000, 1.0000, 0.9999, 1.0000, 1.0000, 1.0000, 1.0000]],
       grad_fn=<SumBackward1>)
Size of covariance_matrix: torch.Size([1, 7, 7])
Size of covariance_matrix_prime: torch.Size([1, 7, 7])
cosineSimilarity tensor([[1.0000, 1.0000, 0.9996, 0.9999, 0.9999, 1.0000, 0.9999]],
       grad_fn=<SumBackward1>)
Size of covariance_matrix: torch.Size([1, 7, 7])
Size of covariance_matrix_prime: torch.Size([1, 7, 7])
cosineSimilarity tensor([[1.0000, 1.0000, 1.0000, 1.0000, 0.9998, 1.0000, 1.0000]],
       grad_fn=<SumBackward1>)
Size of covariance_matrix: torch.Size([1, 7, 7])
Size of covariance_matrix_prime: torch.Size([1, 7, 7])
cosineSimilarity tensor([[1.0000, 1.0000, 0.9999, 1.0000, 0.9999, 1.0000, 1.0000]],
       grad_fn=<SumBackward1>)
Size of covariance_matrix: torch.Size([1, 7, 7])
Size of covariance_matrix_prime: torch.Size([1, 7, 7])
cosineSimilarity tensor([[1.0000, 1.0000, 0.9999, 1.0000, 1.0000, 1.0000, 1.0000]],
       grad_fn=<SumBackward1>)
Size of covariance_matrix: torch.Size([1, 7, 7])
Size of covariance_matrix_prime: torch.Size([1, 7, 7])
cosineSimilarity tensor([[1.0000, 1.0000, 1.0000, 1.0000, 1.0000, 1.0000, 1.0000]],
       grad_fn=<SumBackward1>)
Size of covariance_matrix: torch.Size([1, 7, 7])
Size of covariance_matrix_prime: torch.Size([1, 7, 7])
cosineSimilarity tensor([[1.0000, 1.0000, 1.0000, 1.0000, 1.0000, 1.0000, 1.0000]],
       grad_fn=<SumBackward1>)
Size of covariance_matrix: torch.Size([1, 7, 7])
Size of covariance_matrix_prime: torch.Size([1, 7, 7])
cosineSimilarity tensor([[1.0000, 0.9999, 0.9999, 1.0000, 1.0000, 1.0000, 1.0000]],
       grad_fn=<SumBackward1>)
Size of covariance_matrix: torch.Size([1, 7, 7])
Size of covariance_matrix_prime: torch.Size([1, 7, 7])
cosineSimilarity tensor([[1.0000, 1.0000, 0.9999, 1.0000, 1.0000, 1.0000, 1.0000]],
       grad_fn=<SumBackward1>)
Size of covariance_matrix: torch.Size([1, 7, 7])
Size of covariance_matrix_prime: torch.Size([1, 7, 7])
cosineSimilarity tensor([[1.0000, 1.0000, 1.0000, 1.0000, 1.0000, 1.0000, 1.0000]],
       grad_fn=<SumBackward1>)
Size of covariance_matrix: torch.Size([1, 7, 7])
Size of covariance_matrix_prime: torch.Size([1, 7, 7])
cosineSimilarity tensor([[1.0000, 1.0000, 0.9999, 1.0000, 1.0000, 1.0000, 1.0000]],
       grad_fn=<SumBackward1>)
Size of covariance_matrix: torch.Size([1, 7, 7])
Size of covariance_matrix_prime: torch.Size([1, 7, 7])
cosineSimilarity tensor([[0.9999, 1.0000, 1.0000, 1.0000, 0.9998, 1.0000, 0.9999]],
       grad_fn=<SumBackward1>)
Size of covariance_matrix: torch.Size([1, 7, 7])
Size of covariance_matrix_prime: torch.Size([1, 7, 7])
cosineSimilarity tensor([[1.0000, 1.0000, 1.0000, 1.0000, 1.0000, 1.0000, 1.0000]],
       grad_fn=<SumBackward1>)
Size of covariance_matrix: torch.Size([1, 7, 7])
Size of covariance_matrix_prime: torch.Size([1, 7, 7])
cosineSimilarity tensor([[1.0000, 1.0000, 0.9999, 1.0000, 1.0000, 1.0000, 1.0000]],
       grad_fn=<SumBackward1>)
Size of covariance_matrix: torch.Size([1, 7, 7])
Size of covariance_matrix_prime: torch.Size([1, 7, 7])
cosineSimilarity tensor([[1.0000, 0.9999, 0.9999, 1.0000, 0.9999, 1.0000, 0.9999]],
       grad_fn=<SumBackward1>)
Size of covariance_matrix: torch.Size([1, 7, 7])
Size of covariance_matrix_prime: torch.Size([1, 7, 7])
cosineSimilarity tensor([[1.0000, 1.0000, 1.0000, 1.0000, 1.0000, 1.0000, 1.0000]],
       grad_fn=<SumBackward1>)
Size of covariance_matrix: torch.Size([1, 7, 7])
Size of covariance_matrix_prime: torch.Size([1, 7, 7])
cosineSimilarity tensor([[0.9999, 0.9999, 0.9999, 0.9999, 0.9994, 0.9998, 0.9996]],
       grad_fn=<SumBackward1>)
Size of covariance_matrix: torch.Size([1, 7, 7])
Size of covariance_matrix_prime: torch.Size([1, 7, 7])
cosineSimilarity tensor([[1.0000, 1.0000, 0.9999, 1.0000, 1.0000, 1.0000, 1.0000]],
       grad_fn=<SumBackward1>)
Size of covariance_matrix: torch.Size([1, 7, 7])
Size of covariance_matrix_prime: torch.Size([1, 7, 7])
cosineSimilarity tensor([[1.0000, 1.0000, 0.9998, 1.0000, 1.0000, 1.0000, 1.0000]],
       grad_fn=<SumBackward1>)
Size of covariance_matrix: torch.Size([1, 7, 7])
Size of covariance_matrix_prime: torch.Size([1, 7, 7])
cosineSimilarity tensor([[1.0000, 1.0000, 1.0000, 1.0000, 0.9999, 1.0000, 1.0000]],
       grad_fn=<SumBackward1>)
Size of covariance_matrix: torch.Size([1, 7, 7])
Size of covariance_matrix_prime: torch.Size([1, 7, 7])
cosineSimilarity tensor([[0.9999, 1.0000, 1.0000, 1.0000, 0.9999, 1.0000, 1.0000]],
       grad_fn=<SumBackward1>)
Size of covariance_matrix: torch.Size([1, 7, 7])
Size of covariance_matrix_prime: torch.Size([1, 7, 7])
cosineSimilarity tensor([[1.0000, 1.0000, 1.0000, 1.0000, 0.9999, 1.0000, 1.0000]],
       grad_fn=<SumBackward1>)
Size of covariance_matrix: torch.Size([1, 7, 7])
Size of covariance_matrix_prime: torch.Size([1, 7, 7])
cosineSimilarity tensor([[1.0000, 1.0000, 1.0000, 1.0000, 1.0000, 1.0000, 1.0000]],
       grad_fn=<SumBackward1>)
Size of covariance_matrix: torch.Size([1, 7, 7])
Size of covariance_matrix_prime: torch.Size([1, 7, 7])
cosineSimilarity tensor([[0.9999, 0.9999, 0.9999, 0.9999, 0.9995, 1.0000, 1.0000]],
       grad_fn=<SumBackward1>)
Size of covariance_matrix: torch.Size([1, 7, 7])
Size of covariance_matrix_prime: torch.Size([1, 7, 7])
cosineSimilarity tensor([[0.9993, 1.0000, 0.9999, 1.0000, 0.9999, 0.9998, 0.9997]],
       grad_fn=<SumBackward1>)
Size of covariance_matrix: torch.Size([1, 7, 7])
Size of covariance_matrix_prime: torch.Size([1, 7, 7])
cosineSimilarity tensor([[1.0000, 1.0000, 1.0000, 0.9999, 0.9999, 1.0000, 0.9999]],
       grad_fn=<SumBackward1>)
Size of covariance_matrix: torch.Size([1, 7, 7])
Size of covariance_matrix_prime: torch.Size([1, 7, 7])
cosineSimilarity tensor([[1.0000, 1.0000, 0.9999, 1.0000, 1.0000, 1.0000, 0.9999]],
       grad_fn=<SumBackward1>)
Size of covariance_matrix: torch.Size([1, 7, 7])
Size of covariance_matrix_prime: torch.Size([1, 7, 7])
cosineSimilarity tensor([[1.0000, 0.9999, 1.0000, 0.9999, 1.0000, 0.9999, 0.9999]],
       grad_fn=<SumBackward1>)
Size of covariance_matrix: torch.Size([1, 7, 7])
Size of covariance_matrix_prime: torch.Size([1, 7, 7])
cosineSimilarity tensor([[0.9999, 0.9999, 1.0000, 1.0000, 0.9998, 1.0000, 0.9999]],
       grad_fn=<SumBackward1>)
Size of covariance_matrix: torch.Size([1, 7, 7])
Size of covariance_matrix_prime: torch.Size([1, 7, 7])
cosineSimilarity tensor([[1.0000, 1.0000, 1.0000, 1.0000, 1.0000, 1.0000, 1.0000]],
       grad_fn=<SumBackward1>)
Size of covariance_matrix: torch.Size([1, 7, 7])
Size of covariance_matrix_prime: torch.Size([1, 7, 7])
cosineSimilarity tensor([[1.0000, 1.0000, 0.9999, 1.0000, 0.9998, 1.0000, 1.0000]],
       grad_fn=<SumBackward1>)
Size of covariance_matrix: torch.Size([1, 7, 7])
Size of covariance_matrix_prime: torch.Size([1, 7, 7])
cosineSimilarity tensor([[1.0000, 1.0000, 1.0000, 1.0000, 1.0000, 1.0000, 1.0000]],
       grad_fn=<SumBackward1>)
Size of covariance_matrix: torch.Size([1, 7, 7])
Size of covariance_matrix_prime: torch.Size([1, 7, 7])
cosineSimilarity tensor([[1.0000, 1.0000, 0.9999, 1.0000, 1.0000, 1.0000, 1.0000]],
       grad_fn=<SumBackward1>)
Size of covariance_matrix: torch.Size([1, 7, 7])
Size of covariance_matrix_prime: torch.Size([1, 7, 7])
cosineSimilarity tensor([[0.9999, 0.9999, 1.0000, 1.0000, 0.9998, 1.0000, 1.0000]],
       grad_fn=<SumBackward1>)
Size of covariance_matrix: torch.Size([1, 7, 7])
Size of covariance_matrix_prime: torch.Size([1, 7, 7])
cosineSimilarity tensor([[1.0000, 1.0000, 1.0000, 1.0000, 1.0000, 1.0000, 1.0000]],
       grad_fn=<SumBackward1>)
Size of covariance_matrix: torch.Size([1, 7, 7])
Size of covariance_matrix_prime: torch.Size([1, 7, 7])
cosineSimilarity tensor([[1.0000, 0.9998, 0.9998, 1.0000, 0.9988, 0.9999, 1.0000]],
       grad_fn=<SumBackward1>)
Size of covariance_matrix: torch.Size([1, 7, 7])
Size of covariance_matrix_prime: torch.Size([1, 7, 7])
cosineSimilarity tensor([[1.0000, 1.0000, 1.0000, 1.0000, 1.0000, 1.0000, 1.0000]],
       grad_fn=<SumBackward1>)
Size of covariance_matrix: torch.Size([1, 7, 7])
Size of covariance_matrix_prime: torch.Size([1, 7, 7])
cosineSimilarity tensor([[0.9999, 0.9999, 0.9998, 1.0000, 0.9997, 0.9999, 0.9999]],
       grad_fn=<SumBackward1>)
Size of covariance_matrix: torch.Size([1, 7, 7])
Size of covariance_matrix_prime: torch.Size([1, 7, 7])
cosineSimilarity tensor([[1.0000, 0.9999, 0.9996, 0.9999, 0.9997, 0.9999, 0.9999]],
       grad_fn=<SumBackward1>)
Size of covariance_matrix: torch.Size([1, 7, 7])
Size of covariance_matrix_prime: torch.Size([1, 7, 7])
cosineSimilarity tensor([[1.0000, 1.0000, 1.0000, 1.0000, 1.0000, 1.0000, 1.0000]],
       grad_fn=<SumBackward1>)
Size of covariance_matrix: torch.Size([1, 7, 7])
Size of covariance_matrix_prime: torch.Size([1, 7, 7])
cosineSimilarity tensor([[1.0000, 1.0000, 1.0000, 1.0000, 1.0000, 1.0000, 1.0000]],
       grad_fn=<SumBackward1>)
Size of covariance_matrix: torch.Size([1, 7, 7])
Size of covariance_matrix_prime: torch.Size([1, 7, 7])
cosineSimilarity tensor([[1.0000, 1.0000, 1.0000, 1.0000, 1.0000, 1.0000, 0.9999]],
       grad_fn=<SumBackward1>)
Size of covariance_matrix: torch.Size([1, 7, 7])
Size of covariance_matrix_prime: torch.Size([1, 7, 7])
cosineSimilarity tensor([[0.9999, 0.9999, 1.0000, 1.0000, 0.9996, 1.0000, 0.9999]],
       grad_fn=<SumBackward1>)
Size of covariance_matrix: torch.Size([1, 7, 7])
Size of covariance_matrix_prime: torch.Size([1, 7, 7])
cosineSimilarity tensor([[0.9999, 0.9999, 0.9998, 0.9999, 0.9997, 1.0000, 0.9999]],
       grad_fn=<SumBackward1>)
Size of covariance_matrix: torch.Size([1, 7, 7])
Size of covariance_matrix_prime: torch.Size([1, 7, 7])
cosineSimilarity tensor([[1.0000, 1.0000, 1.0000, 1.0000, 0.9999, 1.0000, 1.0000]],
       grad_fn=<SumBackward1>)
Size of covariance_matrix: torch.Size([1, 7, 7])
Size of covariance_matrix_prime: torch.Size([1, 7, 7])
cosineSimilarity tensor([[1.0000, 1.0000, 1.0000, 1.0000, 1.0000, 1.0000, 1.0000]],
       grad_fn=<SumBackward1>)
Size of covariance_matrix: torch.Size([1, 7, 7])
Size of covariance_matrix_prime: torch.Size([1, 7, 7])
cosineSimilarity tensor([[1.0000, 0.9999, 1.0000, 1.0000, 0.9999, 1.0000, 0.9999]],
       grad_fn=<SumBackward1>)
Size of covariance_matrix: torch.Size([1, 7, 7])
Size of covariance_matrix_prime: torch.Size([1, 7, 7])
cosineSimilarity tensor([[0.9999, 1.0000, 0.9999, 1.0000, 0.9997, 0.9999, 1.0000]],
       grad_fn=<SumBackward1>)
Size of covariance_matrix: torch.Size([1, 7, 7])
Size of covariance_matrix_prime: torch.Size([1, 7, 7])
cosineSimilarity tensor([[0.9999, 1.0000, 0.9999, 1.0000, 0.9999, 1.0000, 0.9998]],
       grad_fn=<SumBackward1>)
Size of covariance_matrix: torch.Size([1, 7, 7])
Size of covariance_matrix_prime: torch.Size([1, 7, 7])
cosineSimilarity tensor([[1.0000, 1.0000, 1.0000, 1.0000, 1.0000, 1.0000, 1.0000]],
       grad_fn=<SumBackward1>)
Size of covariance_matrix: torch.Size([1, 7, 7])
Size of covariance_matrix_prime: torch.Size([1, 7, 7])
cosineSimilarity tensor([[1.0000, 1.0000, 1.0000, 1.0000, 0.9999, 1.0000, 1.0000]],
       grad_fn=<SumBackward1>)
Size of covariance_matrix: torch.Size([1, 7, 7])
Size of covariance_matrix_prime: torch.Size([1, 7, 7])
cosineSimilarity tensor([[1.0000, 1.0000, 0.9998, 0.9999, 0.9999, 1.0000, 0.9999]],
       grad_fn=<SumBackward1>)
Size of covariance_matrix: torch.Size([1, 7, 7])
Size of covariance_matrix_prime: torch.Size([1, 7, 7])
cosineSimilarity tensor([[1.0000, 1.0000, 1.0000, 1.0000, 1.0000, 1.0000, 1.0000]],
       grad_fn=<SumBackward1>)
Size of covariance_matrix: torch.Size([1, 7, 7])
Size of covariance_matrix_prime: torch.Size([1, 7, 7])
cosineSimilarity tensor([[1.0000, 1.0000, 1.0000, 1.0000, 0.9993, 1.0000, 1.0000]],
       grad_fn=<SumBackward1>)
Size of covariance_matrix: torch.Size([1, 7, 7])
Size of covariance_matrix_prime: torch.Size([1, 7, 7])
cosineSimilarity tensor([[1.0000, 1.0000, 1.0000, 1.0000, 1.0000, 1.0000, 1.0000]],
       grad_fn=<SumBackward1>)
Size of covariance_matrix: torch.Size([1, 7, 7])
Size of covariance_matrix_prime: torch.Size([1, 7, 7])
cosineSimilarity tensor([[1.0000, 1.0000, 1.0000, 1.0000, 1.0000, 1.0000, 1.0000]],
       grad_fn=<SumBackward1>)
Size of covariance_matrix: torch.Size([1, 7, 7])
Size of covariance_matrix_prime: torch.Size([1, 7, 7])
cosineSimilarity tensor([[1.0000, 1.0000, 1.0000, 1.0000, 1.0000, 1.0000, 1.0000]],
       grad_fn=<SumBackward1>)
Size of covariance_matrix: torch.Size([1, 7, 7])
Size of covariance_matrix_prime: torch.Size([1, 7, 7])
cosineSimilarity tensor([[1.0000, 1.0000, 0.9999, 1.0000, 0.9999, 1.0000, 1.0000]],
       grad_fn=<SumBackward1>)
Size of covariance_matrix: torch.Size([1, 7, 7])
Size of covariance_matrix_prime: torch.Size([1, 7, 7])
cosineSimilarity tensor([[0.9998, 1.0000, 1.0000, 1.0000, 0.9999, 1.0000, 1.0000]],
       grad_fn=<SumBackward1>)
Size of covariance_matrix: torch.Size([1, 7, 7])
Size of covariance_matrix_prime: torch.Size([1, 7, 7])
cosineSimilarity tensor([[1.0000, 1.0000, 1.0000, 1.0000, 1.0000, 1.0000, 1.0000]],
       grad_fn=<SumBackward1>)
Size of covariance_matrix: torch.Size([1, 7, 7])
Size of covariance_matrix_prime: torch.Size([1, 7, 7])
cosineSimilarity tensor([[1.0000, 1.0000, 1.0000, 1.0000, 0.9999, 1.0000, 1.0000]],
       grad_fn=<SumBackward1>)
Size of covariance_matrix: torch.Size([1, 7, 7])
Size of covariance_matrix_prime: torch.Size([1, 7, 7])
cosineSimilarity tensor([[1.0000, 1.0000, 1.0000, 1.0000, 1.0000, 1.0000, 0.9999]],
       grad_fn=<SumBackward1>)
Size of covariance_matrix: torch.Size([1, 7, 7])
Size of covariance_matrix_prime: torch.Size([1, 7, 7])
cosineSimilarity tensor([[1.0000, 1.0000, 1.0000, 1.0000, 1.0000, 1.0000, 0.9999]],
       grad_fn=<SumBackward1>)
Size of covariance_matrix: torch.Size([1, 7, 7])
Size of covariance_matrix_prime: torch.Size([1, 7, 7])
cosineSimilarity tensor([[1.0000, 1.0000, 1.0000, 1.0000, 1.0000, 1.0000, 1.0000]],
       grad_fn=<SumBackward1>)
Size of covariance_matrix: torch.Size([1, 7, 7])
Size of covariance_matrix_prime: torch.Size([1, 7, 7])
cosineSimilarity tensor([[1.0000, 1.0000, 1.0000, 1.0000, 1.0000, 1.0000, 1.0000]],
       grad_fn=<SumBackward1>)
Size of covariance_matrix: torch.Size([1, 7, 7])
Size of covariance_matrix_prime: torch.Size([1, 7, 7])
cosineSimilarity tensor([[1.0000, 1.0000, 1.0000, 1.0000, 1.0000, 1.0000, 1.0000]],
       grad_fn=<SumBackward1>)
Size of covariance_matrix: torch.Size([1, 7, 7])
Size of covariance_matrix_prime: torch.Size([1, 7, 7])
cosineSimilarity tensor([[1.0000, 1.0000, 1.0000, 0.9999, 0.9999, 1.0000, 1.0000]],
       grad_fn=<SumBackward1>)
Size of covariance_matrix: torch.Size([1, 7, 7])
Size of covariance_matrix_prime: torch.Size([1, 7, 7])
cosineSimilarity tensor([[1.0000, 1.0000, 1.0000, 1.0000, 1.0000, 1.0000, 1.0000]],
       grad_fn=<SumBackward1>)
Size of covariance_matrix: torch.Size([1, 7, 7])
Size of covariance_matrix_prime: torch.Size([1, 7, 7])
cosineSimilarity tensor([[1.0000, 1.0000, 1.0000, 1.0000, 0.9999, 1.0000, 1.0000]],
       grad_fn=<SumBackward1>)
Size of covariance_matrix: torch.Size([1, 7, 7])
Size of covariance_matrix_prime: torch.Size([1, 7, 7])
cosineSimilarity tensor([[1.0000, 1.0000, 1.0000, 1.0000, 1.0000, 1.0000, 1.0000]],
       grad_fn=<SumBackward1>)
Size of covariance_matrix: torch.Size([1, 7, 7])
Size of covariance_matrix_prime: torch.Size([1, 7, 7])
cosineSimilarity tensor([[1.0000, 1.0000, 0.9999, 0.9999, 1.0000, 1.0000, 1.0000]],
       grad_fn=<SumBackward1>)
Size of covariance_matrix: torch.Size([1, 7, 7])
Size of covariance_matrix_prime: torch.Size([1, 7, 7])
cosineSimilarity tensor([[1.0000, 1.0000, 1.0000, 1.0000, 1.0000, 1.0000, 1.0000]],
       grad_fn=<SumBackward1>)
Size of covariance_matrix: torch.Size([1, 7, 7])
Size of covariance_matrix_prime: torch.Size([1, 7, 7])
cosineSimilarity tensor([[1.0000, 1.0000, 0.9999, 1.0000, 1.0000, 1.0000, 1.0000]],
       grad_fn=<SumBackward1>)
Size of covariance_matrix: torch.Size([1, 7, 7])
Size of covariance_matrix_prime: torch.Size([1, 7, 7])
cosineSimilarity tensor([[1.0000, 1.0000, 1.0000, 1.0000, 1.0000, 1.0000, 1.0000]],
       grad_fn=<SumBackward1>)
Size of covariance_matrix: torch.Size([1, 7, 7])
Size of covariance_matrix_prime: torch.Size([1, 7, 7])
cosineSimilarity tensor([[0.9998, 0.9999, 0.9998, 0.9999, 0.9997, 0.9999, 1.0000]],
       grad_fn=<SumBackward1>)
Size of covariance_matrix: torch.Size([1, 7, 7])
Size of covariance_matrix_prime: torch.Size([1, 7, 7])
cosineSimilarity tensor([[1.0000, 1.0000, 1.0000, 1.0000, 1.0000, 1.0000, 1.0000]],
       grad_fn=<SumBackward1>)
Size of covariance_matrix: torch.Size([1, 7, 7])
Size of covariance_matrix_prime: torch.Size([1, 7, 7])
cosineSimilarity tensor([[1.0000, 1.0000, 0.9999, 1.0000, 1.0000, 1.0000, 1.0000]],
       grad_fn=<SumBackward1>)
Size of covariance_matrix: torch.Size([1, 7, 7])
Size of covariance_matrix_prime: torch.Size([1, 7, 7])
cosineSimilarity tensor([[1.0000, 1.0000, 1.0000, 1.0000, 1.0000, 1.0000, 1.0000]],
       grad_fn=<SumBackward1>)
Size of covariance_matrix: torch.Size([1, 7, 7])
Size of covariance_matrix_prime: torch.Size([1, 7, 7])
cosineSimilarity tensor([[1.0000, 1.0000, 0.9999, 0.9999, 0.9999, 1.0000, 1.0000]],
       grad_fn=<SumBackward1>)
Size of covariance_matrix: torch.Size([1, 7, 7])
Size of covariance_matrix_prime: torch.Size([1, 7, 7])
cosineSimilarity tensor([[1.0000, 1.0000, 1.0000, 1.0000, 1.0000, 1.0000, 1.0000]],
       grad_fn=<SumBackward1>)
Size of covariance_matrix: torch.Size([1, 7, 7])
Size of covariance_matrix_prime: torch.Size([1, 7, 7])
cosineSimilarity tensor([[1.0000, 0.9999, 1.0000, 1.0000, 1.0000, 1.0000, 1.0000]],
       grad_fn=<SumBackward1>)
Size of covariance_matrix: torch.Size([1, 7, 7])
Size of covariance_matrix_prime: torch.Size([1, 7, 7])
cosineSimilarity tensor([[1.0000, 1.0000, 1.0000, 1.0000, 1.0000, 1.0000, 1.0000]],
       grad_fn=<SumBackward1>)
Size of covariance_matrix: torch.Size([1, 7, 7])
Size of covariance_matrix_prime: torch.Size([1, 7, 7])
cosineSimilarity tensor([[1.0000, 1.0000, 1.0000, 1.0000, 1.0000, 1.0000, 1.0000]],
       grad_fn=<SumBackward1>)
Size of covariance_matrix: torch.Size([1, 7, 7])
Size of covariance_matrix_prime: torch.Size([1, 7, 7])
cosineSimilarity tensor([[1.0000, 1.0000, 1.0000, 1.0000, 1.0000, 1.0000, 1.0000]],
       grad_fn=<SumBackward1>)
Size of covariance_matrix: torch.Size([1, 7, 7])
Size of covariance_matrix_prime: torch.Size([1, 7, 7])
cosineSimilarity tensor([[1.0000, 1.0000, 0.9999, 0.9999, 0.9998, 1.0000, 1.0000]],
       grad_fn=<SumBackward1>)
Size of covariance_matrix: torch.Size([1, 7, 7])
Size of covariance_matrix_prime: torch.Size([1, 7, 7])
cosineSimilarity tensor([[0.9999, 1.0000, 0.9999, 0.9999, 0.9998, 0.9999, 0.9998]],
       grad_fn=<SumBackward1>)
Size of covariance_matrix: torch.Size([1, 7, 7])
Size of covariance_matrix_prime: torch.Size([1, 7, 7])
cosineSimilarity tensor([[1.0000, 1.0000, 1.0000, 1.0000, 1.0000, 1.0000, 0.9999]],
       grad_fn=<SumBackward1>)
Size of covariance_matrix: torch.Size([1, 7, 7])
Size of covariance_matrix_prime: torch.Size([1, 7, 7])
cosineSimilarity tensor([[1.0000, 1.0000, 1.0000, 1.0000, 0.9999, 1.0000, 1.0000]],
       grad_fn=<SumBackward1>)
Size of covariance_matrix: torch.Size([1, 7, 7])
Size of covariance_matrix_prime: torch.Size([1, 7, 7])
cosineSimilarity tensor([[1.0000, 1.0000, 1.0000, 1.0000, 0.9998, 1.0000, 0.9999]],
       grad_fn=<SumBackward1>)
Size of covariance_matrix: torch.Size([1, 7, 7])
Size of covariance_matrix_prime: torch.Size([1, 7, 7])
cosineSimilarity tensor([[1.0000, 1.0000, 1.0000, 1.0000, 1.0000, 1.0000, 1.0000]],
       grad_fn=<SumBackward1>)
Size of covariance_matrix: torch.Size([1, 7, 7])
Size of covariance_matrix_prime: torch.Size([1, 7, 7])
cosineSimilarity tensor([[1.0000, 1.0000, 1.0000, 1.0000, 1.0000, 1.0000, 1.0000]],
       grad_fn=<SumBackward1>)
Size of covariance_matrix: torch.Size([1, 7, 7])
Size of covariance_matrix_prime: torch.Size([1, 7, 7])
cosineSimilarity tensor([[1.0000, 1.0000, 1.0000, 1.0000, 1.0000, 1.0000, 0.9999]],
       grad_fn=<SumBackward1>)
Size of covariance_matrix: torch.Size([1, 7, 7])
Size of covariance_matrix_prime: torch.Size([1, 7, 7])
cosineSimilarity tensor([[1.0000, 0.9999, 1.0000, 1.0000, 1.0000, 1.0000, 1.0000]],
       grad_fn=<SumBackward1>)
Size of covariance_matrix: torch.Size([1, 7, 7])
Size of covariance_matrix_prime: torch.Size([1, 7, 7])
cosineSimilarity tensor([[1.0000, 1.0000, 1.0000, 1.0000, 1.0000, 1.0000, 1.0000]],
       grad_fn=<SumBackward1>)
Size of covariance_matrix: torch.Size([1, 7, 7])
Size of covariance_matrix_prime: torch.Size([1, 7, 7])
cosineSimilarity tensor([[1.0000, 0.9999, 1.0000, 1.0000, 1.0000, 1.0000, 1.0000]],
       grad_fn=<SumBackward1>)
Size of covariance_matrix: torch.Size([1, 7, 7])
Size of covariance_matrix_prime: torch.Size([1, 7, 7])
cosineSimilarity tensor([[1.0000, 1.0000, 1.0000, 1.0000, 1.0000, 1.0000, 1.0000]],
       grad_fn=<SumBackward1>)
Size of covariance_matrix: torch.Size([1, 7, 7])
Size of covariance_matrix_prime: torch.Size([1, 7, 7])
cosineSimilarity tensor([[1.0000, 0.9997, 0.9999, 1.0000, 0.9999, 1.0000, 0.9999]],
       grad_fn=<SumBackward1>)
Size of covariance_matrix: torch.Size([1, 7, 7])
Size of covariance_matrix_prime: torch.Size([1, 7, 7])
cosineSimilarity tensor([[0.9998, 0.9999, 0.9999, 1.0000, 0.9999, 0.9999, 0.9998]],
       grad_fn=<SumBackward1>)
Size of covariance_matrix: torch.Size([1, 7, 7])
Size of covariance_matrix_prime: torch.Size([1, 7, 7])
cosineSimilarity tensor([[1.0000, 1.0000, 0.9999, 1.0000, 0.9999, 1.0000, 0.9999]],
       grad_fn=<SumBackward1>)
Size of covariance_matrix: torch.Size([1, 7, 7])
Size of covariance_matrix_prime: torch.Size([1, 7, 7])
cosineSimilarity tensor([[1.0000, 1.0000, 1.0000, 1.0000, 0.9999, 1.0000, 0.9999]],
       grad_fn=<SumBackward1>)
Size of covariance_matrix: torch.Size([1, 7, 7])
Size of covariance_matrix_prime: torch.Size([1, 7, 7])
cosineSimilarity tensor([[1.0000, 1.0000, 1.0000, 1.0000, 1.0000, 1.0000, 1.0000]],
       grad_fn=<SumBackward1>)
Size of covariance_matrix: torch.Size([1, 7, 7])
Size of covariance_matrix_prime: torch.Size([1, 7, 7])
cosineSimilarity tensor([[1.0000, 0.9999, 1.0000, 1.0000, 1.0000, 1.0000, 0.9999]],
       grad_fn=<SumBackward1>)
Size of covariance_matrix: torch.Size([1, 7, 7])
Size of covariance_matrix_prime: torch.Size([1, 7, 7])
cosineSimilarity tensor([[1.0000, 1.0000, 1.0000, 1.0000, 1.0000, 1.0000, 1.0000]],
       grad_fn=<SumBackward1>)
Size of covariance_matrix: torch.Size([1, 7, 7])
Size of covariance_matrix_prime: torch.Size([1, 7, 7])
cosineSimilarity tensor([[1.0000, 1.0000, 1.0000, 1.0000, 0.9999, 1.0000, 1.0000]],
       grad_fn=<SumBackward1>)
Size of covariance_matrix: torch.Size([1, 7, 7])
Size of covariance_matrix_prime: torch.Size([1, 7, 7])
cosineSimilarity tensor([[1.0000, 1.0000, 1.0000, 1.0000, 1.0000, 1.0000, 1.0000]],
       grad_fn=<SumBackward1>)
Size of covariance_matrix: torch.Size([1, 7, 7])
Size of covariance_matrix_prime: torch.Size([1, 7, 7])
cosineSimilarity tensor([[1.0000, 0.9999, 1.0000, 0.9999, 1.0000, 1.0000, 0.9999]],
       grad_fn=<SumBackward1>)
Size of covariance_matrix: torch.Size([1, 7, 7])
Size of covariance_matrix_prime: torch.Size([1, 7, 7])
cosineSimilarity tensor([[1.0000, 0.9999, 0.9998, 1.0000, 0.9995, 0.9999, 0.9997]],
       grad_fn=<SumBackward1>)
Size of covariance_matrix: torch.Size([1, 7, 7])
Size of covariance_matrix_prime: torch.Size([1, 7, 7])
cosineSimilarity tensor([[1.0000, 1.0000, 0.9999, 1.0000, 1.0000, 1.0000, 1.0000]],
       grad_fn=<SumBackward1>)
Size of covariance_matrix: torch.Size([1, 7, 7])
Size of covariance_matrix_prime: torch.Size([1, 7, 7])
cosineSimilarity tensor([[1.0000, 0.9999, 0.9999, 1.0000, 0.9999, 1.0000, 1.0000]],
       grad_fn=<SumBackward1>)
Size of covariance_matrix: torch.Size([1, 7, 7])
Size of covariance_matrix_prime: torch.Size([1, 7, 7])
cosineSimilarity tensor([[1.0000, 1.0000, 0.9999, 1.0000, 0.9999, 1.0000, 1.0000]],
       grad_fn=<SumBackward1>)
Size of covariance_matrix: torch.Size([1, 7, 7])
Size of covariance_matrix_prime: torch.Size([1, 7, 7])
cosineSimilarity tensor([[0.9999, 1.0000, 0.9999, 1.0000, 0.9999, 1.0000, 1.0000]],
       grad_fn=<SumBackward1>)
Size of covariance_matrix: torch.Size([1, 7, 7])
Size of covariance_matrix_prime: torch.Size([1, 7, 7])
cosineSimilarity tensor([[1.0000, 0.9999, 1.0000, 0.9999, 0.9999, 1.0000, 0.9999]],
       grad_fn=<SumBackward1>)
Size of covariance_matrix: torch.Size([1, 7, 7])
Size of covariance_matrix_prime: torch.Size([1, 7, 7])
cosineSimilarity tensor([[1.0000, 1.0000, 1.0000, 1.0000, 1.0000, 1.0000, 0.9999]],
       grad_fn=<SumBackward1>)
Size of covariance_matrix: torch.Size([1, 7, 7])
Size of covariance_matrix_prime: torch.Size([1, 7, 7])
cosineSimilarity tensor([[1.0000, 1.0000, 1.0000, 1.0000, 1.0000, 1.0000, 1.0000]],
       grad_fn=<SumBackward1>)
Size of covariance_matrix: torch.Size([1, 7, 7])
Size of covariance_matrix_prime: torch.Size([1, 7, 7])
cosineSimilarity tensor([[1.0000, 1.0000, 1.0000, 1.0000, 1.0000, 1.0000, 1.0000]],
       grad_fn=<SumBackward1>)
Size of covariance_matrix: torch.Size([1, 7, 7])
Size of covariance_matrix_prime: torch.Size([1, 7, 7])
cosineSimilarity tensor([[1.0000, 1.0000, 1.0000, 0.9999, 0.9964, 1.0000, 0.9999]],
       grad_fn=<SumBackward1>)
Size of covariance_matrix: torch.Size([1, 7, 7])
Size of covariance_matrix_prime: torch.Size([1, 7, 7])
cosineSimilarity tensor([[0.9999, 1.0000, 0.9999, 0.9999, 0.9998, 1.0000, 0.9996]],
       grad_fn=<SumBackward1>)
Size of covariance_matrix: torch.Size([1, 7, 7])
Size of covariance_matrix_prime: torch.Size([1, 7, 7])
cosineSimilarity tensor([[1.0000, 1.0000, 0.9999, 1.0000, 0.9999, 1.0000, 1.0000]],
       grad_fn=<SumBackward1>)
Size of covariance_matrix: torch.Size([1, 7, 7])
Size of covariance_matrix_prime: torch.Size([1, 7, 7])
cosineSimilarity tensor([[1.0000, 1.0000, 0.9999, 1.0000, 1.0000, 1.0000, 0.9999]],
       grad_fn=<SumBackward1>)
Size of covariance_matrix: torch.Size([1, 7, 7])
Size of covariance_matrix_prime: torch.Size([1, 7, 7])
cosineSimilarity tensor([[0.9997, 1.0000, 0.9999, 1.0000, 0.9995, 0.9999, 0.9999]],
       grad_fn=<SumBackward1>)
Size of covariance_matrix: torch.Size([1, 7, 7])
Size of covariance_matrix_prime: torch.Size([1, 7, 7])
cosineSimilarity tensor([[1.0000, 1.0000, 0.9998, 1.0000, 0.9999, 1.0000, 0.9998]],
       grad_fn=<SumBackward1>)
Size of covariance_matrix: torch.Size([1, 7, 7])
Size of covariance_matrix_prime: torch.Size([1, 7, 7])
cosineSimilarity tensor([[0.9999, 0.9999, 0.9999, 0.9999, 0.9992, 0.9999, 0.9998]],
       grad_fn=<SumBackward1>)
Size of covariance_matrix: torch.Size([1, 7, 7])
Size of covariance_matrix_prime: torch.Size([1, 7, 7])
cosineSimilarity tensor([[0.9999, 1.0000, 1.0000, 0.9999, 0.9999, 0.9999, 0.9999]],
       grad_fn=<SumBackward1>)
Size of covariance_matrix: torch.Size([1, 7, 7])
Size of covariance_matrix_prime: torch.Size([1, 7, 7])
cosineSimilarity tensor([[1.0000, 1.0000, 0.9999, 1.0000, 0.9999, 1.0000, 1.0000]],
       grad_fn=<SumBackward1>)
Size of covariance_matrix: torch.Size([1, 7, 7])
Size of covariance_matrix_prime: torch.Size([1, 7, 7])
cosineSimilarity tensor([[1.0000, 1.0000, 0.9999, 1.0000, 0.9999, 1.0000, 1.0000]],
       grad_fn=<SumBackward1>)
Size of covariance_matrix: torch.Size([1, 7, 7])
Size of covariance_matrix_prime: torch.Size([1, 7, 7])
cosineSimilarity tensor([[1.0000, 1.0000, 1.0000, 1.0000, 1.0000, 1.0000, 1.0000]],
       grad_fn=<SumBackward1>)
Size of covariance_matrix: torch.Size([1, 7, 7])
Size of covariance_matrix_prime: torch.Size([1, 7, 7])
cosineSimilarity tensor([[1.0000, 1.0000, 1.0000, 1.0000, 1.0000, 1.0000, 1.0000]],
       grad_fn=<SumBackward1>)
Size of covariance_matrix: torch.Size([1, 7, 7])
Size of covariance_matrix_prime: torch.Size([1, 7, 7])
cosineSimilarity tensor([[0.9999, 0.9999, 0.9999, 0.9999, 0.9999, 0.9999, 0.9998]],
       grad_fn=<SumBackward1>)
Size of covariance_matrix: torch.Size([1, 7, 7])
Size of covariance_matrix_prime: torch.Size([1, 7, 7])
cosineSimilarity tensor([[0.9999, 1.0000, 1.0000, 0.9999, 1.0000, 0.9999, 0.9999]],
       grad_fn=<SumBackward1>)
Size of covariance_matrix: torch.Size([1, 7, 7])
Size of covariance_matrix_prime: torch.Size([1, 7, 7])
cosineSimilarity tensor([[0.9999, 1.0000, 1.0000, 0.9999, 0.9999, 1.0000, 1.0000]],
       grad_fn=<SumBackward1>)
Size of covariance_matrix: torch.Size([1, 7, 7])
Size of covariance_matrix_prime: torch.Size([1, 7, 7])
cosineSimilarity tensor([[1.0000, 1.0000, 0.9999, 1.0000, 0.9999, 0.9999, 1.0000]],
       grad_fn=<SumBackward1>)
Size of covariance_matrix: torch.Size([1, 7, 7])
Size of covariance_matrix_prime: torch.Size([1, 7, 7])
cosineSimilarity tensor([[1.0000, 1.0000, 1.0000, 1.0000, 1.0000, 1.0000, 1.0000]],
       grad_fn=<SumBackward1>)
Size of covariance_matrix: torch.Size([1, 7, 7])
Size of covariance_matrix_prime: torch.Size([1, 7, 7])
cosineSimilarity tensor([[1.0000, 1.0000, 1.0000, 1.0000, 1.0000, 1.0000, 1.0000]],
       grad_fn=<SumBackward1>)
Size of covariance_matrix: torch.Size([1, 7, 7])
Size of covariance_matrix_prime: torch.Size([1, 7, 7])
cosineSimilarity tensor([[1.0000, 1.0000, 1.0000, 1.0000, 1.0000, 1.0000, 1.0000]],
       grad_fn=<SumBackward1>)
Size of covariance_matrix: torch.Size([1, 7, 7])
Size of covariance_matrix_prime: torch.Size([1, 7, 7])
cosineSimilarity tensor([[1.0000, 1.0000, 0.9999, 1.0000, 0.9999, 1.0000, 1.0000]],
       grad_fn=<SumBackward1>)
Size of covariance_matrix: torch.Size([1, 7, 7])
Size of covariance_matrix_prime: torch.Size([1, 7, 7])
cosineSimilarity tensor([[1.0000, 0.9999, 0.9998, 1.0000, 0.9999, 1.0000, 1.0000]],
       grad_fn=<SumBackward1>)
Size of covariance_matrix: torch.Size([1, 7, 7])
Size of covariance_matrix_prime: torch.Size([1, 7, 7])
cosineSimilarity tensor([[0.9999, 1.0000, 1.0000, 1.0000, 0.9998, 1.0000, 0.9999]],
       grad_fn=<SumBackward1>)
Size of covariance_matrix: torch.Size([1, 7, 7])
Size of covariance_matrix_prime: torch.Size([1, 7, 7])
cosineSimilarity tensor([[1.0000, 1.0000, 1.0000, 1.0000, 1.0000, 1.0000, 1.0000]],
       grad_fn=<SumBackward1>)
Size of covariance_matrix: torch.Size([1, 7, 7])
Size of covariance_matrix_prime: torch.Size([1, 7, 7])
cosineSimilarity tensor([[1.0000, 1.0000, 1.0000, 0.9999, 1.0000, 1.0000, 1.0000]],
       grad_fn=<SumBackward1>)
Size of covariance_matrix: torch.Size([1, 7, 7])
Size of covariance_matrix_prime: torch.Size([1, 7, 7])
cosineSimilarity tensor([[1.0000, 0.9999, 1.0000, 1.0000, 0.9999, 1.0000, 0.9999]],
       grad_fn=<SumBackward1>)
Size of covariance_matrix: torch.Size([1, 7, 7])
Size of covariance_matrix_prime: torch.Size([1, 7, 7])
cosineSimilarity tensor([[1.0000, 1.0000, 1.0000, 1.0000, 0.9999, 1.0000, 1.0000]],
       grad_fn=<SumBackward1>)
Size of covariance_matrix: torch.Size([1, 7, 7])
Size of covariance_matrix_prime: torch.Size([1, 7, 7])
cosineSimilarity tensor([[1.0000, 1.0000, 0.9999, 1.0000, 0.9997, 0.9999, 0.9999]],
       grad_fn=<SumBackward1>)
Size of covariance_matrix: torch.Size([1, 7, 7])
Size of covariance_matrix_prime: torch.Size([1, 7, 7])
cosineSimilarity tensor([[0.9999, 1.0000, 0.9999, 1.0000, 0.9999, 1.0000, 0.9999]],
       grad_fn=<SumBackward1>)
Size of covariance_matrix: torch.Size([1, 7, 7])
Size of covariance_matrix_prime: torch.Size([1, 7, 7])
cosineSimilarity tensor([[0.9999, 1.0000, 1.0000, 1.0000, 1.0000, 1.0000, 1.0000]],
       grad_fn=<SumBackward1>)
Size of covariance_matrix: torch.Size([1, 7, 7])
Size of covariance_matrix_prime: torch.Size([1, 7, 7])
cosineSimilarity tensor([[0.9997, 0.9999, 1.0000, 1.0000, 1.0000, 1.0000, 0.9999]],
       grad_fn=<SumBackward1>)
Size of covariance_matrix: torch.Size([1, 7, 7])
Size of covariance_matrix_prime: torch.Size([1, 7, 7])
cosineSimilarity tensor([[1.0000, 1.0000, 0.9999, 1.0000, 0.9999, 1.0000, 1.0000]],
       grad_fn=<SumBackward1>)
Size of covariance_matrix: torch.Size([1, 7, 7])
Size of covariance_matrix_prime: torch.Size([1, 7, 7])
cosineSimilarity tensor([[1.0000, 0.9998, 0.9999, 0.9999, 1.0000, 1.0000, 1.0000]],
       grad_fn=<SumBackward1>)
Size of covariance_matrix: torch.Size([1, 7, 7])
Size of covariance_matrix_prime: torch.Size([1, 7, 7])
cosineSimilarity tensor([[1.0000, 1.0000, 0.9999, 1.0000, 1.0000, 1.0000, 1.0000]],
       grad_fn=<SumBackward1>)
Size of covariance_matrix: torch.Size([1, 7, 7])
Size of covariance_matrix_prime: torch.Size([1, 7, 7])
cosineSimilarity tensor([[1.0000, 1.0000, 0.9999, 1.0000, 1.0000, 1.0000, 1.0000]],
       grad_fn=<SumBackward1>)
Size of covariance_matrix: torch.Size([1, 7, 7])
Size of covariance_matrix_prime: torch.Size([1, 7, 7])
cosineSimilarity tensor([[1.0000, 1.0000, 0.9999, 1.0000, 0.9999, 1.0000, 1.0000]],
       grad_fn=<SumBackward1>)
Size of covariance_matrix: torch.Size([1, 7, 7])
Size of covariance_matrix_prime: torch.Size([1, 7, 7])
cosineSimilarity tensor([[1.0000, 1.0000, 1.0000, 1.0000, 1.0000, 1.0000, 1.0000]],
       grad_fn=<SumBackward1>)
Size of covariance_matrix: torch.Size([1, 7, 7])
Size of covariance_matrix_prime: torch.Size([1, 7, 7])
cosineSimilarity tensor([[0.9999, 1.0000, 0.9997, 1.0000, 0.9999, 1.0000, 0.9998]],
       grad_fn=<SumBackward1>)
Size of covariance_matrix: torch.Size([1, 7, 7])
Size of covariance_matrix_prime: torch.Size([1, 7, 7])
cosineSimilarity tensor([[1.0000, 1.0000, 1.0000, 1.0000, 1.0000, 1.0000, 1.0000]],
       grad_fn=<SumBackward1>)
Size of covariance_matrix: torch.Size([1, 7, 7])
Size of covariance_matrix_prime: torch.Size([1, 7, 7])
cosineSimilarity tensor([[1.0000, 1.0000, 1.0000, 1.0000, 1.0000, 1.0000, 1.0000]],
       grad_fn=<SumBackward1>)
Size of covariance_matrix: torch.Size([1, 7, 7])
Size of covariance_matrix_prime: torch.Size([1, 7, 7])
cosineSimilarity tensor([[1.0000, 1.0000, 0.9999, 1.0000, 1.0000, 1.0000, 0.9999]],
       grad_fn=<SumBackward1>)
Size of covariance_matrix: torch.Size([1, 7, 7])
Size of covariance_matrix_prime: torch.Size([1, 7, 7])
cosineSimilarity tensor([[1.0000, 1.0000, 1.0000, 1.0000, 1.0000, 1.0000, 1.0000]],
       grad_fn=<SumBackward1>)
Size of covariance_matrix: torch.Size([1, 7, 7])
Size of covariance_matrix_prime: torch.Size([1, 7, 7])
cosineSimilarity tensor([[1.0000, 1.0000, 1.0000, 1.0000, 1.0000, 1.0000, 1.0000]],
       grad_fn=<SumBackward1>)
Size of covariance_matrix: torch.Size([1, 7, 7])
Size of covariance_matrix_prime: torch.Size([1, 7, 7])
cosineSimilarity tensor([[1.0000, 1.0000, 1.0000, 1.0000, 1.0000, 1.0000, 1.0000]],
       grad_fn=<SumBackward1>)
Size of covariance_matrix: torch.Size([1, 7, 7])
Size of covariance_matrix_prime: torch.Size([1, 7, 7])
cosineSimilarity tensor([[1.0000, 1.0000, 1.0000, 1.0000, 1.0000, 1.0000, 1.0000]],
       grad_fn=<SumBackward1>)
Size of covariance_matrix: torch.Size([1, 7, 7])
Size of covariance_matrix_prime: torch.Size([1, 7, 7])
cosineSimilarity tensor([[1.0000, 0.9999, 1.0000, 0.9999, 0.9999, 1.0000, 0.9999]],
       grad_fn=<SumBackward1>)
Size of covariance_matrix: torch.Size([1, 7, 7])
Size of covariance_matrix_prime: torch.Size([1, 7, 7])
cosineSimilarity tensor([[0.9999, 1.0000, 0.9999, 1.0000, 0.9999, 1.0000, 0.9999]],
       grad_fn=<SumBackward1>)
Size of covariance_matrix: torch.Size([1, 7, 7])
Size of covariance_matrix_prime: torch.Size([1, 7, 7])
cosineSimilarity tensor([[1.0000, 1.0000, 1.0000, 1.0000, 1.0000, 1.0000, 1.0000]],
       grad_fn=<SumBackward1>)
Size of covariance_matrix: torch.Size([1, 7, 7])
Size of covariance_matrix_prime: torch.Size([1, 7, 7])
cosineSimilarity tensor([[0.9999, 1.0000, 0.9999, 1.0000, 0.9999, 1.0000, 1.0000]],
       grad_fn=<SumBackward1>)
Size of covariance_matrix: torch.Size([1, 7, 7])
Size of covariance_matrix_prime: torch.Size([1, 7, 7])
cosineSimilarity tensor([[1.0000, 1.0000, 1.0000, 1.0000, 1.0000, 1.0000, 1.0000]],
       grad_fn=<SumBackward1>)
Size of covariance_matrix: torch.Size([1, 7, 7])
Size of covariance_matrix_prime: torch.Size([1, 7, 7])
cosineSimilarity tensor([[0.9999, 1.0000, 0.9999, 1.0000, 1.0000, 1.0000, 0.9999]],
       grad_fn=<SumBackward1>)
Size of covariance_matrix: torch.Size([1, 7, 7])
Size of covariance_matrix_prime: torch.Size([1, 7, 7])
cosineSimilarity tensor([[1.0000, 1.0000, 0.9999, 1.0000, 0.9998, 1.0000, 0.9999]],
       grad_fn=<SumBackward1>)
Size of covariance_matrix: torch.Size([1, 7, 7])
Size of covariance_matrix_prime: torch.Size([1, 7, 7])
cosineSimilarity tensor([[0.9997, 1.0000, 0.9999, 1.0000, 0.9998, 0.9999, 1.0000]],
       grad_fn=<SumBackward1>)
Size of covariance_matrix: torch.Size([1, 7, 7])
Size of covariance_matrix_prime: torch.Size([1, 7, 7])
cosineSimilarity tensor([[1.0000, 0.9997, 0.9999, 1.0000, 0.9997, 1.0000, 0.9996]],
       grad_fn=<SumBackward1>)
Size of covariance_matrix: torch.Size([1, 7, 7])
Size of covariance_matrix_prime: torch.Size([1, 7, 7])
cosineSimilarity tensor([[0.9999, 1.0000, 0.9997, 1.0000, 0.9999, 0.9999, 1.0000]],
       grad_fn=<SumBackward1>)
Size of covariance_matrix: torch.Size([1, 7, 7])
Size of covariance_matrix_prime: torch.Size([1, 7, 7])
cosineSimilarity tensor([[1.0000, 1.0000, 1.0000, 1.0000, 1.0000, 1.0000, 1.0000]],
       grad_fn=<SumBackward1>)
Size of covariance_matrix: torch.Size([1, 7, 7])
Size of covariance_matrix_prime: torch.Size([1, 7, 7])
cosineSimilarity tensor([[0.9999, 0.9999, 0.9996, 0.9999, 0.9997, 0.9999, 0.9998]],
       grad_fn=<SumBackward1>)
Size of covariance_matrix: torch.Size([1, 7, 7])
Size of covariance_matrix_prime: torch.Size([1, 7, 7])
cosineSimilarity tensor([[1.0000, 1.0000, 1.0000, 1.0000, 1.0000, 1.0000, 1.0000]],
       grad_fn=<SumBackward1>)
Size of covariance_matrix: torch.Size([1, 7, 7])
Size of covariance_matrix_prime: torch.Size([1, 7, 7])
cosineSimilarity tensor([[1.0000, 1.0000, 1.0000, 1.0000, 0.9999, 1.0000, 1.0000]],
       grad_fn=<SumBackward1>)
Size of covariance_matrix: torch.Size([1, 7, 7])
Size of covariance_matrix_prime: torch.Size([1, 7, 7])
cosineSimilarity tensor([[0.9999, 0.9999, 1.0000, 1.0000, 0.9998, 1.0000, 0.9999]],
       grad_fn=<SumBackward1>)
Size of covariance_matrix: torch.Size([1, 7, 7])
Size of covariance_matrix_prime: torch.Size([1, 7, 7])
cosineSimilarity tensor([[1.0000, 0.9998, 0.9999, 1.0000, 0.9997, 1.0000, 0.9997]],
       grad_fn=<SumBackward1>)
Size of covariance_matrix: torch.Size([1, 7, 7])
Size of covariance_matrix_prime: torch.Size([1, 7, 7])
cosineSimilarity tensor([[1.0000, 0.9999, 1.0000, 0.9999, 1.0000, 1.0000, 1.0000]],
       grad_fn=<SumBackward1>)
Size of covariance_matrix: torch.Size([1, 7, 7])
Size of covariance_matrix_prime: torch.Size([1, 7, 7])
cosineSimilarity tensor([[0.9999, 1.0000, 0.9999, 0.9999, 0.9999, 1.0000, 0.9999]],
       grad_fn=<SumBackward1>)
Size of covariance_matrix: torch.Size([1, 7, 7])
Size of covariance_matrix_prime: torch.Size([1, 7, 7])
cosineSimilarity tensor([[1.0000, 1.0000, 1.0000, 1.0000, 1.0000, 1.0000, 1.0000]],
       grad_fn=<SumBackward1>)
Size of covariance_matrix: torch.Size([1, 7, 7])
Size of covariance_matrix_prime: torch.Size([1, 7, 7])
cosineSimilarity tensor([[1.0000, 0.9999, 0.9999, 1.0000, 0.9999, 0.9999, 1.0000]],
       grad_fn=<SumBackward1>)
Size of covariance_matrix: torch.Size([1, 7, 7])
Size of covariance_matrix_prime: torch.Size([1, 7, 7])
cosineSimilarity tensor([[0.9999, 1.0000, 0.9999, 1.0000, 0.9997, 1.0000, 1.0000]],
       grad_fn=<SumBackward1>)
Size of covariance_matrix: torch.Size([1, 7, 7])
Size of covariance_matrix_prime: torch.Size([1, 7, 7])
cosineSimilarity tensor([[1.0000, 1.0000, 1.0000, 1.0000, 1.0000, 1.0000, 1.0000]],
       grad_fn=<SumBackward1>)
Size of covariance_matrix: torch.Size([1, 7, 7])
Size of covariance_matrix_prime: torch.Size([1, 7, 7])
cosineSimilarity tensor([[1.0000, 1.0000, 1.0000, 1.0000, 0.9999, 1.0000, 1.0000]],
       grad_fn=<SumBackward1>)
Size of covariance_matrix: torch.Size([1, 7, 7])
Size of covariance_matrix_prime: torch.Size([1, 7, 7])
cosineSimilarity tensor([[1.0000, 0.9999, 1.0000, 0.9999, 1.0000, 1.0000, 0.9999]],
       grad_fn=<SumBackward1>)
Size of covariance_matrix: torch.Size([1, 7, 7])
Size of covariance_matrix_prime: torch.Size([1, 7, 7])
cosineSimilarity tensor([[1.0000, 1.0000, 1.0000, 1.0000, 1.0000, 1.0000, 1.0000]],
       grad_fn=<SumBackward1>)
Size of covariance_matrix: torch.Size([1, 7, 7])
Size of covariance_matrix_prime: torch.Size([1, 7, 7])
cosineSimilarity tensor([[1.0000, 1.0000, 0.9999, 0.9999, 1.0000, 0.9999, 0.9999]],
       grad_fn=<SumBackward1>)
Size of covariance_matrix: torch.Size([1, 7, 7])
Size of covariance_matrix_prime: torch.Size([1, 7, 7])
cosineSimilarity tensor([[1.0000, 1.0000, 1.0000, 1.0000, 1.0000, 1.0000, 1.0000]],
       grad_fn=<SumBackward1>)
Size of covariance_matrix: torch.Size([1, 7, 7])
Size of covariance_matrix_prime: torch.Size([1, 7, 7])
cosineSimilarity tensor([[1.0000, 1.0000, 1.0000, 1.0000, 0.9999, 1.0000, 1.0000]],
       grad_fn=<SumBackward1>)
Size of covariance_matrix: torch.Size([1, 7, 7])
Size of covariance_matrix_prime: torch.Size([1, 7, 7])
cosineSimilarity tensor([[0.9999, 0.9999, 0.9999, 1.0000, 1.0000, 1.0000, 1.0000]],
       grad_fn=<SumBackward1>)
Size of covariance_matrix: torch.Size([1, 7, 7])
Size of covariance_matrix_prime: torch.Size([1, 7, 7])
cosineSimilarity tensor([[0.9999, 1.0000, 0.9999, 1.0000, 0.9997, 1.0000, 1.0000]],
       grad_fn=<SumBackward1>)
Size of covariance_matrix: torch.Size([1, 7, 7])
Size of covariance_matrix_prime: torch.Size([1, 7, 7])
cosineSimilarity tensor([[0.9999, 1.0000, 0.9999, 1.0000, 0.9997, 1.0000, 1.0000]],
       grad_fn=<SumBackward1>)
Size of covariance_matrix: torch.Size([1, 7, 7])
Size of covariance_matrix_prime: torch.Size([1, 7, 7])
cosineSimilarity tensor([[1.0000, 1.0000, 1.0000, 1.0000, 1.0000, 1.0000, 0.9999]],
       grad_fn=<SumBackward1>)
Size of covariance_matrix: torch.Size([1, 7, 7])
Size of covariance_matrix_prime: torch.Size([1, 7, 7])
cosineSimilarity tensor([[1.0000, 1.0000, 0.9999, 0.9999, 0.9998, 1.0000, 1.0000]],
       grad_fn=<SumBackward1>)
Size of covariance_matrix: torch.Size([1, 7, 7])
Size of covariance_matrix_prime: torch.Size([1, 7, 7])
cosineSimilarity tensor([[0.9998, 0.9999, 0.9999, 0.9999, 0.9998, 1.0000, 0.9998]],
       grad_fn=<SumBackward1>)
Size of covariance_matrix: torch.Size([1, 7, 7])
Size of covariance_matrix_prime: torch.Size([1, 7, 7])
cosineSimilarity tensor([[1.0000, 1.0000, 0.9999, 0.9999, 0.9999, 1.0000, 1.0000]],
       grad_fn=<SumBackward1>)
Size of covariance_matrix: torch.Size([1, 7, 7])
Size of covariance_matrix_prime: torch.Size([1, 7, 7])
cosineSimilarity tensor([[0.9999, 1.0000, 0.9998, 0.9999, 0.9996, 0.9999, 1.0000]],
       grad_fn=<SumBackward1>)
Size of covariance_matrix: torch.Size([1, 7, 7])
Size of covariance_matrix_prime: torch.Size([1, 7, 7])
cosineSimilarity tensor([[0.9999, 0.9999, 0.9998, 0.9998, 0.9998, 1.0000, 0.9998]],
       grad_fn=<SumBackward1>)
Size of covariance_matrix: torch.Size([1, 7, 7])
Size of covariance_matrix_prime: torch.Size([1, 7, 7])
cosineSimilarity tensor([[1.0000, 1.0000, 0.9999, 1.0000, 1.0000, 1.0000, 1.0000]],
       grad_fn=<SumBackward1>)
Size of covariance_matrix: torch.Size([1, 7, 7])
Size of covariance_matrix_prime: torch.Size([1, 7, 7])
cosineSimilarity tensor([[1.0000, 1.0000, 0.9999, 1.0000, 0.9999, 1.0000, 1.0000]],
       grad_fn=<SumBackward1>)
Size of covariance_matrix: torch.Size([1, 7, 7])
Size of covariance_matrix_prime: torch.Size([1, 7, 7])
cosineSimilarity tensor([[1.0000, 1.0000, 1.0000, 1.0000, 0.9999, 1.0000, 1.0000]],
       grad_fn=<SumBackward1>)
Size of covariance_matrix: torch.Size([1, 7, 7])
Size of covariance_matrix_prime: torch.Size([1, 7, 7])
cosineSimilarity tensor([[1.0000, 1.0000, 1.0000, 1.0000, 1.0000, 1.0000, 1.0000]],
       grad_fn=<SumBackward1>)
Size of covariance_matrix: torch.Size([1, 7, 7])
Size of covariance_matrix_prime: torch.Size([1, 7, 7])
cosineSimilarity tensor([[1.0000, 1.0000, 1.0000, 1.0000, 1.0000, 1.0000, 1.0000]],
       grad_fn=<SumBackward1>)
Size of covariance_matrix: torch.Size([1, 7, 7])
Size of covariance_matrix_prime: torch.Size([1, 7, 7])
cosineSimilarity tensor([[0.9999, 1.0000, 1.0000, 1.0000, 1.0000, 1.0000, 0.9999]],
       grad_fn=<SumBackward1>)
Size of covariance_matrix: torch.Size([1, 7, 7])
Size of covariance_matrix_prime: torch.Size([1, 7, 7])
cosineSimilarity tensor([[0.9998, 0.9999, 1.0000, 0.9999, 0.9999, 1.0000, 0.9999]],
       grad_fn=<SumBackward1>)
Size of covariance_matrix: torch.Size([1, 7, 7])
Size of covariance_matrix_prime: torch.Size([1, 7, 7])
cosineSimilarity tensor([[1.0000, 1.0000, 1.0000, 1.0000, 1.0000, 1.0000, 1.0000]],
       grad_fn=<SumBackward1>)
Size of covariance_matrix: torch.Size([1, 7, 7])
Size of covariance_matrix_prime: torch.Size([1, 7, 7])
cosineSimilarity tensor([[1.0000, 1.0000, 1.0000, 1.0000, 1.0000, 1.0000, 1.0000]],
       grad_fn=<SumBackward1>)
Size of covariance_matrix: torch.Size([1, 7, 7])
Size of covariance_matrix_prime: torch.Size([1, 7, 7])
cosineSimilarity tensor([[1.0000, 1.0000, 1.0000, 1.0000, 1.0000, 1.0000, 1.0000]],
       grad_fn=<SumBackward1>)
Size of covariance_matrix: torch.Size([1, 7, 7])
Size of covariance_matrix_prime: torch.Size([1, 7, 7])
cosineSimilarity tensor([[1.0000, 1.0000, 0.9998, 0.9999, 0.9998, 1.0000, 0.9999]],
       grad_fn=<SumBackward1>)
Size of covariance_matrix: torch.Size([1, 7, 7])
Size of covariance_matrix_prime: torch.Size([1, 7, 7])
cosineSimilarity tensor([[1.0000, 0.9999, 1.0000, 1.0000, 0.9999, 1.0000, 0.9998]],
       grad_fn=<SumBackward1>)
Size of covariance_matrix: torch.Size([1, 7, 7])
Size of covariance_matrix_prime: torch.Size([1, 7, 7])
cosineSimilarity tensor([[1.0000, 0.9999, 1.0000, 1.0000, 0.9999, 1.0000, 0.9999]],
       grad_fn=<SumBackward1>)
Size of covariance_matrix: torch.Size([1, 7, 7])
Size of covariance_matrix_prime: torch.Size([1, 7, 7])
cosineSimilarity tensor([[1.0000, 1.0000, 0.9999, 1.0000, 1.0000, 1.0000, 0.9999]],
       grad_fn=<SumBackward1>)
Size of covariance_matrix: torch.Size([1, 7, 7])
Size of covariance_matrix_prime: torch.Size([1, 7, 7])
cosineSimilarity tensor([[1.0000, 1.0000, 1.0000, 1.0000, 0.9999, 1.0000, 1.0000]],
       grad_fn=<SumBackward1>)
Size of covariance_matrix: torch.Size([1, 7, 7])
Size of covariance_matrix_prime: torch.Size([1, 7, 7])
cosineSimilarity tensor([[1.0000, 1.0000, 0.9998, 1.0000, 1.0000, 1.0000, 0.9999]],
       grad_fn=<SumBackward1>)
Size of covariance_matrix: torch.Size([1, 7, 7])
Size of covariance_matrix_prime: torch.Size([1, 7, 7])
cosineSimilarity tensor([[0.9999, 1.0000, 0.9999, 1.0000, 1.0000, 1.0000, 1.0000]],
       grad_fn=<SumBackward1>)
Size of covariance_matrix: torch.Size([1, 7, 7])
Size of covariance_matrix_prime: torch.Size([1, 7, 7])
cosineSimilarity tensor([[0.9999, 1.0000, 0.9999, 1.0000, 0.9999, 1.0000, 0.9999]],
       grad_fn=<SumBackward1>)
Size of covariance_matrix: torch.Size([1, 7, 7])
Size of covariance_matrix_prime: torch.Size([1, 7, 7])
cosineSimilarity tensor([[0.9997, 1.0000, 1.0000, 1.0000, 1.0000, 1.0000, 0.9999]],
       grad_fn=<SumBackward1>)
Size of covariance_matrix: torch.Size([1, 7, 7])
Size of covariance_matrix_prime: torch.Size([1, 7, 7])
cosineSimilarity tensor([[1.0000, 1.0000, 1.0000, 1.0000, 1.0000, 1.0000, 1.0000]],
       grad_fn=<SumBackward1>)
Size of covariance_matrix: torch.Size([1, 7, 7])
Size of covariance_matrix_prime: torch.Size([1, 7, 7])
cosineSimilarity tensor([[1.0000, 1.0000, 1.0000, 1.0000, 1.0000, 1.0000, 1.0000]],
       grad_fn=<SumBackward1>)
Size of covariance_matrix: torch.Size([1, 7, 7])
Size of covariance_matrix_prime: torch.Size([1, 7, 7])
cosineSimilarity tensor([[1.0000, 1.0000, 1.0000, 1.0000, 0.9999, 1.0000, 0.9999]],
       grad_fn=<SumBackward1>)
Size of covariance_matrix: torch.Size([1, 7, 7])
Size of covariance_matrix_prime: torch.Size([1, 7, 7])
cosineSimilarity tensor([[1.0000, 1.0000, 1.0000, 1.0000, 0.9999, 1.0000, 1.0000]],
       grad_fn=<SumBackward1>)
Size of covariance_matrix: torch.Size([1, 7, 7])
Size of covariance_matrix_prime: torch.Size([1, 7, 7])
cosineSimilarity tensor([[1.0000, 1.0000, 0.9999, 1.0000, 1.0000, 1.0000, 1.0000]],
       grad_fn=<SumBackward1>)
Size of covariance_matrix: torch.Size([1, 7, 7])
Size of covariance_matrix_prime: torch.Size([1, 7, 7])
cosineSimilarity tensor([[0.9999, 1.0000, 0.9998, 1.0000, 0.9995, 1.0000, 0.9997]],
       grad_fn=<SumBackward1>)
Size of covariance_matrix: torch.Size([1, 7, 7])
Size of covariance_matrix_prime: torch.Size([1, 7, 7])
cosineSimilarity tensor([[1.0000, 1.0000, 1.0000, 1.0000, 1.0000, 1.0000, 1.0000]],
       grad_fn=<SumBackward1>)
Size of covariance_matrix: torch.Size([1, 7, 7])
Size of covariance_matrix_prime: torch.Size([1, 7, 7])
cosineSimilarity tensor([[1.0000, 0.9998, 0.9999, 0.9999, 0.9999, 1.0000, 1.0000]],
       grad_fn=<SumBackward1>)
Size of covariance_matrix: torch.Size([1, 7, 7])
Size of covariance_matrix_prime: torch.Size([1, 7, 7])
cosineSimilarity tensor([[0.9999, 0.9999, 0.9999, 0.9999, 0.9996, 0.9999, 1.0000]],
       grad_fn=<SumBackward1>)
Size of covariance_matrix: torch.Size([1, 7, 7])
Size of covariance_matrix_prime: torch.Size([1, 7, 7])
cosineSimilarity tensor([[1.0000, 1.0000, 1.0000, 1.0000, 1.0000, 1.0000, 1.0000]],
       grad_fn=<SumBackward1>)
Size of covariance_matrix: torch.Size([1, 7, 7])
Size of covariance_matrix_prime: torch.Size([1, 7, 7])
cosineSimilarity tensor([[1.0000, 1.0000, 1.0000, 1.0000, 1.0000, 1.0000, 1.0000]],
       grad_fn=<SumBackward1>)
Size of covariance_matrix: torch.Size([1, 7, 7])
Size of covariance_matrix_prime: torch.Size([1, 7, 7])
cosineSimilarity tensor([[1.0000, 1.0000, 1.0000, 1.0000, 0.9999, 1.0000, 1.0000]],
       grad_fn=<SumBackward1>)
Size of covariance_matrix: torch.Size([1, 7, 7])
Size of covariance_matrix_prime: torch.Size([1, 7, 7])
cosineSimilarity tensor([[1.0000, 0.9999, 1.0000, 1.0000, 0.9999, 1.0000, 1.0000]],
       grad_fn=<SumBackward1>)
Size of covariance_matrix: torch.Size([1, 7, 7])
Size of covariance_matrix_prime: torch.Size([1, 7, 7])
cosineSimilarity tensor([[1.0000, 1.0000, 0.9999, 1.0000, 0.9999, 1.0000, 1.0000]],
       grad_fn=<SumBackward1>)
Size of covariance_matrix: torch.Size([1, 7, 7])
Size of covariance_matrix_prime: torch.Size([1, 7, 7])
cosineSimilarity tensor([[1.0000, 1.0000, 1.0000, 1.0000, 1.0000, 1.0000, 1.0000]],
       grad_fn=<SumBackward1>)
Size of covariance_matrix: torch.Size([1, 7, 7])
Size of covariance_matrix_prime: torch.Size([1, 7, 7])
cosineSimilarity tensor([[1.0000, 1.0000, 1.0000, 1.0000, 1.0000, 1.0000, 1.0000]],
       grad_fn=<SumBackward1>)
Size of covariance_matrix: torch.Size([1, 7, 7])
Size of covariance_matrix_prime: torch.Size([1, 7, 7])
cosineSimilarity tensor([[1.0000, 0.9999, 0.9997, 1.0000, 0.9999, 1.0000, 0.9998]],
       grad_fn=<SumBackward1>)
Size of covariance_matrix: torch.Size([1, 7, 7])
Size of covariance_matrix_prime: torch.Size([1, 7, 7])
cosineSimilarity tensor([[1.0000, 1.0000, 1.0000, 1.0000, 1.0000, 1.0000, 1.0000]],
       grad_fn=<SumBackward1>)
Size of covariance_matrix: torch.Size([1, 7, 7])
Size of covariance_matrix_prime: torch.Size([1, 7, 7])
cosineSimilarity tensor([[1.0000, 1.0000, 1.0000, 1.0000, 1.0000, 1.0000, 1.0000]],
       grad_fn=<SumBackward1>)
Size of covariance_matrix: torch.Size([1, 7, 7])
Size of covariance_matrix_prime: torch.Size([1, 7, 7])
cosineSimilarity tensor([[1.0000, 0.9999, 1.0000, 1.0000, 0.9999, 1.0000, 0.9999]],
       grad_fn=<SumBackward1>)
Size of covariance_matrix: torch.Size([1, 7, 7])
Size of covariance_matrix_prime: torch.Size([1, 7, 7])
cosineSimilarity tensor([[1.0000, 1.0000, 1.0000, 1.0000, 1.0000, 1.0000, 1.0000]],
       grad_fn=<SumBackward1>)
Size of covariance_matrix: torch.Size([1, 7, 7])
Size of covariance_matrix_prime: torch.Size([1, 7, 7])
cosineSimilarity tensor([[1.0000, 1.0000, 1.0000, 1.0000, 1.0000, 1.0000, 1.0000]],
       grad_fn=<SumBackward1>)
Size of covariance_matrix: torch.Size([1, 7, 7])
Size of covariance_matrix_prime: torch.Size([1, 7, 7])
cosineSimilarity tensor([[0.9999, 0.9999, 0.9999, 0.9999, 0.9999, 0.9999, 0.9998]],
       grad_fn=<SumBackward1>)
Size of covariance_matrix: torch.Size([1, 7, 7])
Size of covariance_matrix_prime: torch.Size([1, 7, 7])
cosineSimilarity tensor([[1.0000, 1.0000, 1.0000, 1.0000, 0.9999, 1.0000, 1.0000]],
       grad_fn=<SumBackward1>)
Size of covariance_matrix: torch.Size([1, 7, 7])
Size of covariance_matrix_prime: torch.Size([1, 7, 7])
cosineSimilarity tensor([[1.0000, 1.0000, 1.0000, 1.0000, 1.0000, 1.0000, 1.0000]],
       grad_fn=<SumBackward1>)
Size of covariance_matrix: torch.Size([1, 7, 7])
Size of covariance_matrix_prime: torch.Size([1, 7, 7])
cosineSimilarity tensor([[1.0000, 1.0000, 1.0000, 1.0000, 1.0000, 1.0000, 1.0000]],
       grad_fn=<SumBackward1>)
Size of covariance_matrix: torch.Size([1, 7, 7])
Size of covariance_matrix_prime: torch.Size([1, 7, 7])
cosineSimilarity tensor([[1.0000, 1.0000, 1.0000, 1.0000, 1.0000, 1.0000, 1.0000]],
       grad_fn=<SumBackward1>)
Size of covariance_matrix: torch.Size([1, 7, 7])
Size of covariance_matrix_prime: torch.Size([1, 7, 7])
cosineSimilarity tensor([[1.0000, 1.0000, 0.9999, 1.0000, 0.9998, 0.9999, 0.9999]],
       grad_fn=<SumBackward1>)
Size of covariance_matrix: torch.Size([1, 7, 7])
Size of covariance_matrix_prime: torch.Size([1, 7, 7])
cosineSimilarity tensor([[1.0000, 1.0000, 1.0000, 1.0000, 1.0000, 1.0000, 1.0000]],
       grad_fn=<SumBackward1>)
Size of covariance_matrix: torch.Size([1, 7, 7])
Size of covariance_matrix_prime: torch.Size([1, 7, 7])
cosineSimilarity tensor([[1.0000, 0.9998, 1.0000, 0.9999, 0.9999, 1.0000, 1.0000]],
       grad_fn=<SumBackward1>)
Size of covariance_matrix: torch.Size([1, 7, 7])
Size of covariance_matrix_prime: torch.Size([1, 7, 7])
cosineSimilarity tensor([[1.0000, 1.0000, 1.0000, 1.0000, 0.9997, 1.0000, 1.0000]],
       grad_fn=<SumBackward1>)
Size of covariance_matrix: torch.Size([1, 7, 7])
Size of covariance_matrix_prime: torch.Size([1, 7, 7])
cosineSimilarity tensor([[0.9998, 0.9999, 0.9998, 0.9999, 0.9994, 0.9999, 0.9999]],
       grad_fn=<SumBackward1>)
Size of covariance_matrix: torch.Size([1, 7, 7])
Size of covariance_matrix_prime: torch.Size([1, 7, 7])
cosineSimilarity tensor([[0.9999, 1.0000, 1.0000, 1.0000, 1.0000, 1.0000, 0.9999]],
       grad_fn=<SumBackward1>)
Size of covariance_matrix: torch.Size([1, 7, 7])
Size of covariance_matrix_prime: torch.Size([1, 7, 7])
cosineSimilarity tensor([[1.0000, 0.9999, 0.9998, 1.0000, 0.9999, 1.0000, 1.0000]],
       grad_fn=<SumBackward1>)
Size of covariance_matrix: torch.Size([1, 7, 7])
Size of covariance_matrix_prime: torch.Size([1, 7, 7])
cosineSimilarity tensor([[1.0000, 1.0000, 1.0000, 0.9999, 0.9999, 1.0000, 1.0000]],
       grad_fn=<SumBackward1>)
Size of covariance_matrix: torch.Size([1, 7, 7])
Size of covariance_matrix_prime: torch.Size([1, 7, 7])
cosineSimilarity tensor([[1.0000, 1.0000, 1.0000, 1.0000, 1.0000, 1.0000, 1.0000]],
       grad_fn=<SumBackward1>)
Size of covariance_matrix: torch.Size([1, 7, 7])
Size of covariance_matrix_prime: torch.Size([1, 7, 7])
cosineSimilarity tensor([[1.0000, 1.0000, 0.9999, 1.0000, 1.0000, 1.0000, 1.0000]],
       grad_fn=<SumBackward1>)
Size of covariance_matrix: torch.Size([1, 7, 7])
Size of covariance_matrix_prime: torch.Size([1, 7, 7])
cosineSimilarity tensor([[1.0000, 1.0000, 1.0000, 1.0000, 1.0000, 1.0000, 1.0000]],
       grad_fn=<SumBackward1>)
Size of covariance_matrix: torch.Size([1, 7, 7])
Size of covariance_matrix_prime: torch.Size([1, 7, 7])
cosineSimilarity tensor([[1.0000, 1.0000, 1.0000, 1.0000, 1.0000, 1.0000, 1.0000]],
       grad_fn=<SumBackward1>)
Size of covariance_matrix: torch.Size([1, 7, 7])
Size of covariance_matrix_prime: torch.Size([1, 7, 7])
cosineSimilarity tensor([[1.0000, 1.0000, 1.0000, 1.0000, 0.9999, 1.0000, 1.0000]],
       grad_fn=<SumBackward1>)
Size of covariance_matrix: torch.Size([1, 7, 7])
Size of covariance_matrix_prime: torch.Size([1, 7, 7])
cosineSimilarity tensor([[0.9999, 0.9999, 1.0000, 1.0000, 0.9999, 0.9999, 1.0000]],
       grad_fn=<SumBackward1>)
Size of covariance_matrix: torch.Size([1, 7, 7])
Size of covariance_matrix_prime: torch.Size([1, 7, 7])
cosineSimilarity tensor([[1.0000, 1.0000, 0.9999, 1.0000, 0.9997, 1.0000, 1.0000]],
       grad_fn=<SumBackward1>)
Size of covariance_matrix: torch.Size([1, 7, 7])
Size of covariance_matrix_prime: torch.Size([1, 7, 7])
cosineSimilarity tensor([[1.0000, 1.0000, 1.0000, 1.0000, 1.0000, 1.0000, 1.0000]],
       grad_fn=<SumBackward1>)
Size of covariance_matrix: torch.Size([1, 7, 7])
Size of covariance_matrix_prime: torch.Size([1, 7, 7])
cosineSimilarity tensor([[1.0000, 1.0000, 1.0000, 1.0000, 1.0000, 1.0000, 1.0000]],
       grad_fn=<SumBackward1>)
Size of covariance_matrix: torch.Size([1, 7, 7])
Size of covariance_matrix_prime: torch.Size([1, 7, 7])
cosineSimilarity tensor([[0.9999, 0.9999, 0.9999, 0.9999, 0.9998, 1.0000, 0.9999]],
       grad_fn=<SumBackward1>)
Size of covariance_matrix: torch.Size([1, 7, 7])
Size of covariance_matrix_prime: torch.Size([1, 7, 7])
cosineSimilarity tensor([[0.9999, 0.9999, 0.9999, 0.9999, 1.0000, 0.9999, 0.9996]],
       grad_fn=<SumBackward1>)
Size of covariance_matrix: torch.Size([1, 7, 7])
Size of covariance_matrix_prime: torch.Size([1, 7, 7])
cosineSimilarity tensor([[1.0000, 1.0000, 0.9998, 1.0000, 0.9999, 1.0000, 1.0000]],
       grad_fn=<SumBackward1>)
Size of covariance_matrix: torch.Size([1, 7, 7])
Size of covariance_matrix_prime: torch.Size([1, 7, 7])
cosineSimilarity tensor([[1.0000, 1.0000, 0.9999, 0.9999, 0.9999, 1.0000, 0.9999]],
       grad_fn=<SumBackward1>)
Size of covariance_matrix: torch.Size([1, 7, 7])
Size of covariance_matrix_prime: torch.Size([1, 7, 7])
cosineSimilarity tensor([[1.0000, 1.0000, 1.0000, 1.0000, 0.9999, 1.0000, 0.9999]],
       grad_fn=<SumBackward1>)
Size of covariance_matrix: torch.Size([1, 7, 7])
Size of covariance_matrix_prime: torch.Size([1, 7, 7])
cosineSimilarity tensor([[0.9998, 1.0000, 0.9998, 0.9999, 0.9988, 0.9999, 0.9997]],
       grad_fn=<SumBackward1>)
Size of covariance_matrix: torch.Size([1, 7, 7])
Size of covariance_matrix_prime: torch.Size([1, 7, 7])
cosineSimilarity tensor([[1.0000, 1.0000, 1.0000, 1.0000, 0.9996, 1.0000, 0.9998]],
       grad_fn=<SumBackward1>)
Size of covariance_matrix: torch.Size([1, 7, 7])
Size of covariance_matrix_prime: torch.Size([1, 7, 7])
cosineSimilarity tensor([[0.9998, 1.0000, 1.0000, 1.0000, 1.0000, 1.0000, 0.9999]],
       grad_fn=<SumBackward1>)
Size of covariance_matrix: torch.Size([1, 7, 7])
Size of covariance_matrix_prime: torch.Size([1, 7, 7])
cosineSimilarity tensor([[0.9999, 0.9998, 0.9999, 1.0000, 0.9999, 1.0000, 0.9993]],
       grad_fn=<SumBackward1>)
Size of covariance_matrix: torch.Size([1, 7, 7])
Size of covariance_matrix_prime: torch.Size([1, 7, 7])
cosineSimilarity tensor([[0.9998, 1.0000, 1.0000, 1.0000, 1.0000, 1.0000, 0.9999]],
       grad_fn=<SumBackward1>)
Size of covariance_matrix: torch.Size([1, 7, 7])
Size of covariance_matrix_prime: torch.Size([1, 7, 7])
cosineSimilarity tensor([[1.0000, 1.0000, 1.0000, 1.0000, 1.0000, 1.0000, 1.0000]],
       grad_fn=<SumBackward1>)
Size of covariance_matrix: torch.Size([1, 7, 7])
Size of covariance_matrix_prime: torch.Size([1, 7, 7])
cosineSimilarity tensor([[1.0000, 1.0000, 1.0000, 1.0000, 1.0000, 1.0000, 1.0000]],
       grad_fn=<SumBackward1>)
Size of covariance_matrix: torch.Size([1, 7, 7])
Size of covariance_matrix_prime: torch.Size([1, 7, 7])
cosineSimilarity tensor([[0.9999, 1.0000, 0.9997, 0.9999, 0.9998, 1.0000, 0.9999]],
       grad_fn=<SumBackward1>)
Size of covariance_matrix: torch.Size([1, 7, 7])
Size of covariance_matrix_prime: torch.Size([1, 7, 7])
cosineSimilarity tensor([[1.0000, 1.0000, 1.0000, 1.0000, 1.0000, 1.0000, 1.0000]],
       grad_fn=<SumBackward1>)
Size of covariance_matrix: torch.Size([1, 7, 7])
Size of covariance_matrix_prime: torch.Size([1, 7, 7])
cosineSimilarity tensor([[1.0000, 0.9997, 0.9999, 1.0000, 1.0000, 1.0000, 1.0000]],
       grad_fn=<SumBackward1>)
Size of covariance_matrix: torch.Size([1, 7, 7])
Size of covariance_matrix_prime: torch.Size([1, 7, 7])
cosineSimilarity tensor([[1.0000, 1.0000, 1.0000, 1.0000, 1.0000, 1.0000, 1.0000]],
       grad_fn=<SumBackward1>)
Size of covariance_matrix: torch.Size([1, 7, 7])
Size of covariance_matrix_prime: torch.Size([1, 7, 7])
cosineSimilarity tensor([[1.0000, 1.0000, 0.9999, 1.0000, 1.0000, 1.0000, 1.0000]],
       grad_fn=<SumBackward1>)
Size of covariance_matrix: torch.Size([1, 7, 7])
Size of covariance_matrix_prime: torch.Size([1, 7, 7])
cosineSimilarity tensor([[0.9999, 0.9999, 0.9999, 0.9999, 0.9997, 0.9999, 0.9999]],
       grad_fn=<SumBackward1>)
Size of covariance_matrix: torch.Size([1, 7, 7])
Size of covariance_matrix_prime: torch.Size([1, 7, 7])
cosineSimilarity tensor([[0.9999, 0.9999, 0.9997, 1.0000, 0.9999, 1.0000, 1.0000]],
       grad_fn=<SumBackward1>)
Size of covariance_matrix: torch.Size([1, 7, 7])
Size of covariance_matrix_prime: torch.Size([1, 7, 7])
cosineSimilarity tensor([[0.9999, 1.0000, 0.9999, 1.0000, 0.9999, 1.0000, 1.0000]],
       grad_fn=<SumBackward1>)
Size of covariance_matrix: torch.Size([1, 7, 7])
Size of covariance_matrix_prime: torch.Size([1, 7, 7])
cosineSimilarity tensor([[1.0000, 1.0000, 1.0000, 1.0000, 1.0000, 1.0000, 1.0000]],
       grad_fn=<SumBackward1>)
Size of covariance_matrix: torch.Size([1, 7, 7])
Size of covariance_matrix_prime: torch.Size([1, 7, 7])
cosineSimilarity tensor([[0.9999, 1.0000, 0.9998, 0.9999, 0.9999, 0.9999, 0.9999]],
       grad_fn=<SumBackward1>)
Size of covariance_matrix: torch.Size([1, 7, 7])
Size of covariance_matrix_prime: torch.Size([1, 7, 7])
cosineSimilarity tensor([[1.0000, 1.0000, 0.9999, 0.9999, 0.9999, 1.0000, 1.0000]],
       grad_fn=<SumBackward1>)
Size of covariance_matrix: torch.Size([1, 7, 7])
Size of covariance_matrix_prime: torch.Size([1, 7, 7])
cosineSimilarity tensor([[1.0000, 1.0000, 0.9999, 1.0000, 1.0000, 1.0000, 1.0000]],
       grad_fn=<SumBackward1>)
Size of covariance_matrix: torch.Size([1, 7, 7])
Size of covariance_matrix_prime: torch.Size([1, 7, 7])
cosineSimilarity tensor([[1.0000, 0.9999, 1.0000, 1.0000, 1.0000, 1.0000, 1.0000]],
       grad_fn=<SumBackward1>)
Size of covariance_matrix: torch.Size([1, 7, 7])
Size of covariance_matrix_prime: torch.Size([1, 7, 7])
cosineSimilarity tensor([[1.0000, 1.0000, 1.0000, 1.0000, 1.0000, 1.0000, 1.0000]],
       grad_fn=<SumBackward1>)
Size of covariance_matrix: torch.Size([1, 7, 7])
Size of covariance_matrix_prime: torch.Size([1, 7, 7])
cosineSimilarity tensor([[0.9999, 1.0000, 0.9999, 1.0000, 0.9999, 0.9999, 1.0000]],
       grad_fn=<SumBackward1>)
Size of covariance_matrix: torch.Size([1, 7, 7])
Size of covariance_matrix_prime: torch.Size([1, 7, 7])
cosineSimilarity tensor([[0.9999, 1.0000, 1.0000, 1.0000, 0.9999, 1.0000, 1.0000]],
       grad_fn=<SumBackward1>)
Size of covariance_matrix: torch.Size([1, 7, 7])
Size of covariance_matrix_prime: torch.Size([1, 7, 7])
cosineSimilarity tensor([[1.0000, 0.9999, 1.0000, 1.0000, 1.0000, 1.0000, 0.9999]],
       grad_fn=<SumBackward1>)
Size of covariance_matrix: torch.Size([1, 7, 7])
Size of covariance_matrix_prime: torch.Size([1, 7, 7])
cosineSimilarity tensor([[1.0000, 1.0000, 0.9999, 1.0000, 1.0000, 1.0000, 1.0000]],
       grad_fn=<SumBackward1>)
Size of covariance_matrix: torch.Size([1, 7, 7])
Size of covariance_matrix_prime: torch.Size([1, 7, 7])
cosineSimilarity tensor([[0.9999, 0.9998, 1.0000, 0.9999, 0.9996, 1.0000, 0.9999]],
       grad_fn=<SumBackward1>)
Size of covariance_matrix: torch.Size([1, 7, 7])
Size of covariance_matrix_prime: torch.Size([1, 7, 7])
cosineSimilarity tensor([[1.0000, 1.0000, 1.0000, 1.0000, 0.9999, 1.0000, 1.0000]],
       grad_fn=<SumBackward1>)
Size of covariance_matrix: torch.Size([1, 7, 7])
Size of covariance_matrix_prime: torch.Size([1, 7, 7])
cosineSimilarity tensor([[1.0000, 1.0000, 1.0000, 0.9999, 1.0000, 1.0000, 1.0000]],
       grad_fn=<SumBackward1>)
Size of covariance_matrix: torch.Size([1, 7, 7])
Size of covariance_matrix_prime: torch.Size([1, 7, 7])
cosineSimilarity tensor([[1.0000, 1.0000, 1.0000, 1.0000, 1.0000, 1.0000, 1.0000]],
       grad_fn=<SumBackward1>)
Size of covariance_matrix: torch.Size([1, 7, 7])
Size of covariance_matrix_prime: torch.Size([1, 7, 7])
cosineSimilarity tensor([[1.0000, 0.9999, 1.0000, 1.0000, 0.9990, 1.0000, 0.9999]],
       grad_fn=<SumBackward1>)
Size of covariance_matrix: torch.Size([1, 7, 7])
Size of covariance_matrix_prime: torch.Size([1, 7, 7])
cosineSimilarity tensor([[1.0000, 1.0000, 0.9999, 1.0000, 1.0000, 1.0000, 1.0000]],
       grad_fn=<SumBackward1>)
Size of covariance_matrix: torch.Size([1, 7, 7])
Size of covariance_matrix_prime: torch.Size([1, 7, 7])
cosineSimilarity tensor([[0.9999, 1.0000, 1.0000, 0.9999, 1.0000, 1.0000, 1.0000]],
       grad_fn=<SumBackward1>)
Size of covariance_matrix: torch.Size([1, 7, 7])
Size of covariance_matrix_prime: torch.Size([1, 7, 7])
cosineSimilarity tensor([[1.0000, 1.0000, 0.9999, 1.0000, 0.9998, 1.0000, 0.9999]],
       grad_fn=<SumBackward1>)
Size of covariance_matrix: torch.Size([1, 7, 7])
Size of covariance_matrix_prime: torch.Size([1, 7, 7])
cosineSimilarity tensor([[0.9999, 1.0000, 0.9995, 0.9999, 0.9998, 1.0000, 0.9996]],
       grad_fn=<SumBackward1>)
Size of covariance_matrix: torch.Size([1, 7, 7])
Size of covariance_matrix_prime: torch.Size([1, 7, 7])
cosineSimilarity tensor([[1.0000, 1.0000, 1.0000, 1.0000, 1.0000, 1.0000, 1.0000]],
       grad_fn=<SumBackward1>)
Size of covariance_matrix: torch.Size([1, 7, 7])
Size of covariance_matrix_prime: torch.Size([1, 7, 7])
cosineSimilarity tensor([[1.0000, 1.0000, 1.0000, 1.0000, 1.0000, 1.0000, 1.0000]],
       grad_fn=<SumBackward1>)
Size of covariance_matrix: torch.Size([1, 7, 7])
Size of covariance_matrix_prime: torch.Size([1, 7, 7])
cosineSimilarity tensor([[1.0000, 1.0000, 0.9999, 1.0000, 0.9996, 1.0000, 1.0000]],
       grad_fn=<SumBackward1>)
Size of covariance_matrix: torch.Size([1, 7, 7])
Size of covariance_matrix_prime: torch.Size([1, 7, 7])
cosineSimilarity tensor([[1.0000, 1.0000, 1.0000, 1.0000, 1.0000, 1.0000, 1.0000]],
       grad_fn=<SumBackward1>)
Size of covariance_matrix: torch.Size([1, 7, 7])
Size of covariance_matrix_prime: torch.Size([1, 7, 7])
cosineSimilarity tensor([[1.0000, 0.9999, 0.9998, 0.9999, 0.9998, 1.0000, 1.0000]],
       grad_fn=<SumBackward1>)
Size of covariance_matrix: torch.Size([1, 7, 7])
Size of covariance_matrix_prime: torch.Size([1, 7, 7])
cosineSimilarity tensor([[1.0000, 1.0000, 1.0000, 0.9999, 1.0000, 0.9999, 1.0000]],
       grad_fn=<SumBackward1>)
Size of covariance_matrix: torch.Size([1, 7, 7])
Size of covariance_matrix_prime: torch.Size([1, 7, 7])
cosineSimilarity tensor([[1.0000, 1.0000, 0.9999, 1.0000, 1.0000, 1.0000, 1.0000]],
       grad_fn=<SumBackward1>)
Size of covariance_matrix: torch.Size([1, 7, 7])
Size of covariance_matrix_prime: torch.Size([1, 7, 7])
cosineSimilarity tensor([[1.0000, 1.0000, 1.0000, 1.0000, 1.0000, 1.0000, 1.0000]],
       grad_fn=<SumBackward1>)
Size of covariance_matrix: torch.Size([1, 7, 7])
Size of covariance_matrix_prime: torch.Size([1, 7, 7])
cosineSimilarity tensor([[1.0000, 1.0000, 1.0000, 1.0000, 1.0000, 1.0000, 1.0000]],
       grad_fn=<SumBackward1>)
Size of covariance_matrix: torch.Size([1, 7, 7])
Size of covariance_matrix_prime: torch.Size([1, 7, 7])
cosineSimilarity tensor([[1.0000, 1.0000, 1.0000, 1.0000, 1.0000, 1.0000, 1.0000]],
       grad_fn=<SumBackward1>)
Size of covariance_matrix: torch.Size([1, 7, 7])
Size of covariance_matrix_prime: torch.Size([1, 7, 7])
cosineSimilarity tensor([[1.0000, 1.0000, 0.9999, 0.9999, 0.9997, 1.0000, 1.0000]],
       grad_fn=<SumBackward1>)
Size of covariance_matrix: torch.Size([1, 7, 7])
Size of covariance_matrix_prime: torch.Size([1, 7, 7])
cosineSimilarity tensor([[1.0000, 1.0000, 1.0000, 1.0000, 1.0000, 1.0000, 1.0000]],
       grad_fn=<SumBackward1>)
Size of covariance_matrix: torch.Size([1, 7, 7])
Size of covariance_matrix_prime: torch.Size([1, 7, 7])
cosineSimilarity tensor([[1.0000, 1.0000, 1.0000, 1.0000, 1.0000, 1.0000, 1.0000]],
       grad_fn=<SumBackward1>)
Size of covariance_matrix: torch.Size([1, 7, 7])
Size of covariance_matrix_prime: torch.Size([1, 7, 7])
cosineSimilarity tensor([[1.0000, 0.9999, 1.0000, 1.0000, 1.0000, 1.0000, 1.0000]],
       grad_fn=<SumBackward1>)
Size of covariance_matrix: torch.Size([1, 7, 7])
Size of covariance_matrix_prime: torch.Size([1, 7, 7])
cosineSimilarity tensor([[1.0000, 1.0000, 1.0000, 1.0000, 1.0000, 1.0000, 1.0000]],
       grad_fn=<SumBackward1>)
Size of covariance_matrix: torch.Size([1, 7, 7])
Size of covariance_matrix_prime: torch.Size([1, 7, 7])
cosineSimilarity tensor([[1.0000, 1.0000, 1.0000, 1.0000, 1.0000, 1.0000, 1.0000]],
       grad_fn=<SumBackward1>)
Size of covariance_matrix: torch.Size([1, 7, 7])
Size of covariance_matrix_prime: torch.Size([1, 7, 7])
cosineSimilarity tensor([[1.0000, 1.0000, 1.0000, 1.0000, 1.0000, 1.0000, 1.0000]],
       grad_fn=<SumBackward1>)
Size of covariance_matrix: torch.Size([1, 7, 7])
Size of covariance_matrix_prime: torch.Size([1, 7, 7])
cosineSimilarity tensor([[1.0000, 1.0000, 1.0000, 1.0000, 1.0000, 1.0000, 1.0000]],
       grad_fn=<SumBackward1>)
Size of covariance_matrix: torch.Size([1, 7, 7])
Size of covariance_matrix_prime: torch.Size([1, 7, 7])
cosineSimilarity tensor([[0.9999, 1.0000, 1.0000, 1.0000, 0.9996, 1.0000, 0.9998]],
       grad_fn=<SumBackward1>)
Size of covariance_matrix: torch.Size([1, 7, 7])
Size of covariance_matrix_prime: torch.Size([1, 7, 7])
cosineSimilarity tensor([[1.0000, 1.0000, 1.0000, 1.0000, 1.0000, 1.0000, 1.0000]],
       grad_fn=<SumBackward1>)
Size of covariance_matrix: torch.Size([1, 7, 7])
Size of covariance_matrix_prime: torch.Size([1, 7, 7])
cosineSimilarity tensor([[1.0000, 1.0000, 1.0000, 1.0000, 1.0000, 1.0000, 1.0000]],
       grad_fn=<SumBackward1>)
Size of covariance_matrix: torch.Size([1, 7, 7])
Size of covariance_matrix_prime: torch.Size([1, 7, 7])
cosineSimilarity tensor([[1.0000, 1.0000, 1.0000, 1.0000, 1.0000, 1.0000, 1.0000]],
       grad_fn=<SumBackward1>)
Size of covariance_matrix: torch.Size([1, 7, 7])
Size of covariance_matrix_prime: torch.Size([1, 7, 7])
cosineSimilarity tensor([[1.0000, 1.0000, 0.9998, 0.9999, 0.9995, 1.0000, 1.0000]],
       grad_fn=<SumBackward1>)
Size of covariance_matrix: torch.Size([1, 7, 7])
Size of covariance_matrix_prime: torch.Size([1, 7, 7])
cosineSimilarity tensor([[0.9999, 0.9999, 0.9998, 0.9999, 0.9999, 1.0000, 0.9999]],
       grad_fn=<SumBackward1>)
Size of covariance_matrix: torch.Size([1, 7, 7])
Size of covariance_matrix_prime: torch.Size([1, 7, 7])
cosineSimilarity tensor([[0.9999, 0.9999, 0.9999, 0.9999, 0.9996, 1.0000, 0.9999]],
       grad_fn=<SumBackward1>)
Size of covariance_matrix: torch.Size([1, 7, 7])
Size of covariance_matrix_prime: torch.Size([1, 7, 7])
cosineSimilarity tensor([[1.0000, 1.0000, 1.0000, 1.0000, 1.0000, 1.0000, 1.0000]],
       grad_fn=<SumBackward1>)
Size of covariance_matrix: torch.Size([1, 7, 7])
Size of covariance_matrix_prime: torch.Size([1, 7, 7])
cosineSimilarity tensor([[0.9999, 1.0000, 1.0000, 1.0000, 0.9999, 1.0000, 0.9999]],
       grad_fn=<SumBackward1>)
Size of covariance_matrix: torch.Size([1, 7, 7])
Size of covariance_matrix_prime: torch.Size([1, 7, 7])
cosineSimilarity tensor([[1.0000, 0.9999, 1.0000, 1.0000, 0.9999, 1.0000, 1.0000]],
       grad_fn=<SumBackward1>)
Size of covariance_matrix: torch.Size([1, 7, 7])
Size of covariance_matrix_prime: torch.Size([1, 7, 7])
cosineSimilarity tensor([[1.0000, 1.0000, 0.9999, 1.0000, 1.0000, 1.0000, 1.0000]],
       grad_fn=<SumBackward1>)
Size of covariance_matrix: torch.Size([1, 7, 7])
Size of covariance_matrix_prime: torch.Size([1, 7, 7])
cosineSimilarity tensor([[1.0000, 0.9999, 1.0000, 1.0000, 1.0000, 1.0000, 1.0000]],
       grad_fn=<SumBackward1>)
Size of covariance_matrix: torch.Size([1, 7, 7])
Size of covariance_matrix_prime: torch.Size([1, 7, 7])
cosineSimilarity tensor([[1.0000, 1.0000, 0.9999, 1.0000, 1.0000, 1.0000, 1.0000]],
       grad_fn=<SumBackward1>)
Size of covariance_matrix: torch.Size([1, 7, 7])
Size of covariance_matrix_prime: torch.Size([1, 7, 7])
cosineSimilarity tensor([[1.0000, 1.0000, 1.0000, 1.0000, 1.0000, 1.0000, 1.0000]],
       grad_fn=<SumBackward1>)
Size of covariance_matrix: torch.Size([1, 7, 7])
Size of covariance_matrix_prime: torch.Size([1, 7, 7])
cosineSimilarity tensor([[0.9999, 1.0000, 0.9999, 0.9999, 0.9981, 1.0000, 0.9999]],
       grad_fn=<SumBackward1>)
Size of covariance_matrix: torch.Size([1, 7, 7])
Size of covariance_matrix_prime: torch.Size([1, 7, 7])
cosineSimilarity tensor([[1.0000, 1.0000, 1.0000, 1.0000, 1.0000, 1.0000, 1.0000]],
       grad_fn=<SumBackward1>)
Size of covariance_matrix: torch.Size([1, 7, 7])
Size of covariance_matrix_prime: torch.Size([1, 7, 7])
cosineSimilarity tensor([[1.0000, 1.0000, 1.0000, 1.0000, 0.9999, 1.0000, 1.0000]],
       grad_fn=<SumBackward1>)
Size of covariance_matrix: torch.Size([1, 7, 7])
Size of covariance_matrix_prime: torch.Size([1, 7, 7])
cosineSimilarity tensor([[1.0000, 0.9999, 0.9999, 0.9999, 0.9999, 1.0000, 0.9999]],
       grad_fn=<SumBackward1>)
Size of covariance_matrix: torch.Size([1, 7, 7])
Size of covariance_matrix_prime: torch.Size([1, 7, 7])
cosineSimilarity tensor([[1.0000, 0.9999, 0.9997, 1.0000, 0.9994, 1.0000, 0.9999]],
       grad_fn=<SumBackward1>)
Size of covariance_matrix: torch.Size([1, 7, 7])
Size of covariance_matrix_prime: torch.Size([1, 7, 7])
cosineSimilarity tensor([[1.0000, 1.0000, 1.0000, 1.0000, 1.0000, 1.0000, 1.0000]],
       grad_fn=<SumBackward1>)
Size of covariance_matrix: torch.Size([1, 7, 7])
Size of covariance_matrix_prime: torch.Size([1, 7, 7])
cosineSimilarity tensor([[1.0000, 1.0000, 1.0000, 1.0000, 1.0000, 1.0000, 1.0000]],
       grad_fn=<SumBackward1>)
Size of covariance_matrix: torch.Size([1, 7, 7])
Size of covariance_matrix_prime: torch.Size([1, 7, 7])
cosineSimilarity tensor([[1.0000, 1.0000, 1.0000, 1.0000, 0.9999, 1.0000, 1.0000]],
       grad_fn=<SumBackward1>)
Size of covariance_matrix: torch.Size([1, 7, 7])
Size of covariance_matrix_prime: torch.Size([1, 7, 7])
cosineSimilarity tensor([[1.0000, 0.9999, 0.9999, 1.0000, 1.0000, 1.0000, 1.0000]],
       grad_fn=<SumBackward1>)
Size of covariance_matrix: torch.Size([1, 7, 7])
Size of covariance_matrix_prime: torch.Size([1, 7, 7])
cosineSimilarity tensor([[1.0000, 1.0000, 1.0000, 0.9999, 1.0000, 1.0000, 1.0000]],
       grad_fn=<SumBackward1>)
Size of covariance_matrix: torch.Size([1, 7, 7])
Size of covariance_matrix_prime: torch.Size([1, 7, 7])
cosineSimilarity tensor([[1.0000, 1.0000, 1.0000, 1.0000, 1.0000, 1.0000, 0.9999]],
       grad_fn=<SumBackward1>)
Size of covariance_matrix: torch.Size([1, 7, 7])
Size of covariance_matrix_prime: torch.Size([1, 7, 7])
cosineSimilarity tensor([[1.0000, 1.0000, 1.0000, 1.0000, 1.0000, 1.0000, 0.9999]],
       grad_fn=<SumBackward1>)
Size of covariance_matrix: torch.Size([1, 7, 7])
Size of covariance_matrix_prime: torch.Size([1, 7, 7])
cosineSimilarity tensor([[1.0000, 1.0000, 0.9998, 1.0000, 1.0000, 1.0000, 1.0000]],
       grad_fn=<SumBackward1>)
Size of covariance_matrix: torch.Size([1, 7, 7])
Size of covariance_matrix_prime: torch.Size([1, 7, 7])
cosineSimilarity tensor([[1.0000, 1.0000, 1.0000, 1.0000, 1.0000, 1.0000, 1.0000]],
       grad_fn=<SumBackward1>)
Size of covariance_matrix: torch.Size([1, 7, 7])
Size of covariance_matrix_prime: torch.Size([1, 7, 7])
cosineSimilarity tensor([[1.0000, 1.0000, 1.0000, 1.0000, 1.0000, 1.0000, 1.0000]],
       grad_fn=<SumBackward1>)
Size of covariance_matrix: torch.Size([1, 7, 7])
Size of covariance_matrix_prime: torch.Size([1, 7, 7])
cosineSimilarity tensor([[1.0000, 1.0000, 1.0000, 1.0000, 1.0000, 1.0000, 1.0000]],
       grad_fn=<SumBackward1>)
Size of covariance_matrix: torch.Size([1, 7, 7])
Size of covariance_matrix_prime: torch.Size([1, 7, 7])
cosineSimilarity tensor([[1.0000, 1.0000, 1.0000, 1.0000, 1.0000, 1.0000, 0.9999]],
       grad_fn=<SumBackward1>)
Size of covariance_matrix: torch.Size([1, 7, 7])
Size of covariance_matrix_prime: torch.Size([1, 7, 7])
cosineSimilarity tensor([[1.0000, 0.9997, 1.0000, 1.0000, 0.9999, 1.0000, 0.9999]],
       grad_fn=<SumBackward1>)
Size of covariance_matrix: torch.Size([1, 7, 7])
Size of covariance_matrix_prime: torch.Size([1, 7, 7])
cosineSimilarity tensor([[0.9999, 1.0000, 0.9997, 1.0000, 0.9998, 0.9997, 0.9999]],
       grad_fn=<SumBackward1>)
Size of covariance_matrix: torch.Size([1, 7, 7])
Size of covariance_matrix_prime: torch.Size([1, 7, 7])
cosineSimilarity tensor([[1.0000, 1.0000, 1.0000, 1.0000, 1.0000, 1.0000, 1.0000]],
       grad_fn=<SumBackward1>)
Size of covariance_matrix: torch.Size([1, 7, 7])
Size of covariance_matrix_prime: torch.Size([1, 7, 7])
cosineSimilarity tensor([[1.0000, 1.0000, 1.0000, 1.0000, 1.0000, 1.0000, 1.0000]],
       grad_fn=<SumBackward1>)
Size of covariance_matrix: torch.Size([1, 7, 7])
Size of covariance_matrix_prime: torch.Size([1, 7, 7])
cosineSimilarity tensor([[1.0000, 1.0000, 1.0000, 1.0000, 1.0000, 1.0000, 0.9999]],
       grad_fn=<SumBackward1>)
Size of covariance_matrix: torch.Size([1, 7, 7])
Size of covariance_matrix_prime: torch.Size([1, 7, 7])
cosineSimilarity tensor([[1.0000, 1.0000, 1.0000, 1.0000, 0.9999, 1.0000, 0.9999]],
       grad_fn=<SumBackward1>)
Size of covariance_matrix: torch.Size([1, 7, 7])
Size of covariance_matrix_prime: torch.Size([1, 7, 7])
cosineSimilarity tensor([[1.0000, 0.9999, 0.9999, 1.0000, 0.9999, 0.9999, 0.9999]],
       grad_fn=<SumBackward1>)
Size of covariance_matrix: torch.Size([1, 7, 7])
Size of covariance_matrix_prime: torch.Size([1, 7, 7])
cosineSimilarity tensor([[1.0000, 1.0000, 1.0000, 1.0000, 1.0000, 1.0000, 1.0000]],
       grad_fn=<SumBackward1>)
Size of covariance_matrix: torch.Size([1, 7, 7])
Size of covariance_matrix_prime: torch.Size([1, 7, 7])
cosineSimilarity tensor([[1.0000, 1.0000, 1.0000, 1.0000, 0.9999, 1.0000, 1.0000]],
       grad_fn=<SumBackward1>)
Size of covariance_matrix: torch.Size([1, 7, 7])
Size of covariance_matrix_prime: torch.Size([1, 7, 7])
cosineSimilarity tensor([[0.9999, 1.0000, 0.9999, 1.0000, 0.9999, 0.9999, 0.9999]],
       grad_fn=<SumBackward1>)
Size of covariance_matrix: torch.Size([1, 7, 7])
Size of covariance_matrix_prime: torch.Size([1, 7, 7])
cosineSimilarity tensor([[1.0000, 1.0000, 0.9999, 1.0000, 0.9997, 1.0000, 1.0000]],
       grad_fn=<SumBackward1>)
Size of covariance_matrix: torch.Size([1, 7, 7])
Size of covariance_matrix_prime: torch.Size([1, 7, 7])
cosineSimilarity tensor([[1.0000, 1.0000, 1.0000, 1.0000, 0.9998, 1.0000, 0.9999]],
       grad_fn=<SumBackward1>)
Size of covariance_matrix: torch.Size([1, 7, 7])
Size of covariance_matrix_prime: torch.Size([1, 7, 7])
cosineSimilarity tensor([[1.0000, 1.0000, 1.0000, 1.0000, 0.9999, 1.0000, 1.0000]],
       grad_fn=<SumBackward1>)
Size of covariance_matrix: torch.Size([1, 7, 7])
Size of covariance_matrix_prime: torch.Size([1, 7, 7])
cosineSimilarity tensor([[1.0000, 1.0000, 1.0000, 1.0000, 0.9999, 1.0000, 1.0000]],
       grad_fn=<SumBackward1>)
Size of covariance_matrix: torch.Size([1, 7, 7])
Size of covariance_matrix_prime: torch.Size([1, 7, 7])
cosineSimilarity tensor([[1.0000, 0.9999, 0.9998, 0.9999, 0.9999, 1.0000, 0.9999]],
       grad_fn=<SumBackward1>)
Size of covariance_matrix: torch.Size([1, 7, 7])
Size of covariance_matrix_prime: torch.Size([1, 7, 7])
cosineSimilarity tensor([[0.9999, 0.9999, 1.0000, 1.0000, 0.9997, 0.9999, 0.9995]],
       grad_fn=<SumBackward1>)
Size of covariance_matrix: torch.Size([1, 7, 7])
Size of covariance_matrix_prime: torch.Size([1, 7, 7])
cosineSimilarity tensor([[1.0000, 1.0000, 0.9999, 1.0000, 1.0000, 1.0000, 1.0000]],
       grad_fn=<SumBackward1>)
Size of covariance_matrix: torch.Size([1, 7, 7])
Size of covariance_matrix_prime: torch.Size([1, 7, 7])
cosineSimilarity tensor([[1.0000, 0.9999, 0.9999, 1.0000, 1.0000, 1.0000, 1.0000]],
       grad_fn=<SumBackward1>)
Size of covariance_matrix: torch.Size([1, 7, 7])
Size of covariance_matrix_prime: torch.Size([1, 7, 7])
cosineSimilarity tensor([[0.9999, 0.9998, 0.9999, 0.9999, 0.9999, 1.0000, 0.9999]],
       grad_fn=<SumBackward1>)
Size of covariance_matrix: torch.Size([1, 7, 7])
Size of covariance_matrix_prime: torch.Size([1, 7, 7])
cosineSimilarity tensor([[1.0000, 0.9999, 1.0000, 1.0000, 1.0000, 1.0000, 1.0000]],
       grad_fn=<SumBackward1>)
Size of covariance_matrix: torch.Size([1, 7, 7])
Size of covariance_matrix_prime: torch.Size([1, 7, 7])
cosineSimilarity tensor([[1.0000, 1.0000, 1.0000, 1.0000, 1.0000, 1.0000, 1.0000]],
       grad_fn=<SumBackward1>)
Size of covariance_matrix: torch.Size([1, 7, 7])
Size of covariance_matrix_prime: torch.Size([1, 7, 7])
cosineSimilarity tensor([[0.9999, 0.9999, 1.0000, 1.0000, 1.0000, 1.0000, 1.0000]],
       grad_fn=<SumBackward1>)
Size of covariance_matrix: torch.Size([1, 7, 7])
Size of covariance_matrix_prime: torch.Size([1, 7, 7])
cosineSimilarity tensor([[1.0000, 0.9998, 0.9998, 1.0000, 0.9998, 0.9999, 0.9999]],
       grad_fn=<SumBackward1>)
Size of covariance_matrix: torch.Size([1, 7, 7])
Size of covariance_matrix_prime: torch.Size([1, 7, 7])
cosineSimilarity tensor([[1.0000, 0.9999, 0.9998, 1.0000, 0.9997, 0.9999, 0.9999]],
       grad_fn=<SumBackward1>)
Size of covariance_matrix: torch.Size([1, 7, 7])
Size of covariance_matrix_prime: torch.Size([1, 7, 7])
cosineSimilarity tensor([[1.0000, 1.0000, 1.0000, 1.0000, 1.0000, 1.0000, 1.0000]],
       grad_fn=<SumBackward1>)
Size of covariance_matrix: torch.Size([1, 7, 7])
Size of covariance_matrix_prime: torch.Size([1, 7, 7])
cosineSimilarity tensor([[1.0000, 1.0000, 1.0000, 1.0000, 1.0000, 1.0000, 1.0000]],
       grad_fn=<SumBackward1>)
Size of covariance_matrix: torch.Size([1, 7, 7])
Size of covariance_matrix_prime: torch.Size([1, 7, 7])
cosineSimilarity tensor([[1.0000, 0.9999, 1.0000, 1.0000, 0.9999, 1.0000, 1.0000]],
       grad_fn=<SumBackward1>)
Size of covariance_matrix: torch.Size([1, 7, 7])
Size of covariance_matrix_prime: torch.Size([1, 7, 7])
cosineSimilarity tensor([[1.0000, 1.0000, 1.0000, 1.0000, 1.0000, 1.0000, 1.0000]],
       grad_fn=<SumBackward1>)
Size of covariance_matrix: torch.Size([1, 7, 7])
Size of covariance_matrix_prime: torch.Size([1, 7, 7])
cosineSimilarity tensor([[1.0000, 1.0000, 1.0000, 1.0000, 1.0000, 1.0000, 1.0000]],
       grad_fn=<SumBackward1>)
Size of covariance_matrix: torch.Size([1, 7, 7])
Size of covariance_matrix_prime: torch.Size([1, 7, 7])
cosineSimilarity tensor([[1.0000, 1.0000, 0.9999, 1.0000, 0.9999, 1.0000, 0.9999]],
       grad_fn=<SumBackward1>)
Size of covariance_matrix: torch.Size([1, 7, 7])
Size of covariance_matrix_prime: torch.Size([1, 7, 7])
cosineSimilarity tensor([[1.0000, 1.0000, 1.0000, 1.0000, 1.0000, 1.0000, 1.0000]],
       grad_fn=<SumBackward1>)
Size of covariance_matrix: torch.Size([1, 7, 7])
Size of covariance_matrix_prime: torch.Size([1, 7, 7])
cosineSimilarity tensor([[1.0000, 1.0000, 0.9999, 1.0000, 1.0000, 1.0000, 0.9999]],
       grad_fn=<SumBackward1>)
Size of covariance_matrix: torch.Size([1, 7, 7])
Size of covariance_matrix_prime: torch.Size([1, 7, 7])
cosineSimilarity tensor([[1.0000, 1.0000, 0.9999, 0.9999, 0.9997, 1.0000, 1.0000]],
       grad_fn=<SumBackward1>)
Size of covariance_matrix: torch.Size([1, 7, 7])
Size of covariance_matrix_prime: torch.Size([1, 7, 7])
cosineSimilarity tensor([[1.0000, 1.0000, 1.0000, 1.0000, 1.0000, 1.0000, 1.0000]],
       grad_fn=<SumBackward1>)
Size of covariance_matrix: torch.Size([1, 7, 7])
Size of covariance_matrix_prime: torch.Size([1, 7, 7])
cosineSimilarity tensor([[1.0000, 1.0000, 0.9999, 1.0000, 0.9999, 1.0000, 1.0000]],
       grad_fn=<SumBackward1>)
Size of covariance_matrix: torch.Size([1, 7, 7])
Size of covariance_matrix_prime: torch.Size([1, 7, 7])
cosineSimilarity tensor([[0.9999, 1.0000, 0.9998, 0.9999, 0.9998, 0.9999, 1.0000]],
       grad_fn=<SumBackward1>)
Size of covariance_matrix: torch.Size([1, 7, 7])
Size of covariance_matrix_prime: torch.Size([1, 7, 7])
cosineSimilarity tensor([[1.0000, 1.0000, 1.0000, 1.0000, 1.0000, 1.0000, 1.0000]],
       grad_fn=<SumBackward1>)
Size of covariance_matrix: torch.Size([1, 7, 7])
Size of covariance_matrix_prime: torch.Size([1, 7, 7])
cosineSimilarity tensor([[1.0000, 1.0000, 1.0000, 1.0000, 0.9997, 1.0000, 0.9999]],
       grad_fn=<SumBackward1>)
Size of covariance_matrix: torch.Size([1, 7, 7])
Size of covariance_matrix_prime: torch.Size([1, 7, 7])
cosineSimilarity tensor([[1.0000, 0.9999, 1.0000, 1.0000, 0.9998, 0.9999, 1.0000]],
       grad_fn=<SumBackward1>)
Size of covariance_matrix: torch.Size([1, 7, 7])
Size of covariance_matrix_prime: torch.Size([1, 7, 7])
cosineSimilarity tensor([[1.0000, 1.0000, 1.0000, 1.0000, 1.0000, 1.0000, 1.0000]],
       grad_fn=<SumBackward1>)
Size of covariance_matrix: torch.Size([1, 7, 7])
Size of covariance_matrix_prime: torch.Size([1, 7, 7])
cosineSimilarity tensor([[1.0000, 1.0000, 1.0000, 1.0000, 1.0000, 0.9999, 1.0000]],
       grad_fn=<SumBackward1>)
Size of covariance_matrix: torch.Size([1, 7, 7])
Size of covariance_matrix_prime: torch.Size([1, 7, 7])
cosineSimilarity tensor([[0.9999, 0.9995, 0.9999, 0.9999, 0.9990, 0.9999, 0.9997]],
       grad_fn=<SumBackward1>)
Size of covariance_matrix: torch.Size([1, 7, 7])
Size of covariance_matrix_prime: torch.Size([1, 7, 7])
cosineSimilarity tensor([[1.0000, 1.0000, 1.0000, 1.0000, 1.0000, 1.0000, 1.0000]],
       grad_fn=<SumBackward1>)
Size of covariance_matrix: torch.Size([1, 7, 7])
Size of covariance_matrix_prime: torch.Size([1, 7, 7])
cosineSimilarity tensor([[0.9999, 0.9999, 1.0000, 0.9998, 0.9998, 0.9999, 0.9999]],
       grad_fn=<SumBackward1>)
Size of covariance_matrix: torch.Size([1, 7, 7])
Size of covariance_matrix_prime: torch.Size([1, 7, 7])
cosineSimilarity tensor([[1.0000, 1.0000, 1.0000, 1.0000, 0.9998, 1.0000, 0.9999]],
       grad_fn=<SumBackward1>)
Size of covariance_matrix: torch.Size([1, 7, 7])
Size of covariance_matrix_prime: torch.Size([1, 7, 7])
cosineSimilarity tensor([[1.0000, 1.0000, 1.0000, 1.0000, 1.0000, 1.0000, 1.0000]],
       grad_fn=<SumBackward1>)
Size of covariance_matrix: torch.Size([1, 7, 7])
Size of covariance_matrix_prime: torch.Size([1, 7, 7])
cosineSimilarity tensor([[1.0000, 0.9999, 0.9999, 1.0000, 1.0000, 1.0000, 1.0000]],
       grad_fn=<SumBackward1>)
Size of covariance_matrix: torch.Size([1, 7, 7])
Size of covariance_matrix_prime: torch.Size([1, 7, 7])
cosineSimilarity tensor([[0.9999, 1.0000, 0.9999, 1.0000, 0.9996, 1.0000, 0.9999]],
       grad_fn=<SumBackward1>)
Size of covariance_matrix: torch.Size([1, 7, 7])
Size of covariance_matrix_prime: torch.Size([1, 7, 7])
cosineSimilarity tensor([[1.0000, 1.0000, 1.0000, 1.0000, 1.0000, 1.0000, 1.0000]],
       grad_fn=<SumBackward1>)
Size of covariance_matrix: torch.Size([1, 7, 7])
Size of covariance_matrix_prime: torch.Size([1, 7, 7])
cosineSimilarity tensor([[1.0000, 1.0000, 1.0000, 1.0000, 1.0000, 1.0000, 1.0000]],
       grad_fn=<SumBackward1>)
Size of covariance_matrix: torch.Size([1, 7, 7])
Size of covariance_matrix_prime: torch.Size([1, 7, 7])
cosineSimilarity tensor([[1.0000, 1.0000, 1.0000, 1.0000, 0.9999, 1.0000, 1.0000]],
       grad_fn=<SumBackward1>)
Size of covariance_matrix: torch.Size([1, 7, 7])
Size of covariance_matrix_prime: torch.Size([1, 7, 7])
cosineSimilarity tensor([[0.9999, 1.0000, 0.9999, 0.9999, 0.9998, 1.0000, 0.9999]],
       grad_fn=<SumBackward1>)
Size of covariance_matrix: torch.Size([1, 7, 7])
Size of covariance_matrix_prime: torch.Size([1, 7, 7])
cosineSimilarity tensor([[1.0000, 1.0000, 1.0000, 1.0000, 0.9999, 1.0000, 1.0000]],
       grad_fn=<SumBackward1>)
Size of covariance_matrix: torch.Size([1, 7, 7])
Size of covariance_matrix_prime: torch.Size([1, 7, 7])
cosineSimilarity tensor([[1.0000, 1.0000, 1.0000, 1.0000, 1.0000, 1.0000, 0.9999]],
       grad_fn=<SumBackward1>)
Size of covariance_matrix: torch.Size([1, 7, 7])
Size of covariance_matrix_prime: torch.Size([1, 7, 7])
cosineSimilarity tensor([[1.0000, 1.0000, 1.0000, 1.0000, 1.0000, 1.0000, 1.0000]],
       grad_fn=<SumBackward1>)
Size of covariance_matrix: torch.Size([1, 7, 7])
Size of covariance_matrix_prime: torch.Size([1, 7, 7])
cosineSimilarity tensor([[1.0000, 1.0000, 0.9999, 1.0000, 0.9997, 1.0000, 1.0000]],
       grad_fn=<SumBackward1>)
Size of covariance_matrix: torch.Size([1, 7, 7])
Size of covariance_matrix_prime: torch.Size([1, 7, 7])
cosineSimilarity tensor([[0.9997, 0.9999, 0.9999, 1.0000, 0.9999, 1.0000, 0.9999]],
       grad_fn=<SumBackward1>)
Size of covariance_matrix: torch.Size([1, 7, 7])
Size of covariance_matrix_prime: torch.Size([1, 7, 7])
cosineSimilarity tensor([[1.0000, 1.0000, 0.9999, 1.0000, 0.9996, 1.0000, 0.9999]],
       grad_fn=<SumBackward1>)
Size of covariance_matrix: torch.Size([1, 7, 7])
Size of covariance_matrix_prime: torch.Size([1, 7, 7])
cosineSimilarity tensor([[1.0000, 1.0000, 0.9999, 1.0000, 0.9999, 0.9999, 1.0000]],
       grad_fn=<SumBackward1>)
Size of covariance_matrix: torch.Size([1, 7, 7])
Size of covariance_matrix_prime: torch.Size([1, 7, 7])
cosineSimilarity tensor([[1.0000, 1.0000, 1.0000, 1.0000, 0.9999, 1.0000, 1.0000]],
       grad_fn=<SumBackward1>)
Size of covariance_matrix: torch.Size([1, 7, 7])
Size of covariance_matrix_prime: torch.Size([1, 7, 7])
cosineSimilarity tensor([[1.0000, 1.0000, 1.0000, 1.0000, 1.0000, 1.0000, 1.0000]],
       grad_fn=<SumBackward1>)
Size of covariance_matrix: torch.Size([1, 7, 7])
Size of covariance_matrix_prime: torch.Size([1, 7, 7])
cosineSimilarity tensor([[1.0000, 0.9999, 0.9999, 1.0000, 0.9998, 1.0000, 1.0000]],
       grad_fn=<SumBackward1>)
Size of covariance_matrix: torch.Size([1, 7, 7])
Size of covariance_matrix_prime: torch.Size([1, 7, 7])
cosineSimilarity tensor([[1.0000, 1.0000, 1.0000, 1.0000, 1.0000, 1.0000, 1.0000]],
       grad_fn=<SumBackward1>)
Size of covariance_matrix: torch.Size([1, 7, 7])
Size of covariance_matrix_prime: torch.Size([1, 7, 7])
cosineSimilarity tensor([[1.0000, 1.0000, 1.0000, 1.0000, 1.0000, 1.0000, 1.0000]],
       grad_fn=<SumBackward1>)
Size of covariance_matrix: torch.Size([1, 7, 7])
Size of covariance_matrix_prime: torch.Size([1, 7, 7])
cosineSimilarity tensor([[1.0000, 1.0000, 1.0000, 1.0000, 0.9999, 1.0000, 1.0000]],
       grad_fn=<SumBackward1>)
Size of covariance_matrix: torch.Size([1, 7, 7])
Size of covariance_matrix_prime: torch.Size([1, 7, 7])
cosineSimilarity tensor([[0.9999, 1.0000, 1.0000, 0.9999, 0.9999, 1.0000, 0.9999]],
       grad_fn=<SumBackward1>)
Size of covariance_matrix: torch.Size([1, 7, 7])
Size of covariance_matrix_prime: torch.Size([1, 7, 7])
cosineSimilarity tensor([[1.0000, 1.0000, 1.0000, 1.0000, 1.0000, 1.0000, 1.0000]],
       grad_fn=<SumBackward1>)
Size of covariance_matrix: torch.Size([1, 7, 7])
Size of covariance_matrix_prime: torch.Size([1, 7, 7])
cosineSimilarity tensor([[1.0000, 1.0000, 1.0000, 0.9999, 0.9999, 1.0000, 0.9999]],
       grad_fn=<SumBackward1>)
Size of covariance_matrix: torch.Size([1, 7, 7])
Size of covariance_matrix_prime: torch.Size([1, 7, 7])
cosineSimilarity tensor([[1.0000, 1.0000, 1.0000, 1.0000, 1.0000, 1.0000, 1.0000]],
       grad_fn=<SumBackward1>)
Size of covariance_matrix: torch.Size([1, 7, 7])
Size of covariance_matrix_prime: torch.Size([1, 7, 7])
cosineSimilarity tensor([[1.0000, 1.0000, 1.0000, 1.0000, 0.9999, 1.0000, 0.9999]],
       grad_fn=<SumBackward1>)
Size of covariance_matrix: torch.Size([1, 7, 7])
Size of covariance_matrix_prime: torch.Size([1, 7, 7])
cosineSimilarity tensor([[1.0000, 1.0000, 1.0000, 1.0000, 0.9999, 1.0000, 1.0000]],
       grad_fn=<SumBackward1>)
Size of covariance_matrix: torch.Size([1, 7, 7])
Size of covariance_matrix_prime: torch.Size([1, 7, 7])
cosineSimilarity tensor([[1.0000, 1.0000, 1.0000, 1.0000, 1.0000, 1.0000, 1.0000]],
       grad_fn=<SumBackward1>)
Size of covariance_matrix: torch.Size([1, 7, 7])
Size of covariance_matrix_prime: torch.Size([1, 7, 7])
cosineSimilarity tensor([[1.0000, 1.0000, 1.0000, 1.0000, 1.0000, 1.0000, 1.0000]],
       grad_fn=<SumBackward1>)
Size of covariance_matrix: torch.Size([1, 7, 7])
Size of covariance_matrix_prime: torch.Size([1, 7, 7])
cosineSimilarity tensor([[0.9999, 1.0000, 0.9998, 1.0000, 0.9998, 1.0000, 0.9999]],
       grad_fn=<SumBackward1>)
Size of covariance_matrix: torch.Size([1, 7, 7])
Size of covariance_matrix_prime: torch.Size([1, 7, 7])
cosineSimilarity tensor([[1.0000, 1.0000, 1.0000, 1.0000, 1.0000, 1.0000, 1.0000]],
       grad_fn=<SumBackward1>)
Size of covariance_matrix: torch.Size([1, 7, 7])
Size of covariance_matrix_prime: torch.Size([1, 7, 7])
cosineSimilarity tensor([[1.0000, 1.0000, 1.0000, 0.9999, 0.9997, 0.9999, 0.9999]],
       grad_fn=<SumBackward1>)
Size of covariance_matrix: torch.Size([1, 7, 7])
Size of covariance_matrix_prime: torch.Size([1, 7, 7])
cosineSimilarity tensor([[0.9999, 0.9999, 1.0000, 1.0000, 0.9999, 0.9999, 0.9998]],
       grad_fn=<SumBackward1>)
Size of covariance_matrix: torch.Size([1, 7, 7])
Size of covariance_matrix_prime: torch.Size([1, 7, 7])
cosineSimilarity tensor([[1.0000, 0.9999, 0.9999, 1.0000, 1.0000, 1.0000, 0.9999]],
       grad_fn=<SumBackward1>)
Size of covariance_matrix: torch.Size([1, 7, 7])
Size of covariance_matrix_prime: torch.Size([1, 7, 7])
cosineSimilarity tensor([[1.0000, 1.0000, 0.9999, 0.9999, 0.9999, 1.0000, 0.9999]],
       grad_fn=<SumBackward1>)
Size of covariance_matrix: torch.Size([1, 7, 7])
Size of covariance_matrix_prime: torch.Size([1, 7, 7])
cosineSimilarity tensor([[1.0000, 1.0000, 1.0000, 1.0000, 1.0000, 1.0000, 1.0000]],
       grad_fn=<SumBackward1>)
Size of covariance_matrix: torch.Size([1, 7, 7])
Size of covariance_matrix_prime: torch.Size([1, 7, 7])
cosineSimilarity tensor([[1.0000, 1.0000, 1.0000, 1.0000, 0.9999, 1.0000, 1.0000]],
       grad_fn=<SumBackward1>)
Size of covariance_matrix: torch.Size([1, 7, 7])
Size of covariance_matrix_prime: torch.Size([1, 7, 7])
cosineSimilarity tensor([[0.9999, 1.0000, 0.9997, 0.9999, 0.9998, 1.0000, 1.0000]],
       grad_fn=<SumBackward1>)
Size of covariance_matrix: torch.Size([1, 7, 7])
Size of covariance_matrix_prime: torch.Size([1, 7, 7])
cosineSimilarity tensor([[1.0000, 1.0000, 1.0000, 1.0000, 1.0000, 1.0000, 1.0000]],
       grad_fn=<SumBackward1>)
Size of covariance_matrix: torch.Size([1, 7, 7])
Size of covariance_matrix_prime: torch.Size([1, 7, 7])
cosineSimilarity tensor([[0.9999, 0.9999, 0.9999, 1.0000, 0.9998, 1.0000, 0.9999]],
       grad_fn=<SumBackward1>)
Size of covariance_matrix: torch.Size([1, 7, 7])
Size of covariance_matrix_prime: torch.Size([1, 7, 7])
cosineSimilarity tensor([[1.0000, 1.0000, 1.0000, 1.0000, 1.0000, 1.0000, 0.9999]],
       grad_fn=<SumBackward1>)
Size of covariance_matrix: torch.Size([1, 7, 7])
Size of covariance_matrix_prime: torch.Size([1, 7, 7])
cosineSimilarity tensor([[1.0000, 1.0000, 1.0000, 1.0000, 1.0000, 1.0000, 1.0000]],
       grad_fn=<SumBackward1>)
Size of covariance_matrix: torch.Size([1, 7, 7])
Size of covariance_matrix_prime: torch.Size([1, 7, 7])
cosineSimilarity tensor([[1.0000, 1.0000, 0.9999, 1.0000, 1.0000, 1.0000, 1.0000]],
       grad_fn=<SumBackward1>)
Size of covariance_matrix: torch.Size([1, 7, 7])
Size of covariance_matrix_prime: torch.Size([1, 7, 7])
cosineSimilarity tensor([[1.0000, 1.0000, 1.0000, 1.0000, 1.0000, 1.0000, 1.0000]],
       grad_fn=<SumBackward1>)
Size of covariance_matrix: torch.Size([1, 7, 7])
Size of covariance_matrix_prime: torch.Size([1, 7, 7])
cosineSimilarity tensor([[0.9999, 0.9998, 0.9999, 0.9999, 0.9995, 0.9999, 0.9997]],
       grad_fn=<SumBackward1>)
Size of covariance_matrix: torch.Size([1, 7, 7])
Size of covariance_matrix_prime: torch.Size([1, 7, 7])
cosineSimilarity tensor([[0.9999, 1.0000, 0.9999, 1.0000, 0.9999, 1.0000, 1.0000]],
       grad_fn=<SumBackward1>)
Size of covariance_matrix: torch.Size([1, 7, 7])
Size of covariance_matrix_prime: torch.Size([1, 7, 7])
cosineSimilarity tensor([[0.9999, 1.0000, 0.9999, 1.0000, 0.9998, 1.0000, 0.9998]],
       grad_fn=<SumBackward1>)
Size of covariance_matrix: torch.Size([1, 7, 7])
Size of covariance_matrix_prime: torch.Size([1, 7, 7])
cosineSimilarity tensor([[1.0000, 1.0000, 1.0000, 1.0000, 1.0000, 1.0000, 1.0000]],
       grad_fn=<SumBackward1>)
Size of covariance_matrix: torch.Size([1, 7, 7])
Size of covariance_matrix_prime: torch.Size([1, 7, 7])
cosineSimilarity tensor([[0.9998, 1.0000, 0.9999, 1.0000, 0.9999, 1.0000, 1.0000]],
       grad_fn=<SumBackward1>)
Size of covariance_matrix: torch.Size([1, 7, 7])
Size of covariance_matrix_prime: torch.Size([1, 7, 7])
cosineSimilarity tensor([[1.0000, 0.9999, 0.9999, 1.0000, 0.9999, 1.0000, 1.0000]],
       grad_fn=<SumBackward1>)
Size of covariance_matrix: torch.Size([1, 7, 7])
Size of covariance_matrix_prime: torch.Size([1, 7, 7])
cosineSimilarity tensor([[0.9999, 1.0000, 1.0000, 0.9999, 0.9998, 0.9999, 0.9999]],
       grad_fn=<SumBackward1>)
Size of covariance_matrix: torch.Size([1, 7, 7])
Size of covariance_matrix_prime: torch.Size([1, 7, 7])
cosineSimilarity tensor([[1.0000, 1.0000, 1.0000, 1.0000, 1.0000, 1.0000, 1.0000]],
       grad_fn=<SumBackward1>)
Size of covariance_matrix: torch.Size([1, 7, 7])
Size of covariance_matrix_prime: torch.Size([1, 7, 7])
cosineSimilarity tensor([[1.0000, 1.0000, 1.0000, 1.0000, 0.9999, 1.0000, 1.0000]],
       grad_fn=<SumBackward1>)
Size of covariance_matrix: torch.Size([1, 7, 7])
Size of covariance_matrix_prime: torch.Size([1, 7, 7])
cosineSimilarity tensor([[0.9999, 0.9999, 0.9999, 1.0000, 0.9998, 1.0000, 1.0000]],
       grad_fn=<SumBackward1>)
Size of covariance_matrix: torch.Size([1, 7, 7])
Size of covariance_matrix_prime: torch.Size([1, 7, 7])
cosineSimilarity tensor([[1.0000, 1.0000, 1.0000, 1.0000, 1.0000, 1.0000, 1.0000]],
       grad_fn=<SumBackward1>)
Size of covariance_matrix: torch.Size([1, 7, 7])
Size of covariance_matrix_prime: torch.Size([1, 7, 7])
cosineSimilarity tensor([[1.0000, 0.9999, 0.9999, 1.0000, 0.9999, 1.0000, 0.9999]],
       grad_fn=<SumBackward1>)
Size of covariance_matrix: torch.Size([1, 7, 7])
Size of covariance_matrix_prime: torch.Size([1, 7, 7])
cosineSimilarity tensor([[1.0000, 1.0000, 0.9999, 1.0000, 0.9997, 0.9999, 0.9999]],
       grad_fn=<SumBackward1>)
Size of covariance_matrix: torch.Size([1, 7, 7])
Size of covariance_matrix_prime: torch.Size([1, 7, 7])
cosineSimilarity tensor([[1.0000, 1.0000, 1.0000, 1.0000, 1.0000, 1.0000, 1.0000]],
       grad_fn=<SumBackward1>)
Size of covariance_matrix: torch.Size([1, 7, 7])
Size of covariance_matrix_prime: torch.Size([1, 7, 7])
cosineSimilarity tensor([[1.0000, 1.0000, 1.0000, 1.0000, 1.0000, 1.0000, 1.0000]],
       grad_fn=<SumBackward1>)
Size of covariance_matrix: torch.Size([1, 7, 7])
Size of covariance_matrix_prime: torch.Size([1, 7, 7])
cosineSimilarity tensor([[1.0000, 1.0000, 1.0000, 1.0000, 1.0000, 1.0000, 1.0000]],
       grad_fn=<SumBackward1>)
Size of covariance_matrix: torch.Size([1, 7, 7])
Size of covariance_matrix_prime: torch.Size([1, 7, 7])
cosineSimilarity tensor([[1.0000, 1.0000, 1.0000, 1.0000, 1.0000, 1.0000, 0.9999]],
       grad_fn=<SumBackward1>)
Size of covariance_matrix: torch.Size([1, 7, 7])
Size of covariance_matrix_prime: torch.Size([1, 7, 7])
cosineSimilarity tensor([[1.0000, 0.9999, 0.9998, 1.0000, 0.9999, 1.0000, 0.9999]],
       grad_fn=<SumBackward1>)
Size of covariance_matrix: torch.Size([1, 7, 7])
Size of covariance_matrix_prime: torch.Size([1, 7, 7])
cosineSimilarity tensor([[1.0000, 0.9998, 0.9999, 1.0000, 0.9999, 1.0000, 0.9999]],
       grad_fn=<SumBackward1>)
Size of covariance_matrix: torch.Size([1, 7, 7])
Size of covariance_matrix_prime: torch.Size([1, 7, 7])
cosineSimilarity tensor([[1.0000, 1.0000, 0.9999, 1.0000, 1.0000, 1.0000, 1.0000]],
       grad_fn=<SumBackward1>)
Size of covariance_matrix: torch.Size([1, 7, 7])
Size of covariance_matrix_prime: torch.Size([1, 7, 7])
cosineSimilarity tensor([[1.0000, 0.9999, 1.0000, 1.0000, 0.9999, 1.0000, 0.9999]],
       grad_fn=<SumBackward1>)
Size of covariance_matrix: torch.Size([1, 7, 7])
Size of covariance_matrix_prime: torch.Size([1, 7, 7])
cosineSimilarity tensor([[1.0000, 0.9999, 0.9999, 1.0000, 0.9998, 1.0000, 1.0000]],
       grad_fn=<SumBackward1>)
Size of covariance_matrix: torch.Size([1, 7, 7])
Size of covariance_matrix_prime: torch.Size([1, 7, 7])
cosineSimilarity tensor([[1.0000, 1.0000, 0.9999, 0.9999, 0.9999, 1.0000, 0.9999]],
       grad_fn=<SumBackward1>)
Size of covariance_matrix: torch.Size([1, 7, 7])
Size of covariance_matrix_prime: torch.Size([1, 7, 7])
cosineSimilarity tensor([[1.0000, 1.0000, 1.0000, 1.0000, 1.0000, 1.0000, 1.0000]],
       grad_fn=<SumBackward1>)
Size of covariance_matrix: torch.Size([1, 7, 7])
Size of covariance_matrix_prime: torch.Size([1, 7, 7])
cosineSimilarity tensor([[1.0000, 0.9999, 1.0000, 0.9999, 0.9999, 0.9999, 0.9999]],
       grad_fn=<SumBackward1>)
Size of covariance_matrix: torch.Size([1, 7, 7])
Size of covariance_matrix_prime: torch.Size([1, 7, 7])
cosineSimilarity tensor([[1.0000, 0.9999, 0.9999, 0.9999, 0.9999, 0.9999, 0.9999]],
       grad_fn=<SumBackward1>)
Size of covariance_matrix: torch.Size([1, 7, 7])
Size of covariance_matrix_prime: torch.Size([1, 7, 7])
cosineSimilarity tensor([[1.0000, 1.0000, 1.0000, 1.0000, 1.0000, 1.0000, 1.0000]],
       grad_fn=<SumBackward1>)
Size of covariance_matrix: torch.Size([1, 7, 7])
Size of covariance_matrix_prime: torch.Size([1, 7, 7])
cosineSimilarity tensor([[0.9998, 0.9999, 1.0000, 0.9999, 0.9998, 0.9999, 0.9998]],
       grad_fn=<SumBackward1>)
Size of covariance_matrix: torch.Size([1, 7, 7])
Size of covariance_matrix_prime: torch.Size([1, 7, 7])
cosineSimilarity tensor([[1.0000, 1.0000, 1.0000, 1.0000, 1.0000, 1.0000, 1.0000]],
       grad_fn=<SumBackward1>)
Size of covariance_matrix: torch.Size([1, 7, 7])
Size of covariance_matrix_prime: torch.Size([1, 7, 7])
cosineSimilarity tensor([[1.0000, 1.0000, 1.0000, 1.0000, 1.0000, 1.0000, 1.0000]],
       grad_fn=<SumBackward1>)
Size of covariance_matrix: torch.Size([1, 7, 7])
Size of covariance_matrix_prime: torch.Size([1, 7, 7])
cosineSimilarity tensor([[1.0000, 1.0000, 1.0000, 1.0000, 1.0000, 1.0000, 1.0000]],
       grad_fn=<SumBackward1>)
Size of covariance_matrix: torch.Size([1, 7, 7])
Size of covariance_matrix_prime: torch.Size([1, 7, 7])
cosineSimilarity tensor([[1.0000, 1.0000, 1.0000, 1.0000, 1.0000, 1.0000, 1.0000]],
       grad_fn=<SumBackward1>)
Size of covariance_matrix: torch.Size([1, 7, 7])
Size of covariance_matrix_prime: torch.Size([1, 7, 7])
cosineSimilarity tensor([[1.0000, 1.0000, 0.9999, 1.0000, 0.9999, 1.0000, 1.0000]],
       grad_fn=<SumBackward1>)
Size of covariance_matrix: torch.Size([1, 7, 7])
Size of covariance_matrix_prime: torch.Size([1, 7, 7])
cosineSimilarity tensor([[0.9998, 1.0000, 0.9999, 0.9999, 0.9998, 1.0000, 0.9999]],
       grad_fn=<SumBackward1>)
Size of covariance_matrix: torch.Size([1, 7, 7])
Size of covariance_matrix_prime: torch.Size([1, 7, 7])
cosineSimilarity tensor([[1.0000, 1.0000, 1.0000, 1.0000, 1.0000, 1.0000, 1.0000]],
       grad_fn=<SumBackward1>)
Size of covariance_matrix: torch.Size([1, 7, 7])
Size of covariance_matrix_prime: torch.Size([1, 7, 7])
cosineSimilarity tensor([[1.0000, 1.0000, 0.9999, 1.0000, 0.9999, 1.0000, 1.0000]],
       grad_fn=<SumBackward1>)
Size of covariance_matrix: torch.Size([1, 7, 7])
Size of covariance_matrix_prime: torch.Size([1, 7, 7])
cosineSimilarity tensor([[1.0000, 1.0000, 1.0000, 1.0000, 0.9999, 1.0000, 0.9999]],
       grad_fn=<SumBackward1>)
Size of covariance_matrix: torch.Size([1, 7, 7])
Size of covariance_matrix_prime: torch.Size([1, 7, 7])
cosineSimilarity tensor([[1.0000, 1.0000, 1.0000, 1.0000, 1.0000, 1.0000, 1.0000]],
       grad_fn=<SumBackward1>)
Size of covariance_matrix: torch.Size([1, 7, 7])
Size of covariance_matrix_prime: torch.Size([1, 7, 7])
cosineSimilarity tensor([[1.0000, 0.9998, 1.0000, 1.0000, 1.0000, 1.0000, 0.9999]],
       grad_fn=<SumBackward1>)
Size of covariance_matrix: torch.Size([1, 7, 7])
Size of covariance_matrix_prime: torch.Size([1, 7, 7])
cosineSimilarity tensor([[1.0000, 1.0000, 1.0000, 0.9999, 1.0000, 1.0000, 0.9999]],
       grad_fn=<SumBackward1>)
Size of covariance_matrix: torch.Size([1, 7, 7])
Size of covariance_matrix_prime: torch.Size([1, 7, 7])
cosineSimilarity tensor([[0.9999, 1.0000, 0.9999, 0.9999, 0.9999, 1.0000, 0.9996]],
       grad_fn=<SumBackward1>)
Size of covariance_matrix: torch.Size([1, 7, 7])
Size of covariance_matrix_prime: torch.Size([1, 7, 7])
cosineSimilarity tensor([[1.0000, 1.0000, 0.9997, 0.9999, 0.9997, 0.9999, 0.9999]],
       grad_fn=<SumBackward1>)
Size of covariance_matrix: torch.Size([1, 7, 7])
Size of covariance_matrix_prime: torch.Size([1, 7, 7])
cosineSimilarity tensor([[1.0000, 1.0000, 1.0000, 1.0000, 1.0000, 1.0000, 0.9999]],
       grad_fn=<SumBackward1>)
Size of covariance_matrix: torch.Size([1, 7, 7])
Size of covariance_matrix_prime: torch.Size([1, 7, 7])
cosineSimilarity tensor([[1.0000, 0.9999, 0.9999, 1.0000, 0.9999, 1.0000, 0.9999]],
       grad_fn=<SumBackward1>)
Size of covariance_matrix: torch.Size([1, 7, 7])
Size of covariance_matrix_prime: torch.Size([1, 7, 7])
cosineSimilarity tensor([[1.0000, 1.0000, 1.0000, 1.0000, 1.0000, 1.0000, 1.0000]],
       grad_fn=<SumBackward1>)
Size of covariance_matrix: torch.Size([1, 7, 7])
Size of covariance_matrix_prime: torch.Size([1, 7, 7])
cosineSimilarity tensor([[1.0000, 1.0000, 1.0000, 1.0000, 1.0000, 1.0000, 1.0000]],
       grad_fn=<SumBackward1>)
Size of covariance_matrix: torch.Size([1, 7, 7])
Size of covariance_matrix_prime: torch.Size([1, 7, 7])
cosineSimilarity tensor([[1.0000, 1.0000, 1.0000, 1.0000, 1.0000, 1.0000, 1.0000]],
       grad_fn=<SumBackward1>)
Size of covariance_matrix: torch.Size([1, 7, 7])
Size of covariance_matrix_prime: torch.Size([1, 7, 7])
cosineSimilarity tensor([[1.0000, 0.9999, 1.0000, 1.0000, 0.9999, 0.9999, 1.0000]],
       grad_fn=<SumBackward1>)
Size of covariance_matrix: torch.Size([1, 7, 7])
Size of covariance_matrix_prime: torch.Size([1, 7, 7])
cosineSimilarity tensor([[1.0000, 1.0000, 1.0000, 1.0000, 1.0000, 1.0000, 1.0000]],
       grad_fn=<SumBackward1>)
Size of covariance_matrix: torch.Size([1, 7, 7])
Size of covariance_matrix_prime: torch.Size([1, 7, 7])
cosineSimilarity tensor([[0.9998, 1.0000, 0.9998, 1.0000, 1.0000, 1.0000, 1.0000]],
       grad_fn=<SumBackward1>)
Size of covariance_matrix: torch.Size([1, 7, 7])
Size of covariance_matrix_prime: torch.Size([1, 7, 7])
cosineSimilarity tensor([[1.0000, 0.9999, 0.9999, 1.0000, 0.9999, 1.0000, 1.0000]],
       grad_fn=<SumBackward1>)
Size of covariance_matrix: torch.Size([1, 7, 7])
Size of covariance_matrix_prime: torch.Size([1, 7, 7])
cosineSimilarity tensor([[0.9999, 1.0000, 1.0000, 0.9999, 0.9999, 0.9999, 0.9999]],
       grad_fn=<SumBackward1>)
Size of covariance_matrix: torch.Size([1, 7, 7])
Size of covariance_matrix_prime: torch.Size([1, 7, 7])
cosineSimilarity tensor([[1.0000, 1.0000, 1.0000, 1.0000, 1.0000, 1.0000, 1.0000]],
       grad_fn=<SumBackward1>)
Size of covariance_matrix: torch.Size([1, 7, 7])
Size of covariance_matrix_prime: torch.Size([1, 7, 7])
cosineSimilarity tensor([[1.0000, 1.0000, 0.9999, 1.0000, 0.9998, 1.0000, 0.9999]],
       grad_fn=<SumBackward1>)
Size of covariance_matrix: torch.Size([1, 7, 7])
Size of covariance_matrix_prime: torch.Size([1, 7, 7])
cosineSimilarity tensor([[1.0000, 1.0000, 1.0000, 1.0000, 1.0000, 1.0000, 1.0000]],
       grad_fn=<SumBackward1>)
Size of covariance_matrix: torch.Size([1, 7, 7])
Size of covariance_matrix_prime: torch.Size([1, 7, 7])
cosineSimilarity tensor([[0.9998, 0.9999, 0.9999, 0.9999, 0.9998, 0.9999, 0.9998]],
       grad_fn=<SumBackward1>)
Size of covariance_matrix: torch.Size([1, 7, 7])
Size of covariance_matrix_prime: torch.Size([1, 7, 7])
cosineSimilarity tensor([[1.0000, 1.0000, 0.9999, 1.0000, 0.9999, 1.0000, 1.0000]],
       grad_fn=<SumBackward1>)
Size of covariance_matrix: torch.Size([1, 7, 7])
Size of covariance_matrix_prime: torch.Size([1, 7, 7])
cosineSimilarity tensor([[0.9999, 1.0000, 0.9999, 1.0000, 0.9999, 1.0000, 1.0000]],
       grad_fn=<SumBackward1>)
Size of covariance_matrix: torch.Size([1, 7, 7])
Size of covariance_matrix_prime: torch.Size([1, 7, 7])
cosineSimilarity tensor([[1.0000, 1.0000, 1.0000, 1.0000, 1.0000, 1.0000, 1.0000]],
       grad_fn=<SumBackward1>)
Size of covariance_matrix: torch.Size([1, 7, 7])
Size of covariance_matrix_prime: torch.Size([1, 7, 7])
cosineSimilarity tensor([[1.0000, 1.0000, 1.0000, 0.9999, 0.9999, 1.0000, 1.0000]],
       grad_fn=<SumBackward1>)
Size of covariance_matrix: torch.Size([1, 7, 7])
Size of covariance_matrix_prime: torch.Size([1, 7, 7])
cosineSimilarity tensor([[1.0000, 0.9999, 0.9999, 1.0000, 0.9998, 1.0000, 0.9999]],
       grad_fn=<SumBackward1>)
Size of covariance_matrix: torch.Size([1, 7, 7])
Size of covariance_matrix_prime: torch.Size([1, 7, 7])
cosineSimilarity tensor([[1.0000, 1.0000, 1.0000, 1.0000, 1.0000, 1.0000, 1.0000]],
       grad_fn=<SumBackward1>)
Size of covariance_matrix: torch.Size([1, 7, 7])
Size of covariance_matrix_prime: torch.Size([1, 7, 7])
cosineSimilarity tensor([[1.0000, 0.9999, 0.9999, 1.0000, 0.9998, 1.0000, 1.0000]],
       grad_fn=<SumBackward1>)
Size of covariance_matrix: torch.Size([1, 7, 7])
Size of covariance_matrix_prime: torch.Size([1, 7, 7])
cosineSimilarity tensor([[0.9999, 0.9999, 1.0000, 0.9999, 1.0000, 0.9999, 1.0000]],
       grad_fn=<SumBackward1>)
Size of covariance_matrix: torch.Size([1, 7, 7])
Size of covariance_matrix_prime: torch.Size([1, 7, 7])
cosineSimilarity tensor([[1.0000, 1.0000, 1.0000, 1.0000, 1.0000, 1.0000, 1.0000]],
       grad_fn=<SumBackward1>)
Size of covariance_matrix: torch.Size([1, 7, 7])
Size of covariance_matrix_prime: torch.Size([1, 7, 7])
cosineSimilarity tensor([[1.0000, 1.0000, 1.0000, 1.0000, 1.0000, 1.0000, 1.0000]],
       grad_fn=<SumBackward1>)
Size of covariance_matrix: torch.Size([1, 7, 7])
Size of covariance_matrix_prime: torch.Size([1, 7, 7])
cosineSimilarity tensor([[0.9999, 1.0000, 1.0000, 1.0000, 0.9999, 1.0000, 0.9999]],
       grad_fn=<SumBackward1>)
Size of covariance_matrix: torch.Size([1, 7, 7])
Size of covariance_matrix_prime: torch.Size([1, 7, 7])
cosineSimilarity tensor([[0.9999, 0.9999, 0.9999, 0.9999, 0.9997, 0.9999, 0.9999]],
       grad_fn=<SumBackward1>)
Size of covariance_matrix: torch.Size([1, 7, 7])
Size of covariance_matrix_prime: torch.Size([1, 7, 7])
cosineSimilarity tensor([[1.0000, 1.0000, 0.9999, 0.9999, 0.9997, 1.0000, 1.0000]],
       grad_fn=<SumBackward1>)
Size of covariance_matrix: torch.Size([1, 7, 7])
Size of covariance_matrix_prime: torch.Size([1, 7, 7])
cosineSimilarity tensor([[1.0000, 1.0000, 1.0000, 1.0000, 1.0000, 1.0000, 1.0000]],
       grad_fn=<SumBackward1>)
Size of covariance_matrix: torch.Size([1, 7, 7])
Size of covariance_matrix_prime: torch.Size([1, 7, 7])
cosineSimilarity tensor([[1.0000, 0.9999, 1.0000, 1.0000, 0.9999, 1.0000, 1.0000]],
       grad_fn=<SumBackward1>)
Size of covariance_matrix: torch.Size([1, 7, 7])
Size of covariance_matrix_prime: torch.Size([1, 7, 7])
cosineSimilarity tensor([[1.0000, 1.0000, 0.9999, 1.0000, 0.9999, 1.0000, 1.0000]],
       grad_fn=<SumBackward1>)
Size of covariance_matrix: torch.Size([1, 7, 7])
Size of covariance_matrix_prime: torch.Size([1, 7, 7])
cosineSimilarity tensor([[0.9999, 1.0000, 1.0000, 1.0000, 1.0000, 1.0000, 1.0000]],
       grad_fn=<SumBackward1>)
Size of covariance_matrix: torch.Size([1, 7, 7])
Size of covariance_matrix_prime: torch.Size([1, 7, 7])
cosineSimilarity tensor([[0.9999, 1.0000, 0.9995, 0.9999, 0.9998, 0.9997, 0.9998]],
       grad_fn=<SumBackward1>)
Size of covariance_matrix: torch.Size([1, 7, 7])
Size of covariance_matrix_prime: torch.Size([1, 7, 7])
cosineSimilarity tensor([[1.0000, 1.0000, 0.9999, 1.0000, 1.0000, 1.0000, 1.0000]],
       grad_fn=<SumBackward1>)
Size of covariance_matrix: torch.Size([1, 7, 7])
Size of covariance_matrix_prime: torch.Size([1, 7, 7])
cosineSimilarity tensor([[0.9999, 1.0000, 0.9999, 0.9999, 0.9999, 0.9999, 0.9998]],
       grad_fn=<SumBackward1>)
Size of covariance_matrix: torch.Size([1, 7, 7])
Size of covariance_matrix_prime: torch.Size([1, 7, 7])
cosineSimilarity tensor([[1.0000, 1.0000, 1.0000, 1.0000, 1.0000, 1.0000, 1.0000]],
       grad_fn=<SumBackward1>)
Size of covariance_matrix: torch.Size([1, 7, 7])
Size of covariance_matrix_prime: torch.Size([1, 7, 7])
cosineSimilarity tensor([[1.0000, 1.0000, 0.9999, 1.0000, 1.0000, 1.0000, 1.0000]],
       grad_fn=<SumBackward1>)
Size of covariance_matrix: torch.Size([1, 7, 7])
Size of covariance_matrix_prime: torch.Size([1, 7, 7])
cosineSimilarity tensor([[1.0000, 1.0000, 1.0000, 1.0000, 1.0000, 1.0000, 1.0000]],
       grad_fn=<SumBackward1>)
Size of covariance_matrix: torch.Size([1, 7, 7])
Size of covariance_matrix_prime: torch.Size([1, 7, 7])
cosineSimilarity tensor([[0.9999, 1.0000, 1.0000, 0.9999, 1.0000, 1.0000, 0.9999]],
       grad_fn=<SumBackward1>)
Size of covariance_matrix: torch.Size([1, 7, 7])
Size of covariance_matrix_prime: torch.Size([1, 7, 7])
cosineSimilarity tensor([[0.9999, 1.0000, 1.0000, 1.0000, 1.0000, 1.0000, 1.0000]],
       grad_fn=<SumBackward1>)
Size of covariance_matrix: torch.Size([1, 7, 7])
Size of covariance_matrix_prime: torch.Size([1, 7, 7])
cosineSimilarity tensor([[1.0000, 1.0000, 1.0000, 1.0000, 1.0000, 1.0000, 1.0000]],
       grad_fn=<SumBackward1>)
Size of covariance_matrix: torch.Size([1, 7, 7])
Size of covariance_matrix_prime: torch.Size([1, 7, 7])
cosineSimilarity tensor([[1.0000, 1.0000, 0.9998, 1.0000, 0.9998, 1.0000, 1.0000]],
       grad_fn=<SumBackward1>)
Size of covariance_matrix: torch.Size([1, 7, 7])
Size of covariance_matrix_prime: torch.Size([1, 7, 7])
cosineSimilarity tensor([[1.0000, 1.0000, 1.0000, 1.0000, 1.0000, 1.0000, 1.0000]],
       grad_fn=<SumBackward1>)
Size of covariance_matrix: torch.Size([1, 7, 7])
Size of covariance_matrix_prime: torch.Size([1, 7, 7])
cosineSimilarity tensor([[1.0000, 1.0000, 1.0000, 1.0000, 1.0000, 1.0000, 1.0000]],
       grad_fn=<SumBackward1>)
Size of covariance_matrix: torch.Size([1, 7, 7])
Size of covariance_matrix_prime: torch.Size([1, 7, 7])
cosineSimilarity tensor([[1.0000, 1.0000, 1.0000, 1.0000, 1.0000, 1.0000, 1.0000]],
       grad_fn=<SumBackward1>)
Size of covariance_matrix: torch.Size([1, 7, 7])
Size of covariance_matrix_prime: torch.Size([1, 7, 7])
cosineSimilarity tensor([[1.0000, 1.0000, 1.0000, 1.0000, 1.0000, 1.0000, 1.0000]],
       grad_fn=<SumBackward1>)
Size of covariance_matrix: torch.Size([1, 7, 7])
Size of covariance_matrix_prime: torch.Size([1, 7, 7])
cosineSimilarity tensor([[1.0000, 1.0000, 0.9999, 1.0000, 1.0000, 1.0000, 1.0000]],
       grad_fn=<SumBackward1>)
Size of covariance_matrix: torch.Size([1, 7, 7])
Size of covariance_matrix_prime: torch.Size([1, 7, 7])
cosineSimilarity tensor([[0.9999, 1.0000, 1.0000, 1.0000, 1.0000, 1.0000, 0.9999]],
       grad_fn=<SumBackward1>)
Size of covariance_matrix: torch.Size([1, 7, 7])
Size of covariance_matrix_prime: torch.Size([1, 7, 7])
cosineSimilarity tensor([[1.0000, 1.0000, 0.9999, 1.0000, 0.9996, 0.9999, 0.9998]],
       grad_fn=<SumBackward1>)
Size of covariance_matrix: torch.Size([1, 7, 7])
Size of covariance_matrix_prime: torch.Size([1, 7, 7])
cosineSimilarity tensor([[1.0000, 1.0000, 1.0000, 1.0000, 1.0000, 1.0000, 1.0000]],
       grad_fn=<SumBackward1>)
Size of covariance_matrix: torch.Size([1, 7, 7])
Size of covariance_matrix_prime: torch.Size([1, 7, 7])
cosineSimilarity tensor([[1.0000, 0.9999, 1.0000, 1.0000, 1.0000, 0.9999, 0.9998]],
       grad_fn=<SumBackward1>)
Size of covariance_matrix: torch.Size([1, 7, 7])
Size of covariance_matrix_prime: torch.Size([1, 7, 7])
cosineSimilarity tensor([[1.0000, 1.0000, 1.0000, 1.0000, 1.0000, 1.0000, 1.0000]],
       grad_fn=<SumBackward1>)
Size of covariance_matrix: torch.Size([1, 7, 7])
Size of covariance_matrix_prime: torch.Size([1, 7, 7])
cosineSimilarity tensor([[1.0000, 0.9999, 1.0000, 1.0000, 0.9999, 1.0000, 1.0000]],
       grad_fn=<SumBackward1>)
Size of covariance_matrix: torch.Size([1, 7, 7])
Size of covariance_matrix_prime: torch.Size([1, 7, 7])
cosineSimilarity tensor([[1.0000, 1.0000, 0.9999, 1.0000, 0.9999, 1.0000, 0.9998]],
       grad_fn=<SumBackward1>)
Size of covariance_matrix: torch.Size([1, 7, 7])
Size of covariance_matrix_prime: torch.Size([1, 7, 7])
cosineSimilarity tensor([[1.0000, 1.0000, 1.0000, 1.0000, 1.0000, 1.0000, 1.0000]],
       grad_fn=<SumBackward1>)
Size of covariance_matrix: torch.Size([1, 7, 7])
Size of covariance_matrix_prime: torch.Size([1, 7, 7])
cosineSimilarity tensor([[1.0000, 1.0000, 1.0000, 1.0000, 1.0000, 1.0000, 1.0000]],
       grad_fn=<SumBackward1>)
Size of covariance_matrix: torch.Size([1, 7, 7])
Size of covariance_matrix_prime: torch.Size([1, 7, 7])
cosineSimilarity tensor([[1.0000, 1.0000, 0.9999, 1.0000, 1.0000, 1.0000, 1.0000]],
       grad_fn=<SumBackward1>)
Size of covariance_matrix: torch.Size([1, 7, 7])
Size of covariance_matrix_prime: torch.Size([1, 7, 7])
cosineSimilarity tensor([[1.0000, 0.9999, 0.9999, 1.0000, 0.9997, 0.9998, 0.9999]],
       grad_fn=<SumBackward1>)
Size of covariance_matrix: torch.Size([1, 7, 7])
Size of covariance_matrix_prime: torch.Size([1, 7, 7])
cosineSimilarity tensor([[1.0000, 0.9999, 0.9999, 1.0000, 0.9998, 0.9999, 0.9998]],
       grad_fn=<SumBackward1>)
Size of covariance_matrix: torch.Size([1, 7, 7])
Size of covariance_matrix_prime: torch.Size([1, 7, 7])
cosineSimilarity tensor([[1.0000, 0.9998, 0.9998, 0.9999, 0.9998, 0.9999, 0.9999]],
       grad_fn=<SumBackward1>)
Size of covariance_matrix: torch.Size([1, 7, 7])
Size of covariance_matrix_prime: torch.Size([1, 7, 7])
cosineSimilarity tensor([[1.0000, 0.9999, 1.0000, 1.0000, 0.9997, 1.0000, 0.9999]],
       grad_fn=<SumBackward1>)
Size of covariance_matrix: torch.Size([1, 7, 7])
Size of covariance_matrix_prime: torch.Size([1, 7, 7])
cosineSimilarity tensor([[1.0000, 1.0000, 1.0000, 1.0000, 1.0000, 1.0000, 1.0000]],
       grad_fn=<SumBackward1>)
Size of covariance_matrix: torch.Size([1, 7, 7])
Size of covariance_matrix_prime: torch.Size([1, 7, 7])
cosineSimilarity tensor([[1.0000, 0.9999, 1.0000, 1.0000, 1.0000, 1.0000, 1.0000]],
       grad_fn=<SumBackward1>)
Size of covariance_matrix: torch.Size([1, 7, 7])
Size of covariance_matrix_prime: torch.Size([1, 7, 7])
cosineSimilarity tensor([[1.0000, 1.0000, 1.0000, 1.0000, 0.9999, 1.0000, 1.0000]],
       grad_fn=<SumBackward1>)
Size of covariance_matrix: torch.Size([1, 7, 7])
Size of covariance_matrix_prime: torch.Size([1, 7, 7])
cosineSimilarity tensor([[1.0000, 1.0000, 1.0000, 1.0000, 1.0000, 1.0000, 1.0000]],
       grad_fn=<SumBackward1>)
Size of covariance_matrix: torch.Size([1, 7, 7])
Size of covariance_matrix_prime: torch.Size([1, 7, 7])
cosineSimilarity tensor([[1.0000, 1.0000, 1.0000, 1.0000, 1.0000, 1.0000, 1.0000]],
       grad_fn=<SumBackward1>)
Size of covariance_matrix: torch.Size([1, 7, 7])
Size of covariance_matrix_prime: torch.Size([1, 7, 7])
cosineSimilarity tensor([[1.0000, 1.0000, 1.0000, 1.0000, 0.9998, 1.0000, 0.9999]],
       grad_fn=<SumBackward1>)
Size of covariance_matrix: torch.Size([1, 7, 7])
Size of covariance_matrix_prime: torch.Size([1, 7, 7])
cosineSimilarity tensor([[1.0000, 1.0000, 1.0000, 1.0000, 1.0000, 1.0000, 1.0000]],
       grad_fn=<SumBackward1>)
Size of covariance_matrix: torch.Size([1, 7, 7])
Size of covariance_matrix_prime: torch.Size([1, 7, 7])
cosineSimilarity tensor([[1.0000, 1.0000, 1.0000, 1.0000, 0.9999, 1.0000, 1.0000]],
       grad_fn=<SumBackward1>)
Size of covariance_matrix: torch.Size([1, 7, 7])
Size of covariance_matrix_prime: torch.Size([1, 7, 7])
cosineSimilarity tensor([[1.0000, 1.0000, 1.0000, 1.0000, 1.0000, 1.0000, 1.0000]],
       grad_fn=<SumBackward1>)
Size of covariance_matrix: torch.Size([1, 7, 7])
Size of covariance_matrix_prime: torch.Size([1, 7, 7])
cosineSimilarity tensor([[1.0000, 1.0000, 1.0000, 1.0000, 1.0000, 1.0000, 1.0000]],
       grad_fn=<SumBackward1>)
Size of covariance_matrix: torch.Size([1, 7, 7])
Size of covariance_matrix_prime: torch.Size([1, 7, 7])
cosineSimilarity tensor([[1.0000, 1.0000, 1.0000, 1.0000, 0.9999, 1.0000, 1.0000]],
       grad_fn=<SumBackward1>)
Size of covariance_matrix: torch.Size([1, 7, 7])
Size of covariance_matrix_prime: torch.Size([1, 7, 7])
cosineSimilarity tensor([[0.9997, 0.9999, 0.9999, 0.9999, 0.9999, 0.9994, 0.9999]],
       grad_fn=<SumBackward1>)
Size of covariance_matrix: torch.Size([1, 7, 7])
Size of covariance_matrix_prime: torch.Size([1, 7, 7])
cosineSimilarity tensor([[1.0000, 0.9999, 0.9999, 1.0000, 0.9999, 1.0000, 1.0000]],
       grad_fn=<SumBackward1>)
Size of covariance_matrix: torch.Size([1, 7, 7])
Size of covariance_matrix_prime: torch.Size([1, 7, 7])
cosineSimilarity tensor([[1.0000, 1.0000, 1.0000, 1.0000, 1.0000, 1.0000, 1.0000]],
       grad_fn=<SumBackward1>)
Size of covariance_matrix: torch.Size([1, 7, 7])
Size of covariance_matrix_prime: torch.Size([1, 7, 7])
cosineSimilarity tensor([[0.9999, 0.9996, 0.9999, 0.9999, 0.9999, 0.9999, 1.0000]],
       grad_fn=<SumBackward1>)
Size of covariance_matrix: torch.Size([1, 7, 7])
Size of covariance_matrix_prime: torch.Size([1, 7, 7])
cosineSimilarity tensor([[0.9999, 0.9999, 1.0000, 1.0000, 0.9999, 1.0000, 0.9999]],
       grad_fn=<SumBackward1>)
Size of covariance_matrix: torch.Size([1, 7, 7])
Size of covariance_matrix_prime: torch.Size([1, 7, 7])
cosineSimilarity tensor([[1.0000, 1.0000, 1.0000, 1.0000, 1.0000, 1.0000, 1.0000]],
       grad_fn=<SumBackward1>)
Size of covariance_matrix: torch.Size([1, 7, 7])
Size of covariance_matrix_prime: torch.Size([1, 7, 7])
cosineSimilarity tensor([[1.0000, 1.0000, 1.0000, 1.0000, 1.0000, 1.0000, 1.0000]],
       grad_fn=<SumBackward1>)
Size of covariance_matrix: torch.Size([1, 7, 7])
Size of covariance_matrix_prime: torch.Size([1, 7, 7])
cosineSimilarity tensor([[1.0000, 1.0000, 1.0000, 1.0000, 1.0000, 1.0000, 1.0000]],
       grad_fn=<SumBackward1>)
Size of covariance_matrix: torch.Size([1, 7, 7])
Size of covariance_matrix_prime: torch.Size([1, 7, 7])
cosineSimilarity tensor([[1.0000, 1.0000, 0.9999, 1.0000, 0.9998, 1.0000, 1.0000]],
       grad_fn=<SumBackward1>)
Size of covariance_matrix: torch.Size([1, 7, 7])
Size of covariance_matrix_prime: torch.Size([1, 7, 7])
cosineSimilarity tensor([[1.0000, 1.0000, 1.0000, 1.0000, 0.9999, 1.0000, 1.0000]],
       grad_fn=<SumBackward1>)
Size of covariance_matrix: torch.Size([1, 7, 7])
Size of covariance_matrix_prime: torch.Size([1, 7, 7])
cosineSimilarity tensor([[1.0000, 1.0000, 1.0000, 1.0000, 1.0000, 1.0000, 1.0000]],
       grad_fn=<SumBackward1>)
Size of covariance_matrix: torch.Size([1, 7, 7])
Size of covariance_matrix_prime: torch.Size([1, 7, 7])
cosineSimilarity tensor([[1.0000, 1.0000, 1.0000, 1.0000, 1.0000, 1.0000, 1.0000]],
       grad_fn=<SumBackward1>)
Size of covariance_matrix: torch.Size([1, 7, 7])
Size of covariance_matrix_prime: torch.Size([1, 7, 7])
cosineSimilarity tensor([[1.0000, 0.9999, 0.9999, 1.0000, 0.9999, 1.0000, 0.9999]],
       grad_fn=<SumBackward1>)
Size of covariance_matrix: torch.Size([1, 7, 7])
Size of covariance_matrix_prime: torch.Size([1, 7, 7])
cosineSimilarity tensor([[0.9999, 1.0000, 0.9998, 1.0000, 0.9999, 1.0000, 0.9999]],
       grad_fn=<SumBackward1>)
Size of covariance_matrix: torch.Size([1, 7, 7])
Size of covariance_matrix_prime: torch.Size([1, 7, 7])
cosineSimilarity tensor([[1.0000, 1.0000, 0.9997, 1.0000, 0.9999, 1.0000, 0.9999]],
       grad_fn=<SumBackward1>)
Size of covariance_matrix: torch.Size([1, 7, 7])
Size of covariance_matrix_prime: torch.Size([1, 7, 7])
cosineSimilarity tensor([[0.9998, 0.9999, 0.9997, 0.9999, 0.9995, 0.9999, 0.9998]],
       grad_fn=<SumBackward1>)
Size of covariance_matrix: torch.Size([1, 7, 7])
Size of covariance_matrix_prime: torch.Size([1, 7, 7])
cosineSimilarity tensor([[1.0000, 1.0000, 1.0000, 1.0000, 1.0000, 1.0000, 1.0000]],
       grad_fn=<SumBackward1>)
Size of covariance_matrix: torch.Size([1, 7, 7])
Size of covariance_matrix_prime: torch.Size([1, 7, 7])
cosineSimilarity tensor([[1.0000, 0.9999, 0.9999, 1.0000, 1.0000, 1.0000, 1.0000]],
       grad_fn=<SumBackward1>)
Size of covariance_matrix: torch.Size([1, 7, 7])
Size of covariance_matrix_prime: torch.Size([1, 7, 7])
cosineSimilarity tensor([[1.0000, 1.0000, 1.0000, 1.0000, 1.0000, 1.0000, 1.0000]],
       grad_fn=<SumBackward1>)
Size of covariance_matrix: torch.Size([1, 7, 7])
Size of covariance_matrix_prime: torch.Size([1, 7, 7])
cosineSimilarity tensor([[1.0000, 0.9999, 1.0000, 1.0000, 0.9998, 1.0000, 0.9999]],
       grad_fn=<SumBackward1>)
Size of covariance_matrix: torch.Size([1, 7, 7])
Size of covariance_matrix_prime: torch.Size([1, 7, 7])
cosineSimilarity tensor([[1.0000, 1.0000, 1.0000, 1.0000, 0.9999, 1.0000, 1.0000]],
       grad_fn=<SumBackward1>)
Size of covariance_matrix: torch.Size([1, 7, 7])
Size of covariance_matrix_prime: torch.Size([1, 7, 7])
cosineSimilarity tensor([[0.9999, 1.0000, 0.9999, 0.9999, 0.9996, 0.9998, 1.0000]],
       grad_fn=<SumBackward1>)
Size of covariance_matrix: torch.Size([1, 7, 7])
Size of covariance_matrix_prime: torch.Size([1, 7, 7])
cosineSimilarity tensor([[1.0000, 1.0000, 1.0000, 1.0000, 0.9998, 1.0000, 1.0000]],
       grad_fn=<SumBackward1>)
Size of covariance_matrix: torch.Size([1, 7, 7])
Size of covariance_matrix_prime: torch.Size([1, 7, 7])
cosineSimilarity tensor([[1.0000, 1.0000, 1.0000, 1.0000, 1.0000, 1.0000, 1.0000]],
       grad_fn=<SumBackward1>)
Size of covariance_matrix: torch.Size([1, 7, 7])
Size of covariance_matrix_prime: torch.Size([1, 7, 7])
cosineSimilarity tensor([[1.0000, 1.0000, 1.0000, 1.0000, 1.0000, 1.0000, 1.0000]],
       grad_fn=<SumBackward1>)
Size of covariance_matrix: torch.Size([1, 7, 7])
Size of covariance_matrix_prime: torch.Size([1, 7, 7])
cosineSimilarity tensor([[1.0000, 1.0000, 1.0000, 1.0000, 1.0000, 1.0000, 1.0000]],
       grad_fn=<SumBackward1>)
Size of covariance_matrix: torch.Size([1, 7, 7])
Size of covariance_matrix_prime: torch.Size([1, 7, 7])
cosineSimilarity tensor([[1.0000, 1.0000, 1.0000, 1.0000, 0.9999, 1.0000, 1.0000]],
       grad_fn=<SumBackward1>)
Size of covariance_matrix: torch.Size([1, 7, 7])
Size of covariance_matrix_prime: torch.Size([1, 7, 7])
cosineSimilarity tensor([[1.0000, 1.0000, 1.0000, 1.0000, 1.0000, 1.0000, 1.0000]],
       grad_fn=<SumBackward1>)
Size of covariance_matrix: torch.Size([1, 7, 7])
Size of covariance_matrix_prime: torch.Size([1, 7, 7])
cosineSimilarity tensor([[0.9999, 0.9999, 1.0000, 1.0000, 1.0000, 0.9999, 0.9999]],
       grad_fn=<SumBackward1>)
Size of covariance_matrix: torch.Size([1, 7, 7])
Size of covariance_matrix_prime: torch.Size([1, 7, 7])
cosineSimilarity tensor([[1.0000, 1.0000, 1.0000, 1.0000, 1.0000, 1.0000, 1.0000]],
       grad_fn=<SumBackward1>)
Size of covariance_matrix: torch.Size([1, 7, 7])
Size of covariance_matrix_prime: torch.Size([1, 7, 7])
cosineSimilarity tensor([[1.0000, 1.0000, 1.0000, 1.0000, 0.9998, 1.0000, 0.9998]],
       grad_fn=<SumBackward1>)
Size of covariance_matrix: torch.Size([1, 7, 7])
Size of covariance_matrix_prime: torch.Size([1, 7, 7])
cosineSimilarity tensor([[0.9999, 1.0000, 1.0000, 1.0000, 0.9999, 1.0000, 0.9995]],
       grad_fn=<SumBackward1>)
Size of covariance_matrix: torch.Size([1, 7, 7])
Size of covariance_matrix_prime: torch.Size([1, 7, 7])
cosineSimilarity tensor([[0.9999, 1.0000, 0.9999, 1.0000, 0.9999, 0.9999, 0.9999]],
       grad_fn=<SumBackward1>)
Size of covariance_matrix: torch.Size([1, 7, 7])
Size of covariance_matrix_prime: torch.Size([1, 7, 7])
cosineSimilarity tensor([[1.0000, 1.0000, 0.9998, 0.9999, 0.9996, 1.0000, 0.9999]],
       grad_fn=<SumBackward1>)
Size of covariance_matrix: torch.Size([1, 7, 7])
Size of covariance_matrix_prime: torch.Size([1, 7, 7])
cosineSimilarity tensor([[1.0000, 1.0000, 1.0000, 1.0000, 1.0000, 1.0000, 1.0000]],
       grad_fn=<SumBackward1>)
Size of covariance_matrix: torch.Size([1, 7, 7])
Size of covariance_matrix_prime: torch.Size([1, 7, 7])
cosineSimilarity tensor([[1.0000, 1.0000, 0.9999, 1.0000, 0.9999, 1.0000, 1.0000]],
       grad_fn=<SumBackward1>)
Size of covariance_matrix: torch.Size([1, 7, 7])
Size of covariance_matrix_prime: torch.Size([1, 7, 7])
cosineSimilarity tensor([[1.0000, 1.0000, 1.0000, 1.0000, 0.9999, 1.0000, 1.0000]],
       grad_fn=<SumBackward1>)
Size of covariance_matrix: torch.Size([1, 7, 7])
Size of covariance_matrix_prime: torch.Size([1, 7, 7])
cosineSimilarity tensor([[1.0000, 1.0000, 0.9999, 0.9999, 0.9999, 1.0000, 1.0000]],
       grad_fn=<SumBackward1>)
Size of covariance_matrix: torch.Size([1, 7, 7])
Size of covariance_matrix_prime: torch.Size([1, 7, 7])
cosineSimilarity tensor([[1.0000, 1.0000, 0.9999, 1.0000, 0.9999, 1.0000, 1.0000]],
       grad_fn=<SumBackward1>)
Size of covariance_matrix: torch.Size([1, 7, 7])
Size of covariance_matrix_prime: torch.Size([1, 7, 7])
cosineSimilarity tensor([[1.0000, 1.0000, 1.0000, 1.0000, 1.0000, 1.0000, 1.0000]],
       grad_fn=<SumBackward1>)
Size of covariance_matrix: torch.Size([1, 7, 7])
Size of covariance_matrix_prime: torch.Size([1, 7, 7])
cosineSimilarity tensor([[1.0000, 1.0000, 1.0000, 1.0000, 1.0000, 1.0000, 1.0000]],
       grad_fn=<SumBackward1>)
Size of covariance_matrix: torch.Size([1, 7, 7])
Size of covariance_matrix_prime: torch.Size([1, 7, 7])
cosineSimilarity tensor([[0.9996, 1.0000, 1.0000, 1.0000, 1.0000, 0.9999, 0.9999]],
       grad_fn=<SumBackward1>)
Size of covariance_matrix: torch.Size([1, 7, 7])
Size of covariance_matrix_prime: torch.Size([1, 7, 7])
cosineSimilarity tensor([[0.9999, 0.9998, 0.9997, 1.0000, 0.9997, 0.9999, 0.9998]],
       grad_fn=<SumBackward1>)
Size of covariance_matrix: torch.Size([1, 7, 7])
Size of covariance_matrix_prime: torch.Size([1, 7, 7])
cosineSimilarity tensor([[1.0000, 0.9999, 0.9998, 1.0000, 0.9998, 1.0000, 0.9998]],
       grad_fn=<SumBackward1>)
Size of covariance_matrix: torch.Size([1, 7, 7])
Size of covariance_matrix_prime: torch.Size([1, 7, 7])
cosineSimilarity tensor([[1.0000, 1.0000, 0.9999, 1.0000, 0.9999, 1.0000, 1.0000]],
       grad_fn=<SumBackward1>)
Size of covariance_matrix: torch.Size([1, 7, 7])
Size of covariance_matrix_prime: torch.Size([1, 7, 7])
cosineSimilarity tensor([[1.0000, 1.0000, 1.0000, 1.0000, 1.0000, 1.0000, 1.0000]],
       grad_fn=<SumBackward1>)
Size of covariance_matrix: torch.Size([1, 7, 7])
Size of covariance_matrix_prime: torch.Size([1, 7, 7])
cosineSimilarity tensor([[1.0000, 1.0000, 1.0000, 1.0000, 1.0000, 1.0000, 1.0000]],
       grad_fn=<SumBackward1>)
Size of covariance_matrix: torch.Size([1, 7, 7])
Size of covariance_matrix_prime: torch.Size([1, 7, 7])
cosineSimilarity tensor([[1.0000, 1.0000, 0.9999, 1.0000, 0.9999, 1.0000, 1.0000]],
       grad_fn=<SumBackward1>)
Size of covariance_matrix: torch.Size([1, 7, 7])
Size of covariance_matrix_prime: torch.Size([1, 7, 7])
cosineSimilarity tensor([[1.0000, 1.0000, 1.0000, 0.9999, 1.0000, 1.0000, 1.0000]],
       grad_fn=<SumBackward1>)
Size of covariance_matrix: torch.Size([1, 7, 7])
Size of covariance_matrix_prime: torch.Size([1, 7, 7])
cosineSimilarity tensor([[1.0000, 1.0000, 1.0000, 1.0000, 1.0000, 1.0000, 1.0000]],
       grad_fn=<SumBackward1>)
Size of covariance_matrix: torch.Size([1, 7, 7])
Size of covariance_matrix_prime: torch.Size([1, 7, 7])
cosineSimilarity tensor([[0.9999, 0.9998, 0.9999, 0.9999, 0.9999, 0.9999, 0.9998]],
       grad_fn=<SumBackward1>)
Size of covariance_matrix: torch.Size([1, 7, 7])
Size of covariance_matrix_prime: torch.Size([1, 7, 7])
cosineSimilarity tensor([[1.0000, 0.9999, 0.9999, 1.0000, 0.9996, 1.0000, 0.9998]],
       grad_fn=<SumBackward1>)
Size of covariance_matrix: torch.Size([1, 7, 7])
Size of covariance_matrix_prime: torch.Size([1, 7, 7])
cosineSimilarity tensor([[1.0000, 0.9999, 1.0000, 1.0000, 1.0000, 1.0000, 1.0000]],
       grad_fn=<SumBackward1>)
Size of covariance_matrix: torch.Size([1, 7, 7])
Size of covariance_matrix_prime: torch.Size([1, 7, 7])
cosineSimilarity tensor([[1.0000, 0.9999, 1.0000, 1.0000, 0.9999, 1.0000, 0.9998]],
       grad_fn=<SumBackward1>)
Size of covariance_matrix: torch.Size([1, 7, 7])
Size of covariance_matrix_prime: torch.Size([1, 7, 7])
cosineSimilarity tensor([[0.9999, 1.0000, 0.9999, 1.0000, 0.9999, 0.9999, 1.0000]],
       grad_fn=<SumBackward1>)
Size of covariance_matrix: torch.Size([1, 7, 7])
Size of covariance_matrix_prime: torch.Size([1, 7, 7])
cosineSimilarity tensor([[1.0000, 1.0000, 1.0000, 1.0000, 0.9999, 1.0000, 1.0000]],
       grad_fn=<SumBackward1>)
Size of covariance_matrix: torch.Size([1, 7, 7])
Size of covariance_matrix_prime: torch.Size([1, 7, 7])
cosineSimilarity tensor([[1.0000, 1.0000, 1.0000, 1.0000, 1.0000, 1.0000, 1.0000]],
       grad_fn=<SumBackward1>)
Size of covariance_matrix: torch.Size([1, 7, 7])
Size of covariance_matrix_prime: torch.Size([1, 7, 7])
cosineSimilarity tensor([[1.0000, 0.9999, 1.0000, 1.0000, 1.0000, 1.0000, 1.0000]],
       grad_fn=<SumBackward1>)
Size of covariance_matrix: torch.Size([1, 7, 7])
Size of covariance_matrix_prime: torch.Size([1, 7, 7])
cosineSimilarity tensor([[1.0000, 1.0000, 0.9999, 1.0000, 0.9998, 1.0000, 1.0000]],
       grad_fn=<SumBackward1>)
Size of covariance_matrix: torch.Size([1, 7, 7])
Size of covariance_matrix_prime: torch.Size([1, 7, 7])
cosineSimilarity tensor([[1.0000, 0.9999, 0.9999, 0.9999, 1.0000, 0.9999, 1.0000]],
       grad_fn=<SumBackward1>)
Size of covariance_matrix: torch.Size([1, 7, 7])
Size of covariance_matrix_prime: torch.Size([1, 7, 7])
cosineSimilarity tensor([[1.0000, 1.0000, 1.0000, 1.0000, 1.0000, 1.0000, 1.0000]],
       grad_fn=<SumBackward1>)
Size of covariance_matrix: torch.Size([1, 7, 7])
Size of covariance_matrix_prime: torch.Size([1, 7, 7])
cosineSimilarity tensor([[1.0000, 1.0000, 0.9999, 1.0000, 0.9999, 1.0000, 1.0000]],
       grad_fn=<SumBackward1>)
Size of covariance_matrix: torch.Size([1, 7, 7])
Size of covariance_matrix_prime: torch.Size([1, 7, 7])
cosineSimilarity tensor([[1.0000, 1.0000, 0.9998, 1.0000, 0.9999, 1.0000, 1.0000]],
       grad_fn=<SumBackward1>)
Size of covariance_matrix: torch.Size([1, 7, 7])
Size of covariance_matrix_prime: torch.Size([1, 7, 7])
cosineSimilarity tensor([[0.9999, 1.0000, 0.9999, 0.9999, 0.9998, 1.0000, 1.0000]],
       grad_fn=<SumBackward1>)
Size of covariance_matrix: torch.Size([1, 7, 7])
Size of covariance_matrix_prime: torch.Size([1, 7, 7])
cosineSimilarity tensor([[1.0000, 1.0000, 1.0000, 1.0000, 1.0000, 1.0000, 1.0000]],
       grad_fn=<SumBackward1>)
Size of covariance_matrix: torch.Size([1, 7, 7])
Size of covariance_matrix_prime: torch.Size([1, 7, 7])
cosineSimilarity tensor([[1.0000, 1.0000, 0.9999, 1.0000, 0.9999, 1.0000, 1.0000]],
       grad_fn=<SumBackward1>)
Size of covariance_matrix: torch.Size([1, 7, 7])
Size of covariance_matrix_prime: torch.Size([1, 7, 7])
cosineSimilarity tensor([[0.9998, 1.0000, 1.0000, 0.9998, 0.9994, 0.9999, 0.9998]],
       grad_fn=<SumBackward1>)
Size of covariance_matrix: torch.Size([1, 7, 7])
Size of covariance_matrix_prime: torch.Size([1, 7, 7])
cosineSimilarity tensor([[1.0000, 1.0000, 1.0000, 1.0000, 1.0000, 1.0000, 1.0000]],
       grad_fn=<SumBackward1>)
Size of covariance_matrix: torch.Size([1, 7, 7])
Size of covariance_matrix_prime: torch.Size([1, 7, 7])
cosineSimilarity tensor([[1.0000, 1.0000, 1.0000, 1.0000, 1.0000, 1.0000, 1.0000]],
       grad_fn=<SumBackward1>)
Size of covariance_matrix: torch.Size([1, 7, 7])
Size of covariance_matrix_prime: torch.Size([1, 7, 7])
cosineSimilarity tensor([[1.0000, 1.0000, 1.0000, 1.0000, 1.0000, 1.0000, 1.0000]],
       grad_fn=<SumBackward1>)
Size of covariance_matrix: torch.Size([1, 7, 7])
Size of covariance_matrix_prime: torch.Size([1, 7, 7])
cosineSimilarity tensor([[1.0000, 0.9999, 0.9999, 1.0000, 1.0000, 1.0000, 1.0000]],
       grad_fn=<SumBackward1>)
Size of covariance_matrix: torch.Size([1, 7, 7])
Size of covariance_matrix_prime: torch.Size([1, 7, 7])
cosineSimilarity tensor([[1.0000, 1.0000, 1.0000, 1.0000, 1.0000, 1.0000, 1.0000]],
       grad_fn=<SumBackward1>)
Size of covariance_matrix: torch.Size([1, 7, 7])
Size of covariance_matrix_prime: torch.Size([1, 7, 7])
cosineSimilarity tensor([[1.0000, 1.0000, 1.0000, 1.0000, 0.9999, 1.0000, 1.0000]],
       grad_fn=<SumBackward1>)
Size of covariance_matrix: torch.Size([1, 7, 7])
Size of covariance_matrix_prime: torch.Size([1, 7, 7])
cosineSimilarity tensor([[1.0000, 1.0000, 0.9999, 0.9999, 0.9999, 0.9999, 1.0000]],
       grad_fn=<SumBackward1>)
Size of covariance_matrix: torch.Size([1, 7, 7])
Size of covariance_matrix_prime: torch.Size([1, 7, 7])
cosineSimilarity tensor([[1.0000, 1.0000, 1.0000, 1.0000, 1.0000, 1.0000, 1.0000]],
       grad_fn=<SumBackward1>)
Size of covariance_matrix: torch.Size([1, 7, 7])
Size of covariance_matrix_prime: torch.Size([1, 7, 7])
cosineSimilarity tensor([[1.0000, 1.0000, 1.0000, 1.0000, 1.0000, 1.0000, 1.0000]],
       grad_fn=<SumBackward1>)
Size of covariance_matrix: torch.Size([1, 7, 7])
Size of covariance_matrix_prime: torch.Size([1, 7, 7])
cosineSimilarity tensor([[0.9998, 1.0000, 1.0000, 0.9999, 0.9997, 1.0000, 0.9997]],
       grad_fn=<SumBackward1>)
Size of covariance_matrix: torch.Size([1, 7, 7])
Size of covariance_matrix_prime: torch.Size([1, 7, 7])
cosineSimilarity tensor([[0.9999, 1.0000, 0.9999, 1.0000, 0.9998, 1.0000, 1.0000]],
       grad_fn=<SumBackward1>)
Size of covariance_matrix: torch.Size([1, 7, 7])
Size of covariance_matrix_prime: torch.Size([1, 7, 7])
cosineSimilarity tensor([[1.0000, 0.9999, 1.0000, 1.0000, 1.0000, 1.0000, 1.0000]],
       grad_fn=<SumBackward1>)
Size of covariance_matrix: torch.Size([1, 7, 7])
Size of covariance_matrix_prime: torch.Size([1, 7, 7])
cosineSimilarity tensor([[1.0000, 1.0000, 1.0000, 1.0000, 1.0000, 1.0000, 1.0000]],
       grad_fn=<SumBackward1>)
Size of covariance_matrix: torch.Size([1, 7, 7])
Size of covariance_matrix_prime: torch.Size([1, 7, 7])
cosineSimilarity tensor([[0.9999, 1.0000, 1.0000, 1.0000, 1.0000, 1.0000, 1.0000]],
       grad_fn=<SumBackward1>)
Size of covariance_matrix: torch.Size([1, 7, 7])
Size of covariance_matrix_prime: torch.Size([1, 7, 7])
cosineSimilarity tensor([[1.0000, 1.0000, 0.9999, 1.0000, 0.9999, 1.0000, 1.0000]],
       grad_fn=<SumBackward1>)
Size of covariance_matrix: torch.Size([1, 7, 7])
Size of covariance_matrix_prime: torch.Size([1, 7, 7])
cosineSimilarity tensor([[0.9993, 1.0000, 0.9998, 0.9999, 0.9998, 0.9999, 0.9998]],
       grad_fn=<SumBackward1>)
Size of covariance_matrix: torch.Size([1, 7, 7])
Size of covariance_matrix_prime: torch.Size([1, 7, 7])
cosineSimilarity tensor([[1.0000, 1.0000, 1.0000, 1.0000, 1.0000, 1.0000, 1.0000]],
       grad_fn=<SumBackward1>)
Size of covariance_matrix: torch.Size([1, 7, 7])
Size of covariance_matrix_prime: torch.Size([1, 7, 7])
cosineSimilarity tensor([[1.0000, 1.0000, 1.0000, 1.0000, 0.9999, 1.0000, 0.9999]],
       grad_fn=<SumBackward1>)
Size of covariance_matrix: torch.Size([1, 7, 7])
Size of covariance_matrix_prime: torch.Size([1, 7, 7])
cosineSimilarity tensor([[1.0000, 1.0000, 0.9999, 0.9999, 0.9998, 1.0000, 0.9999]],
       grad_fn=<SumBackward1>)
Size of covariance_matrix: torch.Size([1, 7, 7])
Size of covariance_matrix_prime: torch.Size([1, 7, 7])
cosineSimilarity tensor([[1.0000, 1.0000, 1.0000, 1.0000, 1.0000, 1.0000, 1.0000]],
       grad_fn=<SumBackward1>)
Size of covariance_matrix: torch.Size([1, 7, 7])
Size of covariance_matrix_prime: torch.Size([1, 7, 7])
cosineSimilarity tensor([[1.0000, 1.0000, 0.9999, 1.0000, 1.0000, 1.0000, 0.9999]],
       grad_fn=<SumBackward1>)
Size of covariance_matrix: torch.Size([1, 7, 7])
Size of covariance_matrix_prime: torch.Size([1, 7, 7])
cosineSimilarity tensor([[1.0000, 1.0000, 1.0000, 1.0000, 1.0000, 1.0000, 1.0000]],
       grad_fn=<SumBackward1>)
Size of covariance_matrix: torch.Size([1, 7, 7])
Size of covariance_matrix_prime: torch.Size([1, 7, 7])
cosineSimilarity tensor([[1.0000, 1.0000, 1.0000, 1.0000, 0.9999, 1.0000, 1.0000]],
       grad_fn=<SumBackward1>)
Size of covariance_matrix: torch.Size([1, 7, 7])
Size of covariance_matrix_prime: torch.Size([1, 7, 7])
cosineSimilarity tensor([[1.0000, 1.0000, 1.0000, 1.0000, 0.9999, 1.0000, 1.0000]],
       grad_fn=<SumBackward1>)
Size of covariance_matrix: torch.Size([1, 7, 7])
Size of covariance_matrix_prime: torch.Size([1, 7, 7])
cosineSimilarity tensor([[1.0000, 1.0000, 1.0000, 1.0000, 1.0000, 1.0000, 1.0000]],
       grad_fn=<SumBackward1>)
Size of covariance_matrix: torch.Size([1, 7, 7])
Size of covariance_matrix_prime: torch.Size([1, 7, 7])
cosineSimilarity tensor([[1.0000, 1.0000, 0.9999, 1.0000, 0.9994, 1.0000, 1.0000]],
       grad_fn=<SumBackward1>)
Size of covariance_matrix: torch.Size([1, 7, 7])
Size of covariance_matrix_prime: torch.Size([1, 7, 7])
cosineSimilarity tensor([[1.0000, 0.9999, 0.9999, 1.0000, 1.0000, 1.0000, 0.9999]],
       grad_fn=<SumBackward1>)
Size of covariance_matrix: torch.Size([1, 7, 7])
Size of covariance_matrix_prime: torch.Size([1, 7, 7])
cosineSimilarity tensor([[1.0000, 1.0000, 1.0000, 1.0000, 0.9999, 1.0000, 1.0000]],
       grad_fn=<SumBackward1>)
Size of covariance_matrix: torch.Size([1, 7, 7])
Size of covariance_matrix_prime: torch.Size([1, 7, 7])
cosineSimilarity tensor([[1.0000, 1.0000, 0.9998, 1.0000, 0.9998, 1.0000, 1.0000]],
       grad_fn=<SumBackward1>)
Size of covariance_matrix: torch.Size([1, 7, 7])
Size of covariance_matrix_prime: torch.Size([1, 7, 7])
cosineSimilarity tensor([[0.9999, 0.9999, 1.0000, 1.0000, 0.9998, 1.0000, 0.9999]],
       grad_fn=<SumBackward1>)
Size of covariance_matrix: torch.Size([1, 7, 7])
Size of covariance_matrix_prime: torch.Size([1, 7, 7])
cosineSimilarity tensor([[1.0000, 1.0000, 0.9998, 0.9999, 0.9999, 1.0000, 1.0000]],
       grad_fn=<SumBackward1>)
Size of covariance_matrix: torch.Size([1, 7, 7])
Size of covariance_matrix_prime: torch.Size([1, 7, 7])
cosineSimilarity tensor([[1.0000, 0.9999, 0.9998, 1.0000, 0.9999, 1.0000, 0.9999]],
       grad_fn=<SumBackward1>)
Size of covariance_matrix: torch.Size([1, 7, 7])
Size of covariance_matrix_prime: torch.Size([1, 7, 7])
cosineSimilarity tensor([[0.9998, 1.0000, 0.9999, 1.0000, 1.0000, 1.0000, 1.0000]],
       grad_fn=<SumBackward1>)
Size of covariance_matrix: torch.Size([1, 7, 7])
Size of covariance_matrix_prime: torch.Size([1, 7, 7])
cosineSimilarity tensor([[1.0000, 1.0000, 0.9999, 1.0000, 1.0000, 1.0000, 1.0000]],
       grad_fn=<SumBackward1>)
Size of covariance_matrix: torch.Size([1, 7, 7])
Size of covariance_matrix_prime: torch.Size([1, 7, 7])
cosineSimilarity tensor([[1.0000, 1.0000, 1.0000, 1.0000, 1.0000, 1.0000, 1.0000]],
       grad_fn=<SumBackward1>)
Size of covariance_matrix: torch.Size([1, 7, 7])
Size of covariance_matrix_prime: torch.Size([1, 7, 7])
cosineSimilarity tensor([[1.0000, 1.0000, 1.0000, 1.0000, 1.0000, 1.0000, 1.0000]],
       grad_fn=<SumBackward1>)
Size of covariance_matrix: torch.Size([1, 7, 7])
Size of covariance_matrix_prime: torch.Size([1, 7, 7])
cosineSimilarity tensor([[0.9999, 1.0000, 1.0000, 0.9999, 0.9999, 1.0000, 1.0000]],
       grad_fn=<SumBackward1>)
Size of covariance_matrix: torch.Size([1, 7, 7])
Size of covariance_matrix_prime: torch.Size([1, 7, 7])
cosineSimilarity tensor([[1.0000, 1.0000, 0.9999, 1.0000, 1.0000, 1.0000, 1.0000]],
       grad_fn=<SumBackward1>)
Size of covariance_matrix: torch.Size([1, 7, 7])
Size of covariance_matrix_prime: torch.Size([1, 7, 7])
cosineSimilarity tensor([[1.0000, 1.0000, 1.0000, 1.0000, 1.0000, 1.0000, 1.0000]],
       grad_fn=<SumBackward1>)
Size of covariance_matrix: torch.Size([1, 7, 7])
Size of covariance_matrix_prime: torch.Size([1, 7, 7])
cosineSimilarity tensor([[1.0000, 1.0000, 1.0000, 1.0000, 1.0000, 1.0000, 0.9999]],
       grad_fn=<SumBackward1>)
Size of covariance_matrix: torch.Size([1, 7, 7])
Size of covariance_matrix_prime: torch.Size([1, 7, 7])
cosineSimilarity tensor([[1.0000, 1.0000, 0.9999, 1.0000, 1.0000, 1.0000, 1.0000]],
       grad_fn=<SumBackward1>)
Size of covariance_matrix: torch.Size([1, 7, 7])
Size of covariance_matrix_prime: torch.Size([1, 7, 7])
cosineSimilarity tensor([[1.0000, 1.0000, 0.9999, 1.0000, 1.0000, 1.0000, 1.0000]],
       grad_fn=<SumBackward1>)
Size of covariance_matrix: torch.Size([1, 7, 7])
Size of covariance_matrix_prime: torch.Size([1, 7, 7])
cosineSimilarity tensor([[0.9999, 1.0000, 0.9999, 1.0000, 0.9999, 1.0000, 1.0000]],
       grad_fn=<SumBackward1>)
Size of covariance_matrix: torch.Size([1, 7, 7])
Size of covariance_matrix_prime: torch.Size([1, 7, 7])
cosineSimilarity tensor([[1.0000, 1.0000, 1.0000, 1.0000, 1.0000, 1.0000, 1.0000]],
       grad_fn=<SumBackward1>)
Size of covariance_matrix: torch.Size([1, 7, 7])
Size of covariance_matrix_prime: torch.Size([1, 7, 7])
cosineSimilarity tensor([[1.0000, 1.0000, 1.0000, 1.0000, 1.0000, 1.0000, 1.0000]],
       grad_fn=<SumBackward1>)
Size of covariance_matrix: torch.Size([1, 7, 7])
Size of covariance_matrix_prime: torch.Size([1, 7, 7])
cosineSimilarity tensor([[1.0000, 1.0000, 1.0000, 1.0000, 0.9999, 1.0000, 1.0000]],
       grad_fn=<SumBackward1>)
Size of covariance_matrix: torch.Size([1, 7, 7])
Size of covariance_matrix_prime: torch.Size([1, 7, 7])
cosineSimilarity tensor([[1.0000, 0.9999, 1.0000, 1.0000, 0.9999, 1.0000, 0.9999]],
       grad_fn=<SumBackward1>)
Size of covariance_matrix: torch.Size([1, 7, 7])
Size of covariance_matrix_prime: torch.Size([1, 7, 7])
cosineSimilarity tensor([[1.0000, 1.0000, 1.0000, 1.0000, 1.0000, 1.0000, 1.0000]],
       grad_fn=<SumBackward1>)
Size of covariance_matrix: torch.Size([1, 7, 7])
Size of covariance_matrix_prime: torch.Size([1, 7, 7])
cosineSimilarity tensor([[1.0000, 1.0000, 1.0000, 1.0000, 1.0000, 1.0000, 0.9999]],
       grad_fn=<SumBackward1>)
Size of covariance_matrix: torch.Size([1, 7, 7])
Size of covariance_matrix_prime: torch.Size([1, 7, 7])
cosineSimilarity tensor([[1.0000, 1.0000, 1.0000, 1.0000, 0.9998, 1.0000, 1.0000]],
       grad_fn=<SumBackward1>)
Size of covariance_matrix: torch.Size([1, 7, 7])
Size of covariance_matrix_prime: torch.Size([1, 7, 7])
cosineSimilarity tensor([[1.0000, 1.0000, 1.0000, 1.0000, 1.0000, 1.0000, 1.0000]],
       grad_fn=<SumBackward1>)
Size of covariance_matrix: torch.Size([1, 7, 7])
Size of covariance_matrix_prime: torch.Size([1, 7, 7])
cosineSimilarity tensor([[1.0000, 1.0000, 0.9999, 1.0000, 0.9997, 1.0000, 1.0000]],
       grad_fn=<SumBackward1>)
Size of covariance_matrix: torch.Size([1, 7, 7])
Size of covariance_matrix_prime: torch.Size([1, 7, 7])
cosineSimilarity tensor([[1.0000, 1.0000, 1.0000, 1.0000, 1.0000, 1.0000, 1.0000]],
       grad_fn=<SumBackward1>)
Size of covariance_matrix: torch.Size([1, 7, 7])
Size of covariance_matrix_prime: torch.Size([1, 7, 7])
cosineSimilarity tensor([[1.0000, 1.0000, 1.0000, 1.0000, 0.9999, 1.0000, 1.0000]],
       grad_fn=<SumBackward1>)
Size of covariance_matrix: torch.Size([1, 7, 7])
Size of covariance_matrix_prime: torch.Size([1, 7, 7])
cosineSimilarity tensor([[1.0000, 1.0000, 1.0000, 1.0000, 1.0000, 1.0000, 1.0000]],
       grad_fn=<SumBackward1>)
Size of covariance_matrix: torch.Size([1, 7, 7])
Size of covariance_matrix_prime: torch.Size([1, 7, 7])
cosineSimilarity tensor([[1.0000, 1.0000, 0.9999, 1.0000, 0.9999, 1.0000, 0.9999]],
       grad_fn=<SumBackward1>)
Size of covariance_matrix: torch.Size([1, 7, 7])
Size of covariance_matrix_prime: torch.Size([1, 7, 7])
cosineSimilarity tensor([[1.0000, 1.0000, 1.0000, 1.0000, 0.9999, 1.0000, 1.0000]],
       grad_fn=<SumBackward1>)
Size of covariance_matrix: torch.Size([1, 7, 7])
Size of covariance_matrix_prime: torch.Size([1, 7, 7])
cosineSimilarity tensor([[1.0000, 1.0000, 1.0000, 0.9999, 0.9999, 1.0000, 0.9999]],
       grad_fn=<SumBackward1>)
Size of covariance_matrix: torch.Size([1, 7, 7])
Size of covariance_matrix_prime: torch.Size([1, 7, 7])
cosineSimilarity tensor([[1.0000, 1.0000, 1.0000, 1.0000, 1.0000, 1.0000, 1.0000]],
       grad_fn=<SumBackward1>)
Size of covariance_matrix: torch.Size([1, 7, 7])
Size of covariance_matrix_prime: torch.Size([1, 7, 7])
cosineSimilarity tensor([[1.0000, 1.0000, 0.9999, 1.0000, 0.9999, 1.0000, 1.0000]],
       grad_fn=<SumBackward1>)
Size of covariance_matrix: torch.Size([1, 7, 7])
Size of covariance_matrix_prime: torch.Size([1, 7, 7])
cosineSimilarity tensor([[1.0000, 1.0000, 0.9999, 1.0000, 1.0000, 1.0000, 1.0000]],
       grad_fn=<SumBackward1>)
Size of covariance_matrix: torch.Size([1, 7, 7])
Size of covariance_matrix_prime: torch.Size([1, 7, 7])
cosineSimilarity tensor([[1.0000, 1.0000, 1.0000, 1.0000, 0.9999, 1.0000, 1.0000]],
       grad_fn=<SumBackward1>)
Size of covariance_matrix: torch.Size([1, 7, 7])
Size of covariance_matrix_prime: torch.Size([1, 7, 7])
cosineSimilarity tensor([[1.0000, 1.0000, 1.0000, 1.0000, 1.0000, 1.0000, 1.0000]],
       grad_fn=<SumBackward1>)
Size of covariance_matrix: torch.Size([1, 7, 7])
Size of covariance_matrix_prime: torch.Size([1, 7, 7])
cosineSimilarity tensor([[1.0000, 1.0000, 0.9999, 1.0000, 0.9998, 1.0000, 1.0000]],
       grad_fn=<SumBackward1>)
Size of covariance_matrix: torch.Size([1, 7, 7])
Size of covariance_matrix_prime: torch.Size([1, 7, 7])
cosineSimilarity tensor([[0.9998, 0.9999, 0.9997, 1.0000, 0.9998, 0.9998, 1.0000]],
       grad_fn=<SumBackward1>)
Size of covariance_matrix: torch.Size([1, 7, 7])
Size of covariance_matrix_prime: torch.Size([1, 7, 7])
cosineSimilarity tensor([[1.0000, 1.0000, 1.0000, 1.0000, 1.0000, 1.0000, 1.0000]],
       grad_fn=<SumBackward1>)
Size of covariance_matrix: torch.Size([1, 7, 7])
Size of covariance_matrix_prime: torch.Size([1, 7, 7])
cosineSimilarity tensor([[1.0000, 1.0000, 1.0000, 1.0000, 1.0000, 1.0000, 1.0000]],
       grad_fn=<SumBackward1>)
Size of covariance_matrix: torch.Size([1, 7, 7])
Size of covariance_matrix_prime: torch.Size([1, 7, 7])
cosineSimilarity tensor([[0.9999, 0.9999, 0.9998, 0.9999, 0.9996, 1.0000, 0.9999]],
       grad_fn=<SumBackward1>)
Size of covariance_matrix: torch.Size([1, 7, 7])
Size of covariance_matrix_prime: torch.Size([1, 7, 7])
cosineSimilarity tensor([[1.0000, 1.0000, 1.0000, 1.0000, 1.0000, 1.0000, 1.0000]],
       grad_fn=<SumBackward1>)
Size of covariance_matrix: torch.Size([1, 7, 7])
Size of covariance_matrix_prime: torch.Size([1, 7, 7])
cosineSimilarity tensor([[1.0000, 1.0000, 1.0000, 1.0000, 0.9999, 1.0000, 1.0000]],
       grad_fn=<SumBackward1>)
Size of covariance_matrix: torch.Size([1, 7, 7])
Size of covariance_matrix_prime: torch.Size([1, 7, 7])
cosineSimilarity tensor([[0.9999, 1.0000, 0.9999, 1.0000, 0.9999, 0.9999, 0.9999]],
       grad_fn=<SumBackward1>)
Size of covariance_matrix: torch.Size([1, 7, 7])
Size of covariance_matrix_prime: torch.Size([1, 7, 7])
cosineSimilarity tensor([[1.0000, 0.9998, 0.9999, 0.9999, 0.9999, 1.0000, 0.9999]],
       grad_fn=<SumBackward1>)
Size of covariance_matrix: torch.Size([1, 7, 7])
Size of covariance_matrix_prime: torch.Size([1, 7, 7])
cosineSimilarity tensor([[1.0000, 1.0000, 1.0000, 1.0000, 1.0000, 1.0000, 1.0000]],
       grad_fn=<SumBackward1>)
Size of covariance_matrix: torch.Size([1, 7, 7])
Size of covariance_matrix_prime: torch.Size([1, 7, 7])
cosineSimilarity tensor([[0.9999, 0.9999, 0.9998, 0.9998, 0.9989, 0.9999, 0.9998]],
       grad_fn=<SumBackward1>)
Size of covariance_matrix: torch.Size([1, 7, 7])
Size of covariance_matrix_prime: torch.Size([1, 7, 7])
cosineSimilarity tensor([[1.0000, 1.0000, 0.9999, 0.9999, 0.9999, 1.0000, 1.0000]],
       grad_fn=<SumBackward1>)
Size of covariance_matrix: torch.Size([1, 7, 7])
Size of covariance_matrix_prime: torch.Size([1, 7, 7])
cosineSimilarity tensor([[1.0000, 1.0000, 1.0000, 1.0000, 1.0000, 1.0000, 1.0000]],
       grad_fn=<SumBackward1>)
Size of covariance_matrix: torch.Size([1, 7, 7])
Size of covariance_matrix_prime: torch.Size([1, 7, 7])
cosineSimilarity tensor([[1.0000, 1.0000, 0.9999, 1.0000, 0.9999, 1.0000, 1.0000]],
       grad_fn=<SumBackward1>)
Size of covariance_matrix: torch.Size([1, 7, 7])
Size of covariance_matrix_prime: torch.Size([1, 7, 7])
cosineSimilarity tensor([[1.0000, 1.0000, 1.0000, 1.0000, 1.0000, 1.0000, 0.9999]],
       grad_fn=<SumBackward1>)
Size of covariance_matrix: torch.Size([1, 7, 7])
Size of covariance_matrix_prime: torch.Size([1, 7, 7])
cosineSimilarity tensor([[1.0000, 1.0000, 1.0000, 1.0000, 1.0000, 1.0000, 1.0000]],
       grad_fn=<SumBackward1>)
Size of covariance_matrix: torch.Size([1, 7, 7])
Size of covariance_matrix_prime: torch.Size([1, 7, 7])
cosineSimilarity tensor([[1.0000, 1.0000, 1.0000, 1.0000, 1.0000, 1.0000, 1.0000]],
       grad_fn=<SumBackward1>)
Size of covariance_matrix: torch.Size([1, 7, 7])
Size of covariance_matrix_prime: torch.Size([1, 7, 7])
cosineSimilarity tensor([[1.0000, 1.0000, 1.0000, 1.0000, 0.9999, 1.0000, 0.9999]],
       grad_fn=<SumBackward1>)
Size of covariance_matrix: torch.Size([1, 7, 7])
Size of covariance_matrix_prime: torch.Size([1, 7, 7])
cosineSimilarity tensor([[1.0000, 1.0000, 1.0000, 1.0000, 1.0000, 1.0000, 1.0000]],
       grad_fn=<SumBackward1>)
Size of covariance_matrix: torch.Size([1, 7, 7])
Size of covariance_matrix_prime: torch.Size([1, 7, 7])
cosineSimilarity tensor([[1.0000, 1.0000, 1.0000, 1.0000, 0.9999, 1.0000, 1.0000]],
       grad_fn=<SumBackward1>)
Size of covariance_matrix: torch.Size([1, 7, 7])
Size of covariance_matrix_prime: torch.Size([1, 7, 7])
cosineSimilarity tensor([[1.0000, 0.9999, 1.0000, 1.0000, 0.9999, 1.0000, 1.0000]],
       grad_fn=<SumBackward1>)
Size of covariance_matrix: torch.Size([1, 7, 7])
Size of covariance_matrix_prime: torch.Size([1, 7, 7])
cosineSimilarity tensor([[1.0000, 1.0000, 1.0000, 1.0000, 1.0000, 1.0000, 1.0000]],
       grad_fn=<SumBackward1>)
Size of covariance_matrix: torch.Size([1, 7, 7])
Size of covariance_matrix_prime: torch.Size([1, 7, 7])
cosineSimilarity tensor([[1.0000, 0.9999, 1.0000, 1.0000, 0.9999, 1.0000, 1.0000]],
       grad_fn=<SumBackward1>)
Size of covariance_matrix: torch.Size([1, 7, 7])
Size of covariance_matrix_prime: torch.Size([1, 7, 7])
cosineSimilarity tensor([[1.0000, 1.0000, 1.0000, 1.0000, 0.9999, 1.0000, 1.0000]],
       grad_fn=<SumBackward1>)
Size of covariance_matrix: torch.Size([1, 7, 7])
Size of covariance_matrix_prime: torch.Size([1, 7, 7])
cosineSimilarity tensor([[0.9999, 1.0000, 1.0000, 1.0000, 1.0000, 1.0000, 0.9999]],
       grad_fn=<SumBackward1>)
Size of covariance_matrix: torch.Size([1, 7, 7])
Size of covariance_matrix_prime: torch.Size([1, 7, 7])
cosineSimilarity tensor([[1.0000, 1.0000, 1.0000, 1.0000, 1.0000, 1.0000, 1.0000]],
       grad_fn=<SumBackward1>)
Size of covariance_matrix: torch.Size([1, 7, 7])
Size of covariance_matrix_prime: torch.Size([1, 7, 7])
cosineSimilarity tensor([[1.0000, 1.0000, 1.0000, 1.0000, 1.0000, 1.0000, 1.0000]],
       grad_fn=<SumBackward1>)
Size of covariance_matrix: torch.Size([1, 7, 7])
Size of covariance_matrix_prime: torch.Size([1, 7, 7])
cosineSimilarity tensor([[1.0000, 1.0000, 1.0000, 1.0000, 1.0000, 1.0000, 1.0000]],
       grad_fn=<SumBackward1>)
Size of covariance_matrix: torch.Size([1, 7, 7])
Size of covariance_matrix_prime: torch.Size([1, 7, 7])
cosineSimilarity tensor([[1.0000, 1.0000, 1.0000, 1.0000, 0.9999, 1.0000, 0.9999]],
       grad_fn=<SumBackward1>)
Size of covariance_matrix: torch.Size([1, 7, 7])
Size of covariance_matrix_prime: torch.Size([1, 7, 7])
cosineSimilarity tensor([[1.0000, 0.9999, 1.0000, 1.0000, 1.0000, 1.0000, 1.0000]],
       grad_fn=<SumBackward1>)
Size of covariance_matrix: torch.Size([1, 7, 7])
Size of covariance_matrix_prime: torch.Size([1, 7, 7])
cosineSimilarity tensor([[0.9999, 1.0000, 1.0000, 1.0000, 0.9999, 1.0000, 1.0000]],
       grad_fn=<SumBackward1>)
Size of covariance_matrix: torch.Size([1, 7, 7])
Size of covariance_matrix_prime: torch.Size([1, 7, 7])
cosineSimilarity tensor([[1.0000, 1.0000, 1.0000, 1.0000, 1.0000, 1.0000, 1.0000]],
       grad_fn=<SumBackward1>)
Size of covariance_matrix: torch.Size([1, 7, 7])
Size of covariance_matrix_prime: torch.Size([1, 7, 7])
cosineSimilarity tensor([[1.0000, 0.9999, 1.0000, 1.0000, 1.0000, 1.0000, 1.0000]],
       grad_fn=<SumBackward1>)
Size of covariance_matrix: torch.Size([1, 7, 7])
Size of covariance_matrix_prime: torch.Size([1, 7, 7])
cosineSimilarity tensor([[1.0000, 1.0000, 1.0000, 1.0000, 1.0000, 1.0000, 1.0000]],
       grad_fn=<SumBackward1>)
Size of covariance_matrix: torch.Size([1, 7, 7])
Size of covariance_matrix_prime: torch.Size([1, 7, 7])
cosineSimilarity tensor([[0.9999, 1.0000, 0.9999, 1.0000, 0.9999, 1.0000, 1.0000]],
       grad_fn=<SumBackward1>)
Size of covariance_matrix: torch.Size([1, 7, 7])
Size of covariance_matrix_prime: torch.Size([1, 7, 7])
cosineSimilarity tensor([[1.0000, 0.9999, 0.9999, 0.9999, 0.9998, 1.0000, 0.9999]],
       grad_fn=<SumBackward1>)
Size of covariance_matrix: torch.Size([1, 7, 7])
Size of covariance_matrix_prime: torch.Size([1, 7, 7])
cosineSimilarity tensor([[1.0000, 1.0000, 1.0000, 1.0000, 1.0000, 1.0000, 1.0000]],
       grad_fn=<SumBackward1>)
Size of covariance_matrix: torch.Size([1, 7, 7])
Size of covariance_matrix_prime: torch.Size([1, 7, 7])
cosineSimilarity tensor([[1.0000, 1.0000, 1.0000, 1.0000, 0.9999, 1.0000, 1.0000]],
       grad_fn=<SumBackward1>)
Size of covariance_matrix: torch.Size([1, 7, 7])
Size of covariance_matrix_prime: torch.Size([1, 7, 7])
cosineSimilarity tensor([[1.0000, 1.0000, 1.0000, 1.0000, 1.0000, 1.0000, 1.0000]],
       grad_fn=<SumBackward1>)
Size of covariance_matrix: torch.Size([1, 7, 7])
Size of covariance_matrix_prime: torch.Size([1, 7, 7])
cosineSimilarity tensor([[1.0000, 1.0000, 1.0000, 1.0000, 1.0000, 1.0000, 1.0000]],
       grad_fn=<SumBackward1>)
Size of covariance_matrix: torch.Size([1, 7, 7])
Size of covariance_matrix_prime: torch.Size([1, 7, 7])
cosineSimilarity tensor([[1.0000, 1.0000, 0.9999, 1.0000, 0.9999, 1.0000, 1.0000]],
       grad_fn=<SumBackward1>)
Size of covariance_matrix: torch.Size([1, 7, 7])
Size of covariance_matrix_prime: torch.Size([1, 7, 7])
cosineSimilarity tensor([[1.0000, 1.0000, 1.0000, 1.0000, 1.0000, 1.0000, 1.0000]],
       grad_fn=<SumBackward1>)
Size of covariance_matrix: torch.Size([1, 7, 7])
Size of covariance_matrix_prime: torch.Size([1, 7, 7])
cosineSimilarity tensor([[1.0000, 1.0000, 1.0000, 1.0000, 1.0000, 1.0000, 1.0000]],
       grad_fn=<SumBackward1>)
Size of covariance_matrix: torch.Size([1, 7, 7])
Size of covariance_matrix_prime: torch.Size([1, 7, 7])
cosineSimilarity tensor([[1.0000, 1.0000, 1.0000, 1.0000, 1.0000, 1.0000, 1.0000]],
       grad_fn=<SumBackward1>)
Size of covariance_matrix: torch.Size([1, 7, 7])
Size of covariance_matrix_prime: torch.Size([1, 7, 7])
cosineSimilarity tensor([[1.0000, 1.0000, 1.0000, 1.0000, 1.0000, 1.0000, 1.0000]],
       grad_fn=<SumBackward1>)
Size of covariance_matrix: torch.Size([1, 7, 7])
Size of covariance_matrix_prime: torch.Size([1, 7, 7])
cosineSimilarity tensor([[1.0000, 1.0000, 0.9999, 1.0000, 1.0000, 1.0000, 1.0000]],
       grad_fn=<SumBackward1>)
Size of covariance_matrix: torch.Size([1, 7, 7])
Size of covariance_matrix_prime: torch.Size([1, 7, 7])
cosineSimilarity tensor([[1.0000, 1.0000, 0.9999, 1.0000, 0.9997, 1.0000, 1.0000]],
       grad_fn=<SumBackward1>)
Size of covariance_matrix: torch.Size([1, 7, 7])
Size of covariance_matrix_prime: torch.Size([1, 7, 7])
cosineSimilarity tensor([[1.0000, 1.0000, 1.0000, 1.0000, 1.0000, 1.0000, 1.0000]],
       grad_fn=<SumBackward1>)
Size of covariance_matrix: torch.Size([1, 7, 7])
Size of covariance_matrix_prime: torch.Size([1, 7, 7])
cosineSimilarity tensor([[1.0000, 1.0000, 1.0000, 1.0000, 1.0000, 1.0000, 1.0000]],
       grad_fn=<SumBackward1>)
Size of covariance_matrix: torch.Size([1, 7, 7])
Size of covariance_matrix_prime: torch.Size([1, 7, 7])
cosineSimilarity tensor([[1.0000, 1.0000, 1.0000, 1.0000, 0.9999, 1.0000, 1.0000]],
       grad_fn=<SumBackward1>)
Size of covariance_matrix: torch.Size([1, 7, 7])
Size of covariance_matrix_prime: torch.Size([1, 7, 7])
cosineSimilarity tensor([[1.0000, 0.9999, 1.0000, 1.0000, 1.0000, 1.0000, 1.0000]],
       grad_fn=<SumBackward1>)
Size of covariance_matrix: torch.Size([1, 7, 7])
Size of covariance_matrix_prime: torch.Size([1, 7, 7])
cosineSimilarity tensor([[1.0000, 1.0000, 0.9998, 1.0000, 0.9999, 1.0000, 1.0000]],
       grad_fn=<SumBackward1>)
Size of covariance_matrix: torch.Size([1, 7, 7])
Size of covariance_matrix_prime: torch.Size([1, 7, 7])
cosineSimilarity tensor([[1.0000, 1.0000, 1.0000, 1.0000, 1.0000, 1.0000, 1.0000]],
       grad_fn=<SumBackward1>)
Size of covariance_matrix: torch.Size([1, 7, 7])
Size of covariance_matrix_prime: torch.Size([1, 7, 7])
cosineSimilarity tensor([[1.0000, 1.0000, 1.0000, 1.0000, 1.0000, 1.0000, 1.0000]],
       grad_fn=<SumBackward1>)
Size of covariance_matrix: torch.Size([1, 7, 7])
Size of covariance_matrix_prime: torch.Size([1, 7, 7])
cosineSimilarity tensor([[0.9999, 0.9999, 0.9999, 1.0000, 0.9999, 1.0000, 0.9999]],
       grad_fn=<SumBackward1>)
Size of covariance_matrix: torch.Size([1, 7, 7])
Size of covariance_matrix_prime: torch.Size([1, 7, 7])
cosineSimilarity tensor([[0.9999, 0.9998, 1.0000, 0.9999, 0.9998, 1.0000, 0.9997]],
       grad_fn=<SumBackward1>)
Size of covariance_matrix: torch.Size([1, 7, 7])
Size of covariance_matrix_prime: torch.Size([1, 7, 7])
cosineSimilarity tensor([[0.9999, 1.0000, 0.9997, 0.9998, 0.9986, 1.0000, 0.9999]],
       grad_fn=<SumBackward1>)
Size of covariance_matrix: torch.Size([1, 7, 7])
Size of covariance_matrix_prime: torch.Size([1, 7, 7])
cosineSimilarity tensor([[0.9999, 0.9999, 1.0000, 0.9999, 0.9999, 0.9999, 0.9999]],
       grad_fn=<SumBackward1>)
Size of covariance_matrix: torch.Size([1, 7, 7])
Size of covariance_matrix_prime: torch.Size([1, 7, 7])
cosineSimilarity tensor([[1.0000, 1.0000, 1.0000, 1.0000, 1.0000, 1.0000, 1.0000]],
       grad_fn=<SumBackward1>)
Size of covariance_matrix: torch.Size([1, 7, 7])
Size of covariance_matrix_prime: torch.Size([1, 7, 7])
cosineSimilarity tensor([[1.0000, 1.0000, 1.0000, 1.0000, 1.0000, 1.0000, 1.0000]],
       grad_fn=<SumBackward1>)
Size of covariance_matrix: torch.Size([1, 7, 7])
Size of covariance_matrix_prime: torch.Size([1, 7, 7])
cosineSimilarity tensor([[1.0000, 1.0000, 1.0000, 1.0000, 1.0000, 1.0000, 1.0000]],
       grad_fn=<SumBackward1>)
Size of covariance_matrix: torch.Size([1, 7, 7])
Size of covariance_matrix_prime: torch.Size([1, 7, 7])
cosineSimilarity tensor([[1.0000, 1.0000, 0.9997, 1.0000, 0.9999, 1.0000, 0.9999]],
       grad_fn=<SumBackward1>)
Size of covariance_matrix: torch.Size([1, 7, 7])
Size of covariance_matrix_prime: torch.Size([1, 7, 7])
cosineSimilarity tensor([[1.0000, 0.9999, 0.9996, 0.9999, 0.9999, 1.0000, 0.9999]],
       grad_fn=<SumBackward1>)
Size of covariance_matrix: torch.Size([1, 7, 7])
Size of covariance_matrix_prime: torch.Size([1, 7, 7])
cosineSimilarity tensor([[1.0000, 0.9999, 1.0000, 1.0000, 0.9999, 1.0000, 0.9999]],
       grad_fn=<SumBackward1>)
Size of covariance_matrix: torch.Size([1, 7, 7])
Size of covariance_matrix_prime: torch.Size([1, 7, 7])
cosineSimilarity tensor([[1.0000, 1.0000, 1.0000, 1.0000, 1.0000, 1.0000, 1.0000]],
       grad_fn=<SumBackward1>)
Size of covariance_matrix: torch.Size([1, 7, 7])
Size of covariance_matrix_prime: torch.Size([1, 7, 7])
cosineSimilarity tensor([[1.0000, 1.0000, 1.0000, 1.0000, 1.0000, 1.0000, 1.0000]],
       grad_fn=<SumBackward1>)
Size of covariance_matrix: torch.Size([1, 7, 7])
Size of covariance_matrix_prime: torch.Size([1, 7, 7])
cosineSimilarity tensor([[0.9999, 1.0000, 0.9999, 1.0000, 1.0000, 1.0000, 1.0000]],
       grad_fn=<SumBackward1>)
Size of covariance_matrix: torch.Size([1, 7, 7])
Size of covariance_matrix_prime: torch.Size([1, 7, 7])
cosineSimilarity tensor([[0.9999, 0.9999, 1.0000, 1.0000, 0.9999, 1.0000, 1.0000]],
       grad_fn=<SumBackward1>)
Size of covariance_matrix: torch.Size([1, 7, 7])
Size of covariance_matrix_prime: torch.Size([1, 7, 7])
cosineSimilarity tensor([[1.0000, 1.0000, 1.0000, 1.0000, 0.9998, 1.0000, 0.9999]],
       grad_fn=<SumBackward1>)
Size of covariance_matrix: torch.Size([1, 7, 7])
Size of covariance_matrix_prime: torch.Size([1, 7, 7])
cosineSimilarity tensor([[1.0000, 1.0000, 1.0000, 1.0000, 1.0000, 1.0000, 1.0000]],
       grad_fn=<SumBackward1>)
Size of covariance_matrix: torch.Size([1, 7, 7])
Size of covariance_matrix_prime: torch.Size([1, 7, 7])
cosineSimilarity tensor([[1.0000, 1.0000, 1.0000, 1.0000, 1.0000, 1.0000, 1.0000]],
       grad_fn=<SumBackward1>)
Size of covariance_matrix: torch.Size([1, 7, 7])
Size of covariance_matrix_prime: torch.Size([1, 7, 7])
cosineSimilarity tensor([[1.0000, 1.0000, 1.0000, 1.0000, 1.0000, 1.0000, 1.0000]],
       grad_fn=<SumBackward1>)
Size of covariance_matrix: torch.Size([1, 7, 7])
Size of covariance_matrix_prime: torch.Size([1, 7, 7])
cosineSimilarity tensor([[1.0000, 1.0000, 0.9999, 1.0000, 0.9999, 1.0000, 1.0000]],
       grad_fn=<SumBackward1>)
Size of covariance_matrix: torch.Size([1, 7, 7])
Size of covariance_matrix_prime: torch.Size([1, 7, 7])
cosineSimilarity tensor([[1.0000, 1.0000, 1.0000, 1.0000, 1.0000, 1.0000, 1.0000]],
       grad_fn=<SumBackward1>)
Size of covariance_matrix: torch.Size([1, 7, 7])
Size of covariance_matrix_prime: torch.Size([1, 7, 7])
cosineSimilarity tensor([[1.0000, 1.0000, 0.9999, 0.9999, 0.9998, 1.0000, 0.9999]],
       grad_fn=<SumBackward1>)
Size of covariance_matrix: torch.Size([1, 7, 7])
Size of covariance_matrix_prime: torch.Size([1, 7, 7])
cosineSimilarity tensor([[0.9998, 1.0000, 1.0000, 1.0000, 0.9999, 1.0000, 1.0000]],
       grad_fn=<SumBackward1>)
Size of covariance_matrix: torch.Size([1, 7, 7])
Size of covariance_matrix_prime: torch.Size([1, 7, 7])
cosineSimilarity tensor([[0.9999, 1.0000, 0.9999, 1.0000, 0.9996, 1.0000, 0.9999]],
       grad_fn=<SumBackward1>)
Size of covariance_matrix: torch.Size([1, 7, 7])
Size of covariance_matrix_prime: torch.Size([1, 7, 7])
cosineSimilarity tensor([[1.0000, 1.0000, 1.0000, 1.0000, 1.0000, 1.0000, 1.0000]],
       grad_fn=<SumBackward1>)
Size of covariance_matrix: torch.Size([1, 7, 7])
Size of covariance_matrix_prime: torch.Size([1, 7, 7])
cosineSimilarity tensor([[1.0000, 1.0000, 1.0000, 1.0000, 1.0000, 1.0000, 1.0000]],
       grad_fn=<SumBackward1>)
Size of covariance_matrix: torch.Size([1, 7, 7])
Size of covariance_matrix_prime: torch.Size([1, 7, 7])
cosineSimilarity tensor([[1.0000, 1.0000, 0.9999, 1.0000, 1.0000, 1.0000, 1.0000]],
       grad_fn=<SumBackward1>)
Size of covariance_matrix: torch.Size([1, 7, 7])
Size of covariance_matrix_prime: torch.Size([1, 7, 7])
cosineSimilarity tensor([[1.0000, 1.0000, 1.0000, 1.0000, 1.0000, 1.0000, 1.0000]],
       grad_fn=<SumBackward1>)
Size of covariance_matrix: torch.Size([1, 7, 7])
Size of covariance_matrix_prime: torch.Size([1, 7, 7])
cosineSimilarity tensor([[1.0000, 0.9998, 0.9999, 1.0000, 0.9999, 1.0000, 1.0000]],
       grad_fn=<SumBackward1>)
Size of covariance_matrix: torch.Size([1, 7, 7])
Size of covariance_matrix_prime: torch.Size([1, 7, 7])
cosineSimilarity tensor([[1.0000, 1.0000, 1.0000, 1.0000, 1.0000, 1.0000, 1.0000]],
       grad_fn=<SumBackward1>)
Size of covariance_matrix: torch.Size([1, 7, 7])
Size of covariance_matrix_prime: torch.Size([1, 7, 7])
cosineSimilarity tensor([[1.0000, 1.0000, 1.0000, 1.0000, 1.0000, 1.0000, 1.0000]],
       grad_fn=<SumBackward1>)
Size of covariance_matrix: torch.Size([1, 7, 7])
Size of covariance_matrix_prime: torch.Size([1, 7, 7])
cosineSimilarity tensor([[1.0000, 1.0000, 1.0000, 1.0000, 1.0000, 1.0000, 1.0000]],
       grad_fn=<SumBackward1>)
Size of covariance_matrix: torch.Size([1, 7, 7])
Size of covariance_matrix_prime: torch.Size([1, 7, 7])
cosineSimilarity tensor([[1.0000, 1.0000, 1.0000, 1.0000, 1.0000, 1.0000, 1.0000]],
       grad_fn=<SumBackward1>)
Size of covariance_matrix: torch.Size([1, 7, 7])
Size of covariance_matrix_prime: torch.Size([1, 7, 7])
cosineSimilarity tensor([[1.0000, 1.0000, 0.9998, 1.0000, 0.9998, 1.0000, 1.0000]],
       grad_fn=<SumBackward1>)
Size of covariance_matrix: torch.Size([1, 7, 7])
Size of covariance_matrix_prime: torch.Size([1, 7, 7])
cosineSimilarity tensor([[1.0000, 1.0000, 1.0000, 1.0000, 0.9995, 1.0000, 0.9998]],
       grad_fn=<SumBackward1>)
Size of covariance_matrix: torch.Size([1, 7, 7])
Size of covariance_matrix_prime: torch.Size([1, 7, 7])
cosineSimilarity tensor([[0.9999, 1.0000, 0.9999, 1.0000, 0.9999, 0.9999, 0.9998]],
       grad_fn=<SumBackward1>)
Size of covariance_matrix: torch.Size([1, 7, 7])
Size of covariance_matrix_prime: torch.Size([1, 7, 7])
cosineSimilarity tensor([[1.0000, 1.0000, 1.0000, 1.0000, 1.0000, 1.0000, 0.9999]],
       grad_fn=<SumBackward1>)
Size of covariance_matrix: torch.Size([1, 7, 7])
Size of covariance_matrix_prime: torch.Size([1, 7, 7])
cosineSimilarity tensor([[1.0000, 1.0000, 1.0000, 1.0000, 1.0000, 1.0000, 1.0000]],
       grad_fn=<SumBackward1>)
Size of covariance_matrix: torch.Size([1, 7, 7])
Size of covariance_matrix_prime: torch.Size([1, 7, 7])
cosineSimilarity tensor([[1.0000, 1.0000, 1.0000, 1.0000, 1.0000, 1.0000, 1.0000]],
       grad_fn=<SumBackward1>)
Size of covariance_matrix: torch.Size([1, 7, 7])
Size of covariance_matrix_prime: torch.Size([1, 7, 7])
cosineSimilarity tensor([[1.0000, 0.9999, 0.9999, 1.0000, 1.0000, 1.0000, 1.0000]],
       grad_fn=<SumBackward1>)
Size of covariance_matrix: torch.Size([1, 7, 7])
Size of covariance_matrix_prime: torch.Size([1, 7, 7])
cosineSimilarity tensor([[1.0000, 1.0000, 0.9999, 1.0000, 0.9999, 1.0000, 1.0000]],
       grad_fn=<SumBackward1>)
Size of covariance_matrix: torch.Size([1, 7, 7])
Size of covariance_matrix_prime: torch.Size([1, 7, 7])
cosineSimilarity tensor([[0.9999, 0.9999, 0.9999, 1.0000, 0.9997, 0.9999, 1.0000]],
       grad_fn=<SumBackward1>)
Size of covariance_matrix: torch.Size([1, 7, 7])
Size of covariance_matrix_prime: torch.Size([1, 7, 7])
cosineSimilarity tensor([[1.0000, 1.0000, 1.0000, 1.0000, 1.0000, 1.0000, 1.0000]],
       grad_fn=<SumBackward1>)
Size of covariance_matrix: torch.Size([1, 7, 7])
Size of covariance_matrix_prime: torch.Size([1, 7, 7])
cosineSimilarity tensor([[1.0000, 1.0000, 1.0000, 1.0000, 1.0000, 1.0000, 1.0000]],
       grad_fn=<SumBackward1>)
Size of covariance_matrix: torch.Size([1, 7, 7])
Size of covariance_matrix_prime: torch.Size([1, 7, 7])
cosineSimilarity tensor([[1.0000, 0.9999, 0.9998, 0.9999, 0.9999, 1.0000, 0.9999]],
       grad_fn=<SumBackward1>)
Size of covariance_matrix: torch.Size([1, 7, 7])
Size of covariance_matrix_prime: torch.Size([1, 7, 7])
cosineSimilarity tensor([[1.0000, 0.9999, 1.0000, 1.0000, 1.0000, 1.0000, 0.9999]],
       grad_fn=<SumBackward1>)
Size of covariance_matrix: torch.Size([1, 7, 7])
Size of covariance_matrix_prime: torch.Size([1, 7, 7])
cosineSimilarity tensor([[0.9999, 1.0000, 1.0000, 0.9999, 0.9998, 1.0000, 1.0000]],
       grad_fn=<SumBackward1>)
Size of covariance_matrix: torch.Size([1, 7, 7])
Size of covariance_matrix_prime: torch.Size([1, 7, 7])
cosineSimilarity tensor([[1.0000, 1.0000, 1.0000, 1.0000, 1.0000, 1.0000, 0.9999]],
       grad_fn=<SumBackward1>)
Size of covariance_matrix: torch.Size([1, 7, 7])
Size of covariance_matrix_prime: torch.Size([1, 7, 7])
cosineSimilarity tensor([[1.0000, 1.0000, 1.0000, 1.0000, 0.9999, 1.0000, 1.0000]],
       grad_fn=<SumBackward1>)
Size of covariance_matrix: torch.Size([1, 7, 7])
Size of covariance_matrix_prime: torch.Size([1, 7, 7])
cosineSimilarity tensor([[1.0000, 0.9999, 0.9999, 1.0000, 0.9991, 1.0000, 1.0000]],
       grad_fn=<SumBackward1>)
Size of covariance_matrix: torch.Size([1, 7, 7])
Size of covariance_matrix_prime: torch.Size([1, 7, 7])
cosineSimilarity tensor([[0.9999, 0.9999, 0.9994, 0.9999, 0.9996, 0.9999, 0.9998]],
       grad_fn=<SumBackward1>)
Size of covariance_matrix: torch.Size([1, 7, 7])
Size of covariance_matrix_prime: torch.Size([1, 7, 7])
cosineSimilarity tensor([[1.0000, 1.0000, 1.0000, 1.0000, 1.0000, 1.0000, 1.0000]],
       grad_fn=<SumBackward1>)
Size of covariance_matrix: torch.Size([1, 7, 7])
Size of covariance_matrix_prime: torch.Size([1, 7, 7])
cosineSimilarity tensor([[1.0000, 1.0000, 1.0000, 1.0000, 1.0000, 1.0000, 1.0000]],
       grad_fn=<SumBackward1>)
Size of covariance_matrix: torch.Size([1, 7, 7])
Size of covariance_matrix_prime: torch.Size([1, 7, 7])
cosineSimilarity tensor([[1.0000, 1.0000, 1.0000, 1.0000, 1.0000, 1.0000, 1.0000]],
       grad_fn=<SumBackward1>)
Size of covariance_matrix: torch.Size([1, 7, 7])
Size of covariance_matrix_prime: torch.Size([1, 7, 7])
cosineSimilarity tensor([[1.0000, 0.9999, 1.0000, 1.0000, 0.9999, 1.0000, 0.9998]],
       grad_fn=<SumBackward1>)
Size of covariance_matrix: torch.Size([1, 7, 7])
Size of covariance_matrix_prime: torch.Size([1, 7, 7])
cosineSimilarity tensor([[1.0000, 0.9999, 0.9999, 1.0000, 0.9996, 1.0000, 0.9999]],
       grad_fn=<SumBackward1>)
Size of covariance_matrix: torch.Size([1, 7, 7])
Size of covariance_matrix_prime: torch.Size([1, 7, 7])
cosineSimilarity tensor([[0.9998, 1.0000, 0.9999, 0.9999, 0.9999, 1.0000, 0.9999]],
       grad_fn=<SumBackward1>)
Size of covariance_matrix: torch.Size([1, 7, 7])
Size of covariance_matrix_prime: torch.Size([1, 7, 7])
cosineSimilarity tensor([[1.0000, 1.0000, 1.0000, 1.0000, 1.0000, 1.0000, 0.9999]],
       grad_fn=<SumBackward1>)
Size of covariance_matrix: torch.Size([1, 7, 7])
Size of covariance_matrix_prime: torch.Size([1, 7, 7])
cosineSimilarity tensor([[0.9999, 0.9999, 1.0000, 0.9999, 1.0000, 0.9999, 0.9998]],
       grad_fn=<SumBackward1>)
Size of covariance_matrix: torch.Size([1, 7, 7])
Size of covariance_matrix_prime: torch.Size([1, 7, 7])
cosineSimilarity tensor([[1.0000, 1.0000, 1.0000, 1.0000, 1.0000, 1.0000, 1.0000]],
       grad_fn=<SumBackward1>)
Size of covariance_matrix: torch.Size([1, 7, 7])
Size of covariance_matrix_prime: torch.Size([1, 7, 7])
cosineSimilarity tensor([[1.0000, 1.0000, 1.0000, 1.0000, 1.0000, 1.0000, 1.0000]],
       grad_fn=<SumBackward1>)
Size of covariance_matrix: torch.Size([1, 7, 7])
Size of covariance_matrix_prime: torch.Size([1, 7, 7])
cosineSimilarity tensor([[1.0000, 1.0000, 1.0000, 1.0000, 1.0000, 1.0000, 1.0000]],
       grad_fn=<SumBackward1>)
Size of covariance_matrix: torch.Size([1, 7, 7])
Size of covariance_matrix_prime: torch.Size([1, 7, 7])
cosineSimilarity tensor([[1.0000, 1.0000, 1.0000, 1.0000, 1.0000, 1.0000, 1.0000]],
       grad_fn=<SumBackward1>)
Size of covariance_matrix: torch.Size([1, 7, 7])
Size of covariance_matrix_prime: torch.Size([1, 7, 7])
cosineSimilarity tensor([[1.0000, 1.0000, 1.0000, 1.0000, 1.0000, 1.0000, 1.0000]],
       grad_fn=<SumBackward1>)
Size of covariance_matrix: torch.Size([1, 7, 7])
Size of covariance_matrix_prime: torch.Size([1, 7, 7])
cosineSimilarity tensor([[1.0000, 1.0000, 1.0000, 1.0000, 1.0000, 1.0000, 1.0000]],
       grad_fn=<SumBackward1>)
Size of covariance_matrix: torch.Size([1, 7, 7])
Size of covariance_matrix_prime: torch.Size([1, 7, 7])
cosineSimilarity tensor([[1.0000, 1.0000, 1.0000, 1.0000, 0.9999, 1.0000, 0.9998]],
       grad_fn=<SumBackward1>)
Size of covariance_matrix: torch.Size([1, 7, 7])
Size of covariance_matrix_prime: torch.Size([1, 7, 7])
cosineSimilarity tensor([[0.9999, 0.9999, 0.9999, 0.9999, 1.0000, 1.0000, 0.9999]],
       grad_fn=<SumBackward1>)
Size of covariance_matrix: torch.Size([1, 7, 7])
Size of covariance_matrix_prime: torch.Size([1, 7, 7])
cosineSimilarity tensor([[0.9998, 1.0000, 0.9999, 0.9999, 0.9998, 0.9999, 0.9999]],
       grad_fn=<SumBackward1>)
Size of covariance_matrix: torch.Size([1, 7, 7])
Size of covariance_matrix_prime: torch.Size([1, 7, 7])
cosineSimilarity tensor([[1.0000, 1.0000, 1.0000, 1.0000, 1.0000, 1.0000, 1.0000]],
       grad_fn=<SumBackward1>)
Size of covariance_matrix: torch.Size([1, 7, 7])
Size of covariance_matrix_prime: torch.Size([1, 7, 7])
cosineSimilarity tensor([[1.0000, 1.0000, 0.9999, 1.0000, 0.9998, 0.9999, 0.9999]],
       grad_fn=<SumBackward1>)
Size of covariance_matrix: torch.Size([1, 7, 7])
Size of covariance_matrix_prime: torch.Size([1, 7, 7])
cosineSimilarity tensor([[1.0000, 1.0000, 1.0000, 1.0000, 1.0000, 1.0000, 0.9999]],
       grad_fn=<SumBackward1>)
Size of covariance_matrix: torch.Size([1, 7, 7])
Size of covariance_matrix_prime: torch.Size([1, 7, 7])
cosineSimilarity tensor([[1.0000, 1.0000, 1.0000, 1.0000, 1.0000, 1.0000, 0.9999]],
       grad_fn=<SumBackward1>)
Size of covariance_matrix: torch.Size([1, 7, 7])
Size of covariance_matrix_prime: torch.Size([1, 7, 7])
cosineSimilarity tensor([[1.0000, 1.0000, 1.0000, 0.9999, 0.9993, 0.9999, 0.9999]],
       grad_fn=<SumBackward1>)
Size of covariance_matrix: torch.Size([1, 7, 7])
Size of covariance_matrix_prime: torch.Size([1, 7, 7])
cosineSimilarity tensor([[1.0000, 0.9999, 0.9999, 0.9999, 1.0000, 1.0000, 0.9999]],
       grad_fn=<SumBackward1>)
Size of covariance_matrix: torch.Size([1, 7, 7])
Size of covariance_matrix_prime: torch.Size([1, 7, 7])
cosineSimilarity tensor([[1.0000, 0.9999, 1.0000, 0.9999, 1.0000, 1.0000, 1.0000]],
       grad_fn=<SumBackward1>)
Size of covariance_matrix: torch.Size([1, 7, 7])
Size of covariance_matrix_prime: torch.Size([1, 7, 7])
cosineSimilarity tensor([[1.0000, 1.0000, 1.0000, 1.0000, 0.9999, 1.0000, 1.0000]],
       grad_fn=<SumBackward1>)
Size of covariance_matrix: torch.Size([1, 7, 7])
Size of covariance_matrix_prime: torch.Size([1, 7, 7])
cosineSimilarity tensor([[1.0000, 0.9999, 0.9999, 1.0000, 1.0000, 1.0000, 1.0000]],
       grad_fn=<SumBackward1>)
Size of covariance_matrix: torch.Size([1, 7, 7])
Size of covariance_matrix_prime: torch.Size([1, 7, 7])
cosineSimilarity tensor([[1.0000, 1.0000, 1.0000, 1.0000, 1.0000, 1.0000, 1.0000]],
       grad_fn=<SumBackward1>)
Size of covariance_matrix: torch.Size([1, 7, 7])
Size of covariance_matrix_prime: torch.Size([1, 7, 7])
cosineSimilarity tensor([[1.0000, 1.0000, 0.9997, 0.9999, 0.9998, 1.0000, 1.0000]],
       grad_fn=<SumBackward1>)
Size of covariance_matrix: torch.Size([1, 7, 7])
Size of covariance_matrix_prime: torch.Size([1, 7, 7])
cosineSimilarity tensor([[1.0000, 1.0000, 1.0000, 1.0000, 0.9999, 1.0000, 1.0000]],
       grad_fn=<SumBackward1>)
Size of covariance_matrix: torch.Size([1, 7, 7])
Size of covariance_matrix_prime: torch.Size([1, 7, 7])
cosineSimilarity tensor([[1.0000, 0.9992, 0.9999, 1.0000, 0.9999, 0.9999, 0.9999]],
       grad_fn=<SumBackward1>)
Size of covariance_matrix: torch.Size([1, 7, 7])
Size of covariance_matrix_prime: torch.Size([1, 7, 7])
cosineSimilarity tensor([[1.0000, 1.0000, 0.9998, 1.0000, 0.9999, 1.0000, 1.0000]],
       grad_fn=<SumBackward1>)
Size of covariance_matrix: torch.Size([1, 7, 7])
Size of covariance_matrix_prime: torch.Size([1, 7, 7])
cosineSimilarity tensor([[1.0000, 1.0000, 1.0000, 1.0000, 1.0000, 1.0000, 1.0000]],
       grad_fn=<SumBackward1>)
Size of covariance_matrix: torch.Size([1, 7, 7])
Size of covariance_matrix_prime: torch.Size([1, 7, 7])
cosineSimilarity tensor([[1.0000, 1.0000, 1.0000, 0.9999, 0.9999, 1.0000, 1.0000]],
       grad_fn=<SumBackward1>)
Size of covariance_matrix: torch.Size([1, 7, 7])
Size of covariance_matrix_prime: torch.Size([1, 7, 7])
cosineSimilarity tensor([[1.0000, 1.0000, 1.0000, 1.0000, 1.0000, 1.0000, 1.0000]],
       grad_fn=<SumBackward1>)
Size of covariance_matrix: torch.Size([1, 7, 7])
Size of covariance_matrix_prime: torch.Size([1, 7, 7])
cosineSimilarity tensor([[1.0000, 1.0000, 1.0000, 1.0000, 1.0000, 1.0000, 1.0000]],
       grad_fn=<SumBackward1>)
Size of covariance_matrix: torch.Size([1, 7, 7])
Size of covariance_matrix_prime: torch.Size([1, 7, 7])
cosineSimilarity tensor([[1.0000, 0.9997, 0.9999, 1.0000, 0.9999, 1.0000, 1.0000]],
       grad_fn=<SumBackward1>)
Size of covariance_matrix: torch.Size([1, 7, 7])
Size of covariance_matrix_prime: torch.Size([1, 7, 7])
cosineSimilarity tensor([[1.0000, 1.0000, 1.0000, 1.0000, 1.0000, 1.0000, 1.0000]],
       grad_fn=<SumBackward1>)
Size of covariance_matrix: torch.Size([1, 7, 7])
Size of covariance_matrix_prime: torch.Size([1, 7, 7])
cosineSimilarity tensor([[1.0000, 1.0000, 1.0000, 1.0000, 1.0000, 1.0000, 1.0000]],
       grad_fn=<SumBackward1>)
Size of covariance_matrix: torch.Size([1, 7, 7])
Size of covariance_matrix_prime: torch.Size([1, 7, 7])
cosineSimilarity tensor([[1.0000, 1.0000, 1.0000, 1.0000, 1.0000, 1.0000, 1.0000]],
       grad_fn=<SumBackward1>)
Size of covariance_matrix: torch.Size([1, 7, 7])
Size of covariance_matrix_prime: torch.Size([1, 7, 7])
cosineSimilarity tensor([[1.0000, 1.0000, 0.9999, 0.9999, 0.9997, 1.0000, 1.0000]],
       grad_fn=<SumBackward1>)
Size of covariance_matrix: torch.Size([1, 7, 7])
Size of covariance_matrix_prime: torch.Size([1, 7, 7])
cosineSimilarity tensor([[0.9999, 0.9999, 1.0000, 0.9999, 0.9999, 1.0000, 0.9999]],
       grad_fn=<SumBackward1>)
Size of covariance_matrix: torch.Size([1, 7, 7])
Size of covariance_matrix_prime: torch.Size([1, 7, 7])
cosineSimilarity tensor([[1.0000, 1.0000, 1.0000, 1.0000, 0.9999, 1.0000, 1.0000]],
       grad_fn=<SumBackward1>)
Size of covariance_matrix: torch.Size([1, 7, 7])
Size of covariance_matrix_prime: torch.Size([1, 7, 7])
cosineSimilarity tensor([[1.0000, 1.0000, 1.0000, 1.0000, 1.0000, 1.0000, 1.0000]],
       grad_fn=<SumBackward1>)
Size of covariance_matrix: torch.Size([1, 7, 7])
Size of covariance_matrix_prime: torch.Size([1, 7, 7])
cosineSimilarity tensor([[0.9999, 1.0000, 1.0000, 1.0000, 0.9997, 1.0000, 0.9998]],
       grad_fn=<SumBackward1>)
Size of covariance_matrix: torch.Size([1, 7, 7])
Size of covariance_matrix_prime: torch.Size([1, 7, 7])
cosineSimilarity tensor([[0.9999, 0.9998, 0.9998, 0.9997, 0.9995, 0.9998, 0.9999]],
       grad_fn=<SumBackward1>)
Size of covariance_matrix: torch.Size([1, 7, 7])
Size of covariance_matrix_prime: torch.Size([1, 7, 7])
cosineSimilarity tensor([[1.0000, 1.0000, 1.0000, 1.0000, 1.0000, 1.0000, 1.0000]],
       grad_fn=<SumBackward1>)
Size of covariance_matrix: torch.Size([1, 7, 7])
Size of covariance_matrix_prime: torch.Size([1, 7, 7])
cosineSimilarity tensor([[0.9998, 0.9999, 0.9998, 0.9998, 0.9995, 0.9999, 0.9997]],
       grad_fn=<SumBackward1>)
Size of covariance_matrix: torch.Size([1, 7, 7])
Size of covariance_matrix_prime: torch.Size([1, 7, 7])
cosineSimilarity tensor([[1.0000, 1.0000, 0.9999, 1.0000, 0.9998, 1.0000, 0.9999]],
       grad_fn=<SumBackward1>)
Size of covariance_matrix: torch.Size([1, 7, 7])
Size of covariance_matrix_prime: torch.Size([1, 7, 7])
cosineSimilarity tensor([[1.0000, 1.0000, 1.0000, 1.0000, 1.0000, 1.0000, 1.0000]],
       grad_fn=<SumBackward1>)
Size of covariance_matrix: torch.Size([1, 7, 7])
Size of covariance_matrix_prime: torch.Size([1, 7, 7])
cosineSimilarity tensor([[0.9999, 0.9998, 0.9998, 0.9998, 0.9998, 0.9999, 0.9999]],
       grad_fn=<SumBackward1>)
Size of covariance_matrix: torch.Size([1, 7, 7])
Size of covariance_matrix_prime: torch.Size([1, 7, 7])
cosineSimilarity tensor([[1.0000, 0.9997, 0.9999, 1.0000, 0.9999, 1.0000, 0.9999]],
       grad_fn=<SumBackward1>)
Size of covariance_matrix: torch.Size([1, 7, 7])
Size of covariance_matrix_prime: torch.Size([1, 7, 7])
cosineSimilarity tensor([[1.0000, 1.0000, 1.0000, 1.0000, 1.0000, 1.0000, 1.0000]],
       grad_fn=<SumBackward1>)
Size of covariance_matrix: torch.Size([1, 7, 7])
Size of covariance_matrix_prime: torch.Size([1, 7, 7])
cosineSimilarity tensor([[1.0000, 1.0000, 1.0000, 1.0000, 0.9999, 1.0000, 1.0000]],
       grad_fn=<SumBackward1>)
Size of covariance_matrix: torch.Size([1, 7, 7])
Size of covariance_matrix_prime: torch.Size([1, 7, 7])
cosineSimilarity tensor([[1.0000, 0.9999, 0.9999, 1.0000, 0.9999, 1.0000, 0.9999]],
       grad_fn=<SumBackward1>)
Size of covariance_matrix: torch.Size([1, 7, 7])
Size of covariance_matrix_prime: torch.Size([1, 7, 7])
cosineSimilarity tensor([[1.0000, 1.0000, 0.9999, 1.0000, 1.0000, 1.0000, 1.0000]],
       grad_fn=<SumBackward1>)
Size of covariance_matrix: torch.Size([1, 7, 7])
Size of covariance_matrix_prime: torch.Size([1, 7, 7])
cosineSimilarity tensor([[1.0000, 0.9998, 0.9999, 1.0000, 0.9999, 1.0000, 1.0000]],
       grad_fn=<SumBackward1>)
Size of covariance_matrix: torch.Size([1, 7, 7])
Size of covariance_matrix_prime: torch.Size([1, 7, 7])
cosineSimilarity tensor([[1.0000, 1.0000, 1.0000, 1.0000, 1.0000, 1.0000, 1.0000]],
       grad_fn=<SumBackward1>)
Size of covariance_matrix: torch.Size([1, 7, 7])
Size of covariance_matrix_prime: torch.Size([1, 7, 7])
cosineSimilarity tensor([[0.9999, 1.0000, 0.9999, 1.0000, 1.0000, 1.0000, 1.0000]],
       grad_fn=<SumBackward1>)
Size of covariance_matrix: torch.Size([1, 7, 7])
Size of covariance_matrix_prime: torch.Size([1, 7, 7])
cosineSimilarity tensor([[1.0000, 0.9999, 0.9995, 0.9998, 0.9999, 0.9998, 0.9999]],
       grad_fn=<SumBackward1>)
Size of covariance_matrix: torch.Size([1, 7, 7])
Size of covariance_matrix_prime: torch.Size([1, 7, 7])
cosineSimilarity tensor([[0.9999, 0.9999, 0.9999, 1.0000, 0.9995, 0.9999, 0.9998]],
       grad_fn=<SumBackward1>)
Size of covariance_matrix: torch.Size([1, 7, 7])
Size of covariance_matrix_prime: torch.Size([1, 7, 7])
cosineSimilarity tensor([[1.0000, 1.0000, 1.0000, 1.0000, 1.0000, 1.0000, 1.0000]],
       grad_fn=<SumBackward1>)
Size of covariance_matrix: torch.Size([1, 7, 7])
Size of covariance_matrix_prime: torch.Size([1, 7, 7])
cosineSimilarity tensor([[1.0000, 1.0000, 1.0000, 1.0000, 1.0000, 1.0000, 1.0000]],
       grad_fn=<SumBackward1>)
Size of covariance_matrix: torch.Size([1, 7, 7])
Size of covariance_matrix_prime: torch.Size([1, 7, 7])
cosineSimilarity tensor([[1.0000, 1.0000, 0.9999, 1.0000, 1.0000, 1.0000, 1.0000]],
       grad_fn=<SumBackward1>)
Size of covariance_matrix: torch.Size([1, 7, 7])
Size of covariance_matrix_prime: torch.Size([1, 7, 7])
cosineSimilarity tensor([[1.0000, 1.0000, 1.0000, 1.0000, 1.0000, 1.0000, 1.0000]],
       grad_fn=<SumBackward1>)
Size of covariance_matrix: torch.Size([1, 7, 7])
Size of covariance_matrix_prime: torch.Size([1, 7, 7])
cosineSimilarity tensor([[1.0000, 0.9999, 0.9997, 1.0000, 0.9998, 1.0000, 1.0000]],
       grad_fn=<SumBackward1>)
Size of covariance_matrix: torch.Size([1, 7, 7])
Size of covariance_matrix_prime: torch.Size([1, 7, 7])
cosineSimilarity tensor([[1.0000, 1.0000, 1.0000, 1.0000, 0.9999, 1.0000, 1.0000]],
       grad_fn=<SumBackward1>)
Size of covariance_matrix: torch.Size([1, 7, 7])
Size of covariance_matrix_prime: torch.Size([1, 7, 7])
cosineSimilarity tensor([[1.0000, 1.0000, 1.0000, 1.0000, 1.0000, 1.0000, 1.0000]],
       grad_fn=<SumBackward1>)
Size of covariance_matrix: torch.Size([1, 7, 7])
Size of covariance_matrix_prime: torch.Size([1, 7, 7])
cosineSimilarity tensor([[0.9999, 1.0000, 0.9996, 1.0000, 0.9996, 0.9999, 0.9999]],
       grad_fn=<SumBackward1>)
Size of covariance_matrix: torch.Size([1, 7, 7])
Size of covariance_matrix_prime: torch.Size([1, 7, 7])
cosineSimilarity tensor([[0.9999, 0.9996, 0.9996, 0.9998, 0.9999, 0.9999, 0.9997]],
       grad_fn=<SumBackward1>)
Size of covariance_matrix: torch.Size([1, 7, 7])
Size of covariance_matrix_prime: torch.Size([1, 7, 7])
cosineSimilarity tensor([[0.9999, 1.0000, 0.9999, 1.0000, 0.9999, 1.0000, 1.0000]],
       grad_fn=<SumBackward1>)
Size of covariance_matrix: torch.Size([1, 7, 7])
Size of covariance_matrix_prime: torch.Size([1, 7, 7])
cosineSimilarity tensor([[0.9999, 0.9999, 0.9996, 1.0000, 0.9994, 0.9999, 1.0000]],
       grad_fn=<SumBackward1>)
Size of covariance_matrix: torch.Size([1, 7, 7])
Size of covariance_matrix_prime: torch.Size([1, 7, 7])
cosineSimilarity tensor([[1.0000, 0.9999, 1.0000, 1.0000, 1.0000, 0.9999, 0.9998]],
       grad_fn=<SumBackward1>)
Size of covariance_matrix: torch.Size([1, 7, 7])
Size of covariance_matrix_prime: torch.Size([1, 7, 7])
cosineSimilarity tensor([[1.0000, 1.0000, 1.0000, 1.0000, 1.0000, 1.0000, 1.0000]],
       grad_fn=<SumBackward1>)
Size of covariance_matrix: torch.Size([1, 7, 7])
Size of covariance_matrix_prime: torch.Size([1, 7, 7])
cosineSimilarity tensor([[1.0000, 1.0000, 0.9999, 1.0000, 0.9999, 1.0000, 0.9999]],
       grad_fn=<SumBackward1>)
Size of covariance_matrix: torch.Size([1, 7, 7])
Size of covariance_matrix_prime: torch.Size([1, 7, 7])
cosineSimilarity tensor([[1.0000, 1.0000, 0.9999, 1.0000, 0.9999, 1.0000, 0.9999]],
       grad_fn=<SumBackward1>)
Size of covariance_matrix: torch.Size([1, 7, 7])
Size of covariance_matrix_prime: torch.Size([1, 7, 7])
cosineSimilarity tensor([[1.0000, 1.0000, 1.0000, 1.0000, 1.0000, 1.0000, 1.0000]],
       grad_fn=<SumBackward1>)
Size of covariance_matrix: torch.Size([1, 7, 7])
Size of covariance_matrix_prime: torch.Size([1, 7, 7])
cosineSimilarity tensor([[1.0000, 1.0000, 1.0000, 1.0000, 1.0000, 1.0000, 0.9999]],
       grad_fn=<SumBackward1>)
Size of covariance_matrix: torch.Size([1, 7, 7])
Size of covariance_matrix_prime: torch.Size([1, 7, 7])
cosineSimilarity tensor([[1.0000, 0.9997, 0.9999, 1.0000, 0.9999, 0.9999, 1.0000]],
       grad_fn=<SumBackward1>)
Size of covariance_matrix: torch.Size([1, 7, 7])
Size of covariance_matrix_prime: torch.Size([1, 7, 7])
cosineSimilarity tensor([[1.0000, 1.0000, 1.0000, 1.0000, 0.9999, 1.0000, 1.0000]],
       grad_fn=<SumBackward1>)
Size of covariance_matrix: torch.Size([1, 7, 7])
Size of covariance_matrix_prime: torch.Size([1, 7, 7])
cosineSimilarity tensor([[1.0000, 0.9999, 0.9998, 0.9999, 0.9999, 0.9999, 0.9999]],
       grad_fn=<SumBackward1>)
Size of covariance_matrix: torch.Size([1, 7, 7])
Size of covariance_matrix_prime: torch.Size([1, 7, 7])
cosineSimilarity tensor([[1.0000, 1.0000, 1.0000, 1.0000, 1.0000, 1.0000, 1.0000]],
       grad_fn=<SumBackward1>)
Size of covariance_matrix: torch.Size([1, 7, 7])
Size of covariance_matrix_prime: torch.Size([1, 7, 7])
cosineSimilarity tensor([[1.0000, 0.9999, 1.0000, 0.9999, 0.9999, 1.0000, 0.9998]],
       grad_fn=<SumBackward1>)
Size of covariance_matrix: torch.Size([1, 7, 7])
Size of covariance_matrix_prime: torch.Size([1, 7, 7])
cosineSimilarity tensor([[1.0000, 1.0000, 1.0000, 1.0000, 0.9999, 1.0000, 1.0000]],
       grad_fn=<SumBackward1>)
Size of covariance_matrix: torch.Size([1, 7, 7])
Size of covariance_matrix_prime: torch.Size([1, 7, 7])
cosineSimilarity tensor([[0.9999, 1.0000, 1.0000, 1.0000, 0.9999, 1.0000, 0.9996]],
       grad_fn=<SumBackward1>)
Size of covariance_matrix: torch.Size([1, 7, 7])
Size of covariance_matrix_prime: torch.Size([1, 7, 7])
cosineSimilarity tensor([[1.0000, 1.0000, 1.0000, 1.0000, 1.0000, 1.0000, 1.0000]],
       grad_fn=<SumBackward1>)
Size of covariance_matrix: torch.Size([1, 7, 7])
Size of covariance_matrix_prime: torch.Size([1, 7, 7])
cosineSimilarity tensor([[1.0000, 0.9999, 1.0000, 0.9999, 0.9999, 1.0000, 0.9999]],
       grad_fn=<SumBackward1>)
Size of covariance_matrix: torch.Size([1, 7, 7])
Size of covariance_matrix_prime: torch.Size([1, 7, 7])
cosineSimilarity tensor([[1.0000, 1.0000, 1.0000, 1.0000, 1.0000, 1.0000, 1.0000]],
       grad_fn=<SumBackward1>)
Size of covariance_matrix: torch.Size([1, 7, 7])
Size of covariance_matrix_prime: torch.Size([1, 7, 7])
cosineSimilarity tensor([[0.9999, 0.9999, 0.9999, 0.9999, 0.9999, 0.9999, 0.9998]],
       grad_fn=<SumBackward1>)
Size of covariance_matrix: torch.Size([1, 7, 7])
Size of covariance_matrix_prime: torch.Size([1, 7, 7])
cosineSimilarity tensor([[0.9999, 1.0000, 1.0000, 1.0000, 0.9999, 1.0000, 1.0000]],
       grad_fn=<SumBackward1>)
Size of covariance_matrix: torch.Size([1, 7, 7])
Size of covariance_matrix_prime: torch.Size([1, 7, 7])
cosineSimilarity tensor([[0.9999, 1.0000, 0.9999, 1.0000, 0.9999, 0.9999, 1.0000]],
       grad_fn=<SumBackward1>)
Size of covariance_matrix: torch.Size([1, 7, 7])
Size of covariance_matrix_prime: torch.Size([1, 7, 7])
cosineSimilarity tensor([[0.9999, 1.0000, 0.9999, 1.0000, 0.9997, 1.0000, 0.9999]],
       grad_fn=<SumBackward1>)
Size of covariance_matrix: torch.Size([1, 7, 7])
Size of covariance_matrix_prime: torch.Size([1, 7, 7])
cosineSimilarity tensor([[0.9998, 0.9999, 1.0000, 1.0000, 0.9999, 0.9999, 0.9999]],
       grad_fn=<SumBackward1>)
Size of covariance_matrix: torch.Size([1, 7, 7])
Size of covariance_matrix_prime: torch.Size([1, 7, 7])
cosineSimilarity tensor([[1.0000, 1.0000, 1.0000, 1.0000, 1.0000, 1.0000, 0.9999]],
       grad_fn=<SumBackward1>)
Size of covariance_matrix: torch.Size([1, 7, 7])
Size of covariance_matrix_prime: torch.Size([1, 7, 7])
cosineSimilarity tensor([[0.9998, 1.0000, 1.0000, 1.0000, 1.0000, 1.0000, 0.9999]],
       grad_fn=<SumBackward1>)
Size of covariance_matrix: torch.Size([1, 7, 7])
Size of covariance_matrix_prime: torch.Size([1, 7, 7])
cosineSimilarity tensor([[0.9998, 0.9999, 0.9999, 0.9999, 1.0000, 0.9999, 1.0000]],
       grad_fn=<SumBackward1>)
Size of covariance_matrix: torch.Size([1, 7, 7])
Size of covariance_matrix_prime: torch.Size([1, 7, 7])
cosineSimilarity tensor([[1.0000, 1.0000, 1.0000, 1.0000, 0.9998, 1.0000, 0.9999]],
       grad_fn=<SumBackward1>)
Size of covariance_matrix: torch.Size([1, 7, 7])
Size of covariance_matrix_prime: torch.Size([1, 7, 7])
cosineSimilarity tensor([[1.0000, 0.9999, 1.0000, 0.9999, 0.9998, 0.9999, 0.9999]],
       grad_fn=<SumBackward1>)
Size of covariance_matrix: torch.Size([1, 7, 7])
Size of covariance_matrix_prime: torch.Size([1, 7, 7])
cosineSimilarity tensor([[1.0000, 1.0000, 1.0000, 1.0000, 1.0000, 1.0000, 1.0000]],
       grad_fn=<SumBackward1>)
Size of covariance_matrix: torch.Size([1, 7, 7])
Size of covariance_matrix_prime: torch.Size([1, 7, 7])
cosineSimilarity tensor([[0.9999, 1.0000, 0.9999, 1.0000, 0.9997, 1.0000, 1.0000]],
       grad_fn=<SumBackward1>)
Size of covariance_matrix: torch.Size([1, 7, 7])
Size of covariance_matrix_prime: torch.Size([1, 7, 7])
cosineSimilarity tensor([[1.0000, 0.9999, 1.0000, 1.0000, 1.0000, 1.0000, 0.9998]],
       grad_fn=<SumBackward1>)
Size of covariance_matrix: torch.Size([1, 7, 7])
Size of covariance_matrix_prime: torch.Size([1, 7, 7])
cosineSimilarity tensor([[0.9999, 1.0000, 0.9999, 0.9999, 0.9996, 1.0000, 0.9996]],
       grad_fn=<SumBackward1>)
Size of covariance_matrix: torch.Size([1, 7, 7])
Size of covariance_matrix_prime: torch.Size([1, 7, 7])
cosineSimilarity tensor([[1.0000, 0.9999, 1.0000, 0.9999, 1.0000, 1.0000, 1.0000]],
       grad_fn=<SumBackward1>)
Size of covariance_matrix: torch.Size([1, 7, 7])
Size of covariance_matrix_prime: torch.Size([1, 7, 7])
cosineSimilarity tensor([[1.0000, 1.0000, 1.0000, 1.0000, 1.0000, 1.0000, 1.0000]],
       grad_fn=<SumBackward1>)
Size of covariance_matrix: torch.Size([1, 7, 7])
Size of covariance_matrix_prime: torch.Size([1, 7, 7])
cosineSimilarity tensor([[1.0000, 1.0000, 0.9999, 1.0000, 0.9997, 1.0000, 1.0000]],
       grad_fn=<SumBackward1>)
Size of covariance_matrix: torch.Size([1, 7, 7])
Size of covariance_matrix_prime: torch.Size([1, 7, 7])
cosineSimilarity tensor([[1.0000, 1.0000, 0.9999, 1.0000, 1.0000, 1.0000, 1.0000]],
       grad_fn=<SumBackward1>)
Size of covariance_matrix: torch.Size([1, 7, 7])
Size of covariance_matrix_prime: torch.Size([1, 7, 7])
cosineSimilarity tensor([[0.9999, 1.0000, 1.0000, 1.0000, 1.0000, 1.0000, 1.0000]],
       grad_fn=<SumBackward1>)
Size of covariance_matrix: torch.Size([1, 7, 7])
Size of covariance_matrix_prime: torch.Size([1, 7, 7])
cosineSimilarity tensor([[1.0000, 1.0000, 1.0000, 1.0000, 1.0000, 1.0000, 1.0000]],
       grad_fn=<SumBackward1>)
Size of covariance_matrix: torch.Size([1, 7, 7])
Size of covariance_matrix_prime: torch.Size([1, 7, 7])
cosineSimilarity tensor([[1.0000, 1.0000, 1.0000, 1.0000, 0.9999, 1.0000, 1.0000]],
       grad_fn=<SumBackward1>)
Size of covariance_matrix: torch.Size([1, 7, 7])
Size of covariance_matrix_prime: torch.Size([1, 7, 7])
cosineSimilarity tensor([[1.0000, 0.9999, 0.9996, 1.0000, 0.9998, 1.0000, 1.0000]],
       grad_fn=<SumBackward1>)
Size of covariance_matrix: torch.Size([1, 7, 7])
Size of covariance_matrix_prime: torch.Size([1, 7, 7])
cosineSimilarity tensor([[0.9998, 1.0000, 0.9998, 1.0000, 0.9997, 0.9999, 0.9999]],
       grad_fn=<SumBackward1>)
Size of covariance_matrix: torch.Size([1, 7, 7])
Size of covariance_matrix_prime: torch.Size([1, 7, 7])
cosineSimilarity tensor([[1.0000, 1.0000, 1.0000, 1.0000, 1.0000, 1.0000, 1.0000]],
       grad_fn=<SumBackward1>)
Size of covariance_matrix: torch.Size([1, 7, 7])
Size of covariance_matrix_prime: torch.Size([1, 7, 7])
cosineSimilarity tensor([[1.0000, 0.9999, 1.0000, 1.0000, 1.0000, 1.0000, 0.9999]],
       grad_fn=<SumBackward1>)
Size of covariance_matrix: torch.Size([1, 7, 7])
Size of covariance_matrix_prime: torch.Size([1, 7, 7])
cosineSimilarity tensor([[1.0000, 1.0000, 1.0000, 1.0000, 0.9999, 1.0000, 1.0000]],
       grad_fn=<SumBackward1>)
Size of covariance_matrix: torch.Size([1, 7, 7])
Size of covariance_matrix_prime: torch.Size([1, 7, 7])
cosineSimilarity tensor([[1.0000, 1.0000, 1.0000, 1.0000, 1.0000, 1.0000, 1.0000]],
       grad_fn=<SumBackward1>)
Size of covariance_matrix: torch.Size([1, 7, 7])
Size of covariance_matrix_prime: torch.Size([1, 7, 7])
cosineSimilarity tensor([[1.0000, 0.9999, 0.9999, 1.0000, 0.9999, 1.0000, 1.0000]],
       grad_fn=<SumBackward1>)
Size of covariance_matrix: torch.Size([1, 7, 7])
Size of covariance_matrix_prime: torch.Size([1, 7, 7])
cosineSimilarity tensor([[1.0000, 1.0000, 1.0000, 1.0000, 0.9999, 1.0000, 1.0000]],
       grad_fn=<SumBackward1>)
Size of covariance_matrix: torch.Size([1, 7, 7])
Size of covariance_matrix_prime: torch.Size([1, 7, 7])
cosineSimilarity tensor([[0.9999, 1.0000, 0.9999, 1.0000, 0.9991, 0.9999, 0.9998]],
       grad_fn=<SumBackward1>)
Size of covariance_matrix: torch.Size([1, 7, 7])
Size of covariance_matrix_prime: torch.Size([1, 7, 7])
cosineSimilarity tensor([[1.0000, 1.0000, 1.0000, 1.0000, 1.0000, 1.0000, 1.0000]],
       grad_fn=<SumBackward1>)
Size of covariance_matrix: torch.Size([1, 7, 7])
Size of covariance_matrix_prime: torch.Size([1, 7, 7])
cosineSimilarity tensor([[1.0000, 1.0000, 1.0000, 1.0000, 1.0000, 1.0000, 1.0000]],
       grad_fn=<SumBackward1>)
Size of covariance_matrix: torch.Size([1, 7, 7])
Size of covariance_matrix_prime: torch.Size([1, 7, 7])
cosineSimilarity tensor([[1.0000, 1.0000, 0.9999, 1.0000, 1.0000, 1.0000, 1.0000]],
       grad_fn=<SumBackward1>)
Size of covariance_matrix: torch.Size([1, 7, 7])
Size of covariance_matrix_prime: torch.Size([1, 7, 7])
cosineSimilarity tensor([[1.0000, 1.0000, 1.0000, 1.0000, 0.9999, 1.0000, 0.9999]],
       grad_fn=<SumBackward1>)
Size of covariance_matrix: torch.Size([1, 7, 7])
Size of covariance_matrix_prime: torch.Size([1, 7, 7])
cosineSimilarity tensor([[1.0000, 1.0000, 0.9998, 0.9999, 0.9998, 1.0000, 0.9999]],
       grad_fn=<SumBackward1>)
Size of covariance_matrix: torch.Size([1, 7, 7])
Size of covariance_matrix_prime: torch.Size([1, 7, 7])
cosineSimilarity tensor([[1.0000, 1.0000, 1.0000, 1.0000, 0.9999, 1.0000, 1.0000]],
       grad_fn=<SumBackward1>)
Size of covariance_matrix: torch.Size([1, 7, 7])
Size of covariance_matrix_prime: torch.Size([1, 7, 7])
cosineSimilarity tensor([[1.0000, 1.0000, 1.0000, 1.0000, 1.0000, 1.0000, 1.0000]],
       grad_fn=<SumBackward1>)
Size of covariance_matrix: torch.Size([1, 7, 7])
Size of covariance_matrix_prime: torch.Size([1, 7, 7])
cosineSimilarity tensor([[1.0000, 0.9999, 0.9999, 1.0000, 0.9999, 1.0000, 0.9999]],
       grad_fn=<SumBackward1>)
Size of covariance_matrix: torch.Size([1, 7, 7])
Size of covariance_matrix_prime: torch.Size([1, 7, 7])
cosineSimilarity tensor([[1.0000, 1.0000, 1.0000, 1.0000, 1.0000, 1.0000, 1.0000]],
       grad_fn=<SumBackward1>)
Size of covariance_matrix: torch.Size([1, 7, 7])
Size of covariance_matrix_prime: torch.Size([1, 7, 7])
cosineSimilarity tensor([[1.0000, 1.0000, 1.0000, 1.0000, 0.9999, 1.0000, 1.0000]],
       grad_fn=<SumBackward1>)
Size of covariance_matrix: torch.Size([1, 7, 7])
Size of covariance_matrix_prime: torch.Size([1, 7, 7])
cosineSimilarity tensor([[1.0000, 1.0000, 1.0000, 1.0000, 1.0000, 1.0000, 1.0000]],
       grad_fn=<SumBackward1>)
Size of covariance_matrix: torch.Size([1, 7, 7])
Size of covariance_matrix_prime: torch.Size([1, 7, 7])
cosineSimilarity tensor([[1.0000, 0.9999, 1.0000, 1.0000, 1.0000, 1.0000, 1.0000]],
       grad_fn=<SumBackward1>)
Size of covariance_matrix: torch.Size([1, 7, 7])
Size of covariance_matrix_prime: torch.Size([1, 7, 7])
cosineSimilarity tensor([[1.0000, 1.0000, 0.9999, 0.9999, 0.9999, 1.0000, 0.9999]],
       grad_fn=<SumBackward1>)
Size of covariance_matrix: torch.Size([1, 7, 7])
Size of covariance_matrix_prime: torch.Size([1, 7, 7])
cosineSimilarity tensor([[1.0000, 1.0000, 1.0000, 1.0000, 0.9999, 1.0000, 1.0000]],
       grad_fn=<SumBackward1>)
Size of covariance_matrix: torch.Size([1, 7, 7])
Size of covariance_matrix_prime: torch.Size([1, 7, 7])
cosineSimilarity tensor([[1.0000, 1.0000, 1.0000, 1.0000, 1.0000, 1.0000, 1.0000]],
       grad_fn=<SumBackward1>)
Size of covariance_matrix: torch.Size([1, 7, 7])
Size of covariance_matrix_prime: torch.Size([1, 7, 7])
cosineSimilarity tensor([[1.0000, 1.0000, 0.9999, 1.0000, 1.0000, 1.0000, 1.0000]],
       grad_fn=<SumBackward1>)
Size of covariance_matrix: torch.Size([1, 7, 7])
Size of covariance_matrix_prime: torch.Size([1, 7, 7])
cosineSimilarity tensor([[1.0000, 1.0000, 1.0000, 1.0000, 1.0000, 1.0000, 1.0000]],
       grad_fn=<SumBackward1>)
Size of covariance_matrix: torch.Size([1, 7, 7])
Size of covariance_matrix_prime: torch.Size([1, 7, 7])
cosineSimilarity tensor([[1.0000, 1.0000, 1.0000, 1.0000, 1.0000, 1.0000, 1.0000]],
       grad_fn=<SumBackward1>)
Size of covariance_matrix: torch.Size([1, 7, 7])
Size of covariance_matrix_prime: torch.Size([1, 7, 7])
cosineSimilarity tensor([[1.0000, 1.0000, 0.9998, 1.0000, 0.9999, 1.0000, 0.9999]],
       grad_fn=<SumBackward1>)
Size of covariance_matrix: torch.Size([1, 7, 7])
Size of covariance_matrix_prime: torch.Size([1, 7, 7])
cosineSimilarity tensor([[1.0000, 1.0000, 1.0000, 0.9999, 0.9999, 1.0000, 0.9999]],
       grad_fn=<SumBackward1>)
Size of covariance_matrix: torch.Size([1, 7, 7])
Size of covariance_matrix_prime: torch.Size([1, 7, 7])
cosineSimilarity tensor([[1.0000, 1.0000, 1.0000, 1.0000, 1.0000, 1.0000, 1.0000]],
       grad_fn=<SumBackward1>)
Size of covariance_matrix: torch.Size([1, 7, 7])
Size of covariance_matrix_prime: torch.Size([1, 7, 7])
cosineSimilarity tensor([[0.9999, 1.0000, 0.9999, 1.0000, 1.0000, 1.0000, 1.0000]],
       grad_fn=<SumBackward1>)
Size of covariance_matrix: torch.Size([1, 7, 7])
Size of covariance_matrix_prime: torch.Size([1, 7, 7])
cosineSimilarity tensor([[1.0000, 1.0000, 0.9999, 1.0000, 0.9998, 1.0000, 1.0000]],
       grad_fn=<SumBackward1>)
Size of covariance_matrix: torch.Size([1, 7, 7])
Size of covariance_matrix_prime: torch.Size([1, 7, 7])
cosineSimilarity tensor([[1.0000, 1.0000, 0.9999, 1.0000, 1.0000, 1.0000, 1.0000]],
       grad_fn=<SumBackward1>)
Size of covariance_matrix: torch.Size([1, 7, 7])
Size of covariance_matrix_prime: torch.Size([1, 7, 7])
cosineSimilarity tensor([[1.0000, 1.0000, 1.0000, 1.0000, 1.0000, 1.0000, 1.0000]],
       grad_fn=<SumBackward1>)
Size of covariance_matrix: torch.Size([1, 7, 7])
Size of covariance_matrix_prime: torch.Size([1, 7, 7])
cosineSimilarity tensor([[1.0000, 0.9999, 1.0000, 1.0000, 0.9999, 1.0000, 1.0000]],
       grad_fn=<SumBackward1>)
Size of covariance_matrix: torch.Size([1, 7, 7])
Size of covariance_matrix_prime: torch.Size([1, 7, 7])
cosineSimilarity tensor([[1.0000, 1.0000, 1.0000, 1.0000, 0.9999, 1.0000, 1.0000]],
       grad_fn=<SumBackward1>)
Size of covariance_matrix: torch.Size([1, 7, 7])
Size of covariance_matrix_prime: torch.Size([1, 7, 7])
cosineSimilarity tensor([[0.9999, 0.9999, 0.9997, 0.9996, 0.9997, 0.9997, 0.9998]],
       grad_fn=<SumBackward1>)
Size of covariance_matrix: torch.Size([1, 7, 7])
Size of covariance_matrix_prime: torch.Size([1, 7, 7])
cosineSimilarity tensor([[1.0000, 0.9998, 0.9998, 1.0000, 0.9999, 1.0000, 0.9999]],
       grad_fn=<SumBackward1>)
Size of covariance_matrix: torch.Size([1, 7, 7])
Size of covariance_matrix_prime: torch.Size([1, 7, 7])
cosineSimilarity tensor([[0.9999, 1.0000, 1.0000, 1.0000, 0.9999, 1.0000, 1.0000]],
       grad_fn=<SumBackward1>)
Size of covariance_matrix: torch.Size([1, 7, 7])
Size of covariance_matrix_prime: torch.Size([1, 7, 7])
cosineSimilarity tensor([[1.0000, 1.0000, 1.0000, 1.0000, 1.0000, 1.0000, 1.0000]],
       grad_fn=<SumBackward1>)
Size of covariance_matrix: torch.Size([1, 7, 7])
Size of covariance_matrix_prime: torch.Size([1, 7, 7])
cosineSimilarity tensor([[0.9999, 0.9999, 1.0000, 1.0000, 0.9999, 1.0000, 0.9998]],
       grad_fn=<SumBackward1>)
Size of covariance_matrix: torch.Size([1, 7, 7])
Size of covariance_matrix_prime: torch.Size([1, 7, 7])
cosineSimilarity tensor([[1.0000, 1.0000, 1.0000, 1.0000, 1.0000, 1.0000, 1.0000]],
       grad_fn=<SumBackward1>)
Size of covariance_matrix: torch.Size([1, 7, 7])
Size of covariance_matrix_prime: torch.Size([1, 7, 7])
cosineSimilarity tensor([[1.0000, 1.0000, 1.0000, 1.0000, 1.0000, 1.0000, 1.0000]],
       grad_fn=<SumBackward1>)
Size of covariance_matrix: torch.Size([1, 7, 7])
Size of covariance_matrix_prime: torch.Size([1, 7, 7])
cosineSimilarity tensor([[1.0000, 1.0000, 1.0000, 1.0000, 1.0000, 1.0000, 1.0000]],
       grad_fn=<SumBackward1>)
Size of covariance_matrix: torch.Size([1, 7, 7])
Size of covariance_matrix_prime: torch.Size([1, 7, 7])
cosineSimilarity tensor([[1.0000, 1.0000, 1.0000, 1.0000, 0.9999, 1.0000, 1.0000]],
       grad_fn=<SumBackward1>)
Size of covariance_matrix: torch.Size([1, 7, 7])
Size of covariance_matrix_prime: torch.Size([1, 7, 7])
cosineSimilarity tensor([[1.0000, 1.0000, 1.0000, 1.0000, 1.0000, 1.0000, 1.0000]],
       grad_fn=<SumBackward1>)
Size of covariance_matrix: torch.Size([1, 7, 7])
Size of covariance_matrix_prime: torch.Size([1, 7, 7])
cosineSimilarity tensor([[1.0000, 1.0000, 1.0000, 1.0000, 0.9995, 1.0000, 1.0000]],
       grad_fn=<SumBackward1>)
Size of covariance_matrix: torch.Size([1, 7, 7])
Size of covariance_matrix_prime: torch.Size([1, 7, 7])
cosineSimilarity tensor([[0.9999, 0.9999, 0.9998, 1.0000, 0.9998, 1.0000, 1.0000]],
       grad_fn=<SumBackward1>)
Size of covariance_matrix: torch.Size([1, 7, 7])
Size of covariance_matrix_prime: torch.Size([1, 7, 7])
cosineSimilarity tensor([[0.9999, 0.9999, 1.0000, 1.0000, 0.9999, 1.0000, 0.9997]],
       grad_fn=<SumBackward1>)
Size of covariance_matrix: torch.Size([1, 7, 7])
Size of covariance_matrix_prime: torch.Size([1, 7, 7])
cosineSimilarity tensor([[1.0000, 1.0000, 1.0000, 1.0000, 1.0000, 1.0000, 1.0000]],
       grad_fn=<SumBackward1>)
Size of covariance_matrix: torch.Size([1, 7, 7])
Size of covariance_matrix_prime: torch.Size([1, 7, 7])
cosineSimilarity tensor([[1.0000, 0.9999, 0.9999, 1.0000, 0.9999, 1.0000, 0.9999]],
       grad_fn=<SumBackward1>)
Size of covariance_matrix: torch.Size([1, 7, 7])
Size of covariance_matrix_prime: torch.Size([1, 7, 7])
cosineSimilarity tensor([[1.0000, 1.0000, 1.0000, 1.0000, 1.0000, 1.0000, 1.0000]],
       grad_fn=<SumBackward1>)
Size of covariance_matrix: torch.Size([1, 7, 7])
Size of covariance_matrix_prime: torch.Size([1, 7, 7])
cosineSimilarity tensor([[1.0000, 1.0000, 1.0000, 1.0000, 1.0000, 1.0000, 1.0000]],
       grad_fn=<SumBackward1>)
Size of covariance_matrix: torch.Size([1, 7, 7])
Size of covariance_matrix_prime: torch.Size([1, 7, 7])
cosineSimilarity tensor([[1.0000, 1.0000, 1.0000, 1.0000, 1.0000, 1.0000, 1.0000]],
       grad_fn=<SumBackward1>)
Size of covariance_matrix: torch.Size([1, 7, 7])
Size of covariance_matrix_prime: torch.Size([1, 7, 7])
cosineSimilarity tensor([[0.9999, 1.0000, 0.9998, 1.0000, 0.9997, 0.9998, 0.9998]],
       grad_fn=<SumBackward1>)
Size of covariance_matrix: torch.Size([1, 7, 7])
Size of covariance_matrix_prime: torch.Size([1, 7, 7])
cosineSimilarity tensor([[1.0000, 1.0000, 1.0000, 1.0000, 1.0000, 1.0000, 1.0000]],
       grad_fn=<SumBackward1>)
Size of covariance_matrix: torch.Size([1, 7, 7])
Size of covariance_matrix_prime: torch.Size([1, 7, 7])
cosineSimilarity tensor([[0.9999, 1.0000, 1.0000, 1.0000, 0.9999, 1.0000, 1.0000]],
       grad_fn=<SumBackward1>)
Size of covariance_matrix: torch.Size([1, 7, 7])
Size of covariance_matrix_prime: torch.Size([1, 7, 7])
cosineSimilarity tensor([[1.0000, 1.0000, 1.0000, 1.0000, 1.0000, 1.0000, 1.0000]],
       grad_fn=<SumBackward1>)
Size of covariance_matrix: torch.Size([1, 7, 7])
Size of covariance_matrix_prime: torch.Size([1, 7, 7])
cosineSimilarity tensor([[0.9999, 1.0000, 0.9998, 1.0000, 0.9997, 1.0000, 0.9999]],
       grad_fn=<SumBackward1>)
Size of covariance_matrix: torch.Size([1, 7, 7])
Size of covariance_matrix_prime: torch.Size([1, 7, 7])
cosineSimilarity tensor([[1.0000, 1.0000, 1.0000, 1.0000, 1.0000, 1.0000, 1.0000]],
       grad_fn=<SumBackward1>)
Size of covariance_matrix: torch.Size([1, 7, 7])
Size of covariance_matrix_prime: torch.Size([1, 7, 7])
cosineSimilarity tensor([[1.0000, 1.0000, 1.0000, 1.0000, 1.0000, 1.0000, 1.0000]],
       grad_fn=<SumBackward1>)
Size of covariance_matrix: torch.Size([1, 7, 7])
Size of covariance_matrix_prime: torch.Size([1, 7, 7])
cosineSimilarity tensor([[1.0000, 1.0000, 0.9999, 0.9999, 0.9998, 1.0000, 0.9999]],
       grad_fn=<SumBackward1>)
Size of covariance_matrix: torch.Size([1, 7, 7])
Size of covariance_matrix_prime: torch.Size([1, 7, 7])
cosineSimilarity tensor([[0.9999, 0.9998, 0.9999, 0.9999, 0.9997, 0.9999, 0.9992]],
       grad_fn=<SumBackward1>)
Size of covariance_matrix: torch.Size([1, 7, 7])
Size of covariance_matrix_prime: torch.Size([1, 7, 7])
cosineSimilarity tensor([[0.9999, 1.0000, 0.9999, 1.0000, 0.9999, 0.9999, 0.9999]],
       grad_fn=<SumBackward1>)
Size of covariance_matrix: torch.Size([1, 7, 7])
Size of covariance_matrix_prime: torch.Size([1, 7, 7])
cosineSimilarity tensor([[1.0000, 0.9999, 0.9999, 1.0000, 0.9999, 1.0000, 0.9999]],
       grad_fn=<SumBackward1>)
Size of covariance_matrix: torch.Size([1, 7, 7])
Size of covariance_matrix_prime: torch.Size([1, 7, 7])
cosineSimilarity tensor([[0.9999, 0.9996, 0.9998, 0.9998, 0.9998, 0.9999, 0.9995]],
       grad_fn=<SumBackward1>)
Size of covariance_matrix: torch.Size([1, 7, 7])
Size of covariance_matrix_prime: torch.Size([1, 7, 7])
cosineSimilarity tensor([[1.0000, 1.0000, 1.0000, 1.0000, 0.9999, 1.0000, 0.9998]],
       grad_fn=<SumBackward1>)
Size of covariance_matrix: torch.Size([1, 7, 7])
Size of covariance_matrix_prime: torch.Size([1, 7, 7])
cosineSimilarity tensor([[1.0000, 1.0000, 0.9999, 1.0000, 1.0000, 1.0000, 1.0000]],
       grad_fn=<SumBackward1>)
Size of covariance_matrix: torch.Size([1, 7, 7])
Size of covariance_matrix_prime: torch.Size([1, 7, 7])
cosineSimilarity tensor([[1.0000, 1.0000, 1.0000, 1.0000, 1.0000, 1.0000, 1.0000]],
       grad_fn=<SumBackward1>)
Size of covariance_matrix: torch.Size([1, 7, 7])
Size of covariance_matrix_prime: torch.Size([1, 7, 7])
cosineSimilarity tensor([[1.0000, 0.9999, 1.0000, 1.0000, 0.9999, 1.0000, 1.0000]],
       grad_fn=<SumBackward1>)
Size of covariance_matrix: torch.Size([1, 7, 7])
Size of covariance_matrix_prime: torch.Size([1, 7, 7])
cosineSimilarity tensor([[1.0000, 1.0000, 1.0000, 1.0000, 1.0000, 1.0000, 1.0000]],
       grad_fn=<SumBackward1>)
Size of covariance_matrix: torch.Size([1, 7, 7])
Size of covariance_matrix_prime: torch.Size([1, 7, 7])
cosineSimilarity tensor([[1.0000, 1.0000, 1.0000, 1.0000, 1.0000, 1.0000, 1.0000]],
       grad_fn=<SumBackward1>)
Size of covariance_matrix: torch.Size([1, 7, 7])
Size of covariance_matrix_prime: torch.Size([1, 7, 7])
cosineSimilarity tensor([[1.0000, 1.0000, 0.9999, 1.0000, 1.0000, 1.0000, 0.9999]],
       grad_fn=<SumBackward1>)
Size of covariance_matrix: torch.Size([1, 7, 7])
Size of covariance_matrix_prime: torch.Size([1, 7, 7])
cosineSimilarity tensor([[1.0000, 1.0000, 1.0000, 1.0000, 1.0000, 1.0000, 0.9999]],
       grad_fn=<SumBackward1>)
Size of covariance_matrix: torch.Size([1, 7, 7])
Size of covariance_matrix_prime: torch.Size([1, 7, 7])
cosineSimilarity tensor([[1.0000, 1.0000, 1.0000, 1.0000, 1.0000, 1.0000, 1.0000]],
       grad_fn=<SumBackward1>)
Size of covariance_matrix: torch.Size([1, 7, 7])
Size of covariance_matrix_prime: torch.Size([1, 7, 7])
cosineSimilarity tensor([[1.0000, 0.9998, 0.9999, 0.9999, 0.9999, 1.0000, 0.9999]],
       grad_fn=<SumBackward1>)
Size of covariance_matrix: torch.Size([1, 7, 7])
Size of covariance_matrix_prime: torch.Size([1, 7, 7])
cosineSimilarity tensor([[0.9999, 0.9999, 0.9999, 1.0000, 0.9995, 0.9999, 0.9998]],
       grad_fn=<SumBackward1>)
Size of covariance_matrix: torch.Size([1, 7, 7])
Size of covariance_matrix_prime: torch.Size([1, 7, 7])
cosineSimilarity tensor([[0.9999, 1.0000, 0.9999, 1.0000, 0.9999, 1.0000, 0.9998]],
       grad_fn=<SumBackward1>)
Size of covariance_matrix: torch.Size([1, 7, 7])
Size of covariance_matrix_prime: torch.Size([1, 7, 7])
cosineSimilarity tensor([[1.0000, 1.0000, 0.9999, 1.0000, 0.9998, 0.9999, 1.0000]],
       grad_fn=<SumBackward1>)
Size of covariance_matrix: torch.Size([1, 7, 7])
Size of covariance_matrix_prime: torch.Size([1, 7, 7])
cosineSimilarity tensor([[1.0000, 1.0000, 1.0000, 1.0000, 1.0000, 1.0000, 0.9999]],
       grad_fn=<SumBackward1>)
Size of covariance_matrix: torch.Size([1, 7, 7])
Size of covariance_matrix_prime: torch.Size([1, 7, 7])
cosineSimilarity tensor([[1.0000, 1.0000, 1.0000, 1.0000, 0.9999, 1.0000, 1.0000]],
       grad_fn=<SumBackward1>)
Size of covariance_matrix: torch.Size([1, 7, 7])
Size of covariance_matrix_prime: torch.Size([1, 7, 7])
cosineSimilarity tensor([[1.0000, 1.0000, 1.0000, 1.0000, 1.0000, 1.0000, 1.0000]],
       grad_fn=<SumBackward1>)
Size of covariance_matrix: torch.Size([1, 7, 7])
Size of covariance_matrix_prime: torch.Size([1, 7, 7])
cosineSimilarity tensor([[1.0000, 0.9999, 0.9999, 0.9999, 1.0000, 1.0000, 1.0000]],
       grad_fn=<SumBackward1>)
Size of covariance_matrix: torch.Size([1, 7, 7])
Size of covariance_matrix_prime: torch.Size([1, 7, 7])
cosineSimilarity tensor([[1.0000, 1.0000, 1.0000, 1.0000, 1.0000, 1.0000, 1.0000]],
       grad_fn=<SumBackward1>)
Size of covariance_matrix: torch.Size([1, 7, 7])
Size of covariance_matrix_prime: torch.Size([1, 7, 7])
cosineSimilarity tensor([[1.0000, 0.9999, 0.9998, 1.0000, 1.0000, 1.0000, 1.0000]],
       grad_fn=<SumBackward1>)
Size of covariance_matrix: torch.Size([1, 7, 7])
Size of covariance_matrix_prime: torch.Size([1, 7, 7])
cosineSimilarity tensor([[0.9999, 0.9999, 1.0000, 0.9999, 0.9998, 0.9999, 0.9999]],
       grad_fn=<SumBackward1>)
Size of covariance_matrix: torch.Size([1, 7, 7])
Size of covariance_matrix_prime: torch.Size([1, 7, 7])
cosineSimilarity tensor([[1.0000, 1.0000, 1.0000, 1.0000, 1.0000, 1.0000, 1.0000]],
       grad_fn=<SumBackward1>)
Size of covariance_matrix: torch.Size([1, 7, 7])
Size of covariance_matrix_prime: torch.Size([1, 7, 7])
cosineSimilarity tensor([[1.0000, 1.0000, 1.0000, 1.0000, 1.0000, 1.0000, 0.9999]],
       grad_fn=<SumBackward1>)
Size of covariance_matrix: torch.Size([1, 7, 7])
Size of covariance_matrix_prime: torch.Size([1, 7, 7])
cosineSimilarity tensor([[1.0000, 1.0000, 0.9999, 1.0000, 1.0000, 1.0000, 1.0000]],
       grad_fn=<SumBackward1>)
Size of covariance_matrix: torch.Size([1, 7, 7])
Size of covariance_matrix_prime: torch.Size([1, 7, 7])
cosineSimilarity tensor([[1.0000, 1.0000, 1.0000, 1.0000, 1.0000, 1.0000, 1.0000]],
       grad_fn=<SumBackward1>)
Size of covariance_matrix: torch.Size([1, 7, 7])
Size of covariance_matrix_prime: torch.Size([1, 7, 7])
cosineSimilarity tensor([[1.0000, 1.0000, 0.9999, 1.0000, 0.9999, 1.0000, 1.0000]],
       grad_fn=<SumBackward1>)
Size of covariance_matrix: torch.Size([1, 7, 7])
Size of covariance_matrix_prime: torch.Size([1, 7, 7])
cosineSimilarity tensor([[1.0000, 1.0000, 1.0000, 1.0000, 1.0000, 1.0000, 1.0000]],
       grad_fn=<SumBackward1>)
Size of covariance_matrix: torch.Size([1, 7, 7])
Size of covariance_matrix_prime: torch.Size([1, 7, 7])
cosineSimilarity tensor([[1.0000, 1.0000, 1.0000, 1.0000, 1.0000, 1.0000, 1.0000]],
       grad_fn=<SumBackward1>)
Size of covariance_matrix: torch.Size([1, 7, 7])
Size of covariance_matrix_prime: torch.Size([1, 7, 7])
cosineSimilarity tensor([[1.0000, 1.0000, 1.0000, 1.0000, 1.0000, 1.0000, 0.9999]],
       grad_fn=<SumBackward1>)
Size of covariance_matrix: torch.Size([1, 7, 7])
Size of covariance_matrix_prime: torch.Size([1, 7, 7])
cosineSimilarity tensor([[1.0000, 1.0000, 1.0000, 1.0000, 0.9999, 1.0000, 1.0000]],
       grad_fn=<SumBackward1>)
Size of covariance_matrix: torch.Size([1, 7, 7])
Size of covariance_matrix_prime: torch.Size([1, 7, 7])
cosineSimilarity tensor([[1.0000, 1.0000, 1.0000, 1.0000, 1.0000, 1.0000, 1.0000]],
       grad_fn=<SumBackward1>)
Size of covariance_matrix: torch.Size([1, 7, 7])
Size of covariance_matrix_prime: torch.Size([1, 7, 7])
cosineSimilarity tensor([[1.0000, 0.9999, 1.0000, 1.0000, 1.0000, 1.0000, 1.0000]],
       grad_fn=<SumBackward1>)
Size of covariance_matrix: torch.Size([1, 7, 7])
Size of covariance_matrix_prime: torch.Size([1, 7, 7])
cosineSimilarity tensor([[1.0000, 1.0000, 1.0000, 1.0000, 0.9999, 1.0000, 1.0000]],
       grad_fn=<SumBackward1>)
Size of covariance_matrix: torch.Size([1, 7, 7])
Size of covariance_matrix_prime: torch.Size([1, 7, 7])
cosineSimilarity tensor([[1.0000, 1.0000, 0.9999, 1.0000, 0.9999, 1.0000, 1.0000]],
       grad_fn=<SumBackward1>)
Size of covariance_matrix: torch.Size([1, 7, 7])
Size of covariance_matrix_prime: torch.Size([1, 7, 7])
cosineSimilarity tensor([[1.0000, 1.0000, 1.0000, 1.0000, 1.0000, 1.0000, 1.0000]],
       grad_fn=<SumBackward1>)
Size of covariance_matrix: torch.Size([1, 7, 7])
Size of covariance_matrix_prime: torch.Size([1, 7, 7])
cosineSimilarity tensor([[0.9997, 0.9999, 0.9999, 0.9999, 0.9998, 1.0000, 0.9999]],
       grad_fn=<SumBackward1>)
Size of covariance_matrix: torch.Size([1, 7, 7])
Size of covariance_matrix_prime: torch.Size([1, 7, 7])
cosineSimilarity tensor([[1.0000, 1.0000, 0.9999, 1.0000, 0.9997, 1.0000, 0.9999]],
       grad_fn=<SumBackward1>)
Size of covariance_matrix: torch.Size([1, 7, 7])
Size of covariance_matrix_prime: torch.Size([1, 7, 7])
cosineSimilarity tensor([[1.0000, 1.0000, 1.0000, 1.0000, 1.0000, 1.0000, 1.0000]],
       grad_fn=<SumBackward1>)
Size of covariance_matrix: torch.Size([1, 7, 7])
Size of covariance_matrix_prime: torch.Size([1, 7, 7])
cosineSimilarity tensor([[0.9999, 1.0000, 0.9998, 1.0000, 0.9996, 1.0000, 1.0000]],
       grad_fn=<SumBackward1>)
Size of covariance_matrix: torch.Size([1, 7, 7])
Size of covariance_matrix_prime: torch.Size([1, 7, 7])
cosineSimilarity tensor([[1.0000, 1.0000, 1.0000, 1.0000, 1.0000, 1.0000, 1.0000]],
       grad_fn=<SumBackward1>)
Size of covariance_matrix: torch.Size([1, 7, 7])
Size of covariance_matrix_prime: torch.Size([1, 7, 7])
cosineSimilarity tensor([[1.0000, 0.9999, 1.0000, 1.0000, 0.9999, 1.0000, 1.0000]],
       grad_fn=<SumBackward1>)
Size of covariance_matrix: torch.Size([1, 7, 7])
Size of covariance_matrix_prime: torch.Size([1, 7, 7])
cosineSimilarity tensor([[1.0000, 1.0000, 0.9999, 1.0000, 0.9999, 1.0000, 1.0000]],
       grad_fn=<SumBackward1>)
Size of covariance_matrix: torch.Size([1, 7, 7])
Size of covariance_matrix_prime: torch.Size([1, 7, 7])
cosineSimilarity tensor([[1.0000, 1.0000, 1.0000, 1.0000, 1.0000, 1.0000, 1.0000]],
       grad_fn=<SumBackward1>)
Size of covariance_matrix: torch.Size([1, 7, 7])
Size of covariance_matrix_prime: torch.Size([1, 7, 7])
cosineSimilarity tensor([[1.0000, 1.0000, 1.0000, 1.0000, 1.0000, 1.0000, 1.0000]],
       grad_fn=<SumBackward1>)
Size of covariance_matrix: torch.Size([1, 7, 7])
Size of covariance_matrix_prime: torch.Size([1, 7, 7])
cosineSimilarity tensor([[0.9999, 0.9998, 1.0000, 1.0000, 0.9999, 1.0000, 0.9999]],
       grad_fn=<SumBackward1>)
Size of covariance_matrix: torch.Size([1, 7, 7])
Size of covariance_matrix_prime: torch.Size([1, 7, 7])
cosineSimilarity tensor([[1.0000, 1.0000, 1.0000, 1.0000, 1.0000, 1.0000, 1.0000]],
       grad_fn=<SumBackward1>)
Size of covariance_matrix: torch.Size([1, 7, 7])
Size of covariance_matrix_prime: torch.Size([1, 7, 7])
cosineSimilarity tensor([[0.9999, 1.0000, 1.0000, 1.0000, 0.9999, 1.0000, 1.0000]],
       grad_fn=<SumBackward1>)
Size of covariance_matrix: torch.Size([1, 7, 7])
Size of covariance_matrix_prime: torch.Size([1, 7, 7])
cosineSimilarity tensor([[1.0000, 1.0000, 1.0000, 1.0000, 1.0000, 1.0000, 1.0000]],
       grad_fn=<SumBackward1>)
Size of covariance_matrix: torch.Size([1, 7, 7])
Size of covariance_matrix_prime: torch.Size([1, 7, 7])
cosineSimilarity tensor([[1.0000, 1.0000, 1.0000, 1.0000, 1.0000, 1.0000, 1.0000]],
       grad_fn=<SumBackward1>)
Size of covariance_matrix: torch.Size([1, 7, 7])
Size of covariance_matrix_prime: torch.Size([1, 7, 7])
cosineSimilarity tensor([[1.0000, 1.0000, 1.0000, 1.0000, 1.0000, 1.0000, 1.0000]],
       grad_fn=<SumBackward1>)
Size of covariance_matrix: torch.Size([1, 7, 7])
Size of covariance_matrix_prime: torch.Size([1, 7, 7])
cosineSimilarity tensor([[1.0000, 1.0000, 1.0000, 1.0000, 0.9999, 1.0000, 0.9999]],
       grad_fn=<SumBackward1>)
Size of covariance_matrix: torch.Size([1, 7, 7])
Size of covariance_matrix_prime: torch.Size([1, 7, 7])
cosineSimilarity tensor([[0.9999, 0.9999, 1.0000, 1.0000, 0.9999, 0.9999, 1.0000]],
       grad_fn=<SumBackward1>)
Size of covariance_matrix: torch.Size([1, 7, 7])
Size of covariance_matrix_prime: torch.Size([1, 7, 7])
cosineSimilarity tensor([[1.0000, 0.9999, 0.9999, 1.0000, 0.9999, 1.0000, 0.9999]],
       grad_fn=<SumBackward1>)
Size of covariance_matrix: torch.Size([1, 7, 7])
Size of covariance_matrix_prime: torch.Size([1, 7, 7])
cosineSimilarity tensor([[1.0000, 1.0000, 1.0000, 1.0000, 0.9998, 1.0000, 1.0000]],
       grad_fn=<SumBackward1>)
Size of covariance_matrix: torch.Size([1, 7, 7])
Size of covariance_matrix_prime: torch.Size([1, 7, 7])
cosineSimilarity tensor([[1.0000, 1.0000, 1.0000, 1.0000, 1.0000, 1.0000, 1.0000]],
       grad_fn=<SumBackward1>)
Size of covariance_matrix: torch.Size([1, 7, 7])
Size of covariance_matrix_prime: torch.Size([1, 7, 7])
cosineSimilarity tensor([[1.0000, 1.0000, 1.0000, 1.0000, 0.9997, 1.0000, 1.0000]],
       grad_fn=<SumBackward1>)
Size of covariance_matrix: torch.Size([1, 7, 7])
Size of covariance_matrix_prime: torch.Size([1, 7, 7])
cosineSimilarity tensor([[1.0000, 0.9999, 0.9997, 1.0000, 1.0000, 1.0000, 0.9999]],
       grad_fn=<SumBackward1>)
Size of covariance_matrix: torch.Size([1, 7, 7])
Size of covariance_matrix_prime: torch.Size([1, 7, 7])
cosineSimilarity tensor([[1.0000, 1.0000, 1.0000, 1.0000, 1.0000, 1.0000, 1.0000]],
       grad_fn=<SumBackward1>)
Size of covariance_matrix: torch.Size([1, 7, 7])
Size of covariance_matrix_prime: torch.Size([1, 7, 7])
cosineSimilarity tensor([[0.9999, 0.9997, 0.9998, 0.9999, 0.9997, 0.9999, 0.9999]],
       grad_fn=<SumBackward1>)
Size of covariance_matrix: torch.Size([1, 7, 7])
Size of covariance_matrix_prime: torch.Size([1, 7, 7])
cosineSimilarity tensor([[1.0000, 1.0000, 1.0000, 1.0000, 1.0000, 1.0000, 0.9999]],
       grad_fn=<SumBackward1>)
Size of covariance_matrix: torch.Size([1, 7, 7])
Size of covariance_matrix_prime: torch.Size([1, 7, 7])
cosineSimilarity tensor([[1.0000, 1.0000, 1.0000, 1.0000, 1.0000, 1.0000, 1.0000]],
       grad_fn=<SumBackward1>)
Size of covariance_matrix: torch.Size([1, 7, 7])
Size of covariance_matrix_prime: torch.Size([1, 7, 7])
cosineSimilarity tensor([[1.0000, 1.0000, 1.0000, 1.0000, 1.0000, 1.0000, 1.0000]],
       grad_fn=<SumBackward1>)
Size of covariance_matrix: torch.Size([1, 7, 7])
Size of covariance_matrix_prime: torch.Size([1, 7, 7])
cosineSimilarity tensor([[1.0000, 1.0000, 1.0000, 1.0000, 1.0000, 1.0000, 1.0000]],
       grad_fn=<SumBackward1>)
Size of covariance_matrix: torch.Size([1, 7, 7])
Size of covariance_matrix_prime: torch.Size([1, 7, 7])
cosineSimilarity tensor([[1.0000, 1.0000, 1.0000, 1.0000, 1.0000, 1.0000, 1.0000]],
       grad_fn=<SumBackward1>)
Size of covariance_matrix: torch.Size([1, 7, 7])
Size of covariance_matrix_prime: torch.Size([1, 7, 7])
cosineSimilarity tensor([[1.0000, 1.0000, 1.0000, 1.0000, 0.9998, 1.0000, 0.9999]],
       grad_fn=<SumBackward1>)
Size of covariance_matrix: torch.Size([1, 7, 7])
Size of covariance_matrix_prime: torch.Size([1, 7, 7])
cosineSimilarity tensor([[0.9999, 1.0000, 0.9999, 0.9999, 0.9996, 0.9997, 1.0000]],
       grad_fn=<SumBackward1>)
Size of covariance_matrix: torch.Size([1, 7, 7])
Size of covariance_matrix_prime: torch.Size([1, 7, 7])
cosineSimilarity tensor([[1.0000, 1.0000, 1.0000, 1.0000, 0.9999, 1.0000, 1.0000]],
       grad_fn=<SumBackward1>)
Size of covariance_matrix: torch.Size([1, 7, 7])
Size of covariance_matrix_prime: torch.Size([1, 7, 7])
cosineSimilarity tensor([[1.0000, 1.0000, 1.0000, 1.0000, 1.0000, 1.0000, 1.0000]],
       grad_fn=<SumBackward1>)
Size of covariance_matrix: torch.Size([1, 7, 7])
Size of covariance_matrix_prime: torch.Size([1, 7, 7])
cosineSimilarity tensor([[1.0000, 0.9999, 0.9999, 1.0000, 1.0000, 1.0000, 1.0000]],
       grad_fn=<SumBackward1>)
Size of covariance_matrix: torch.Size([1, 7, 7])
Size of covariance_matrix_prime: torch.Size([1, 7, 7])
cosineSimilarity tensor([[1.0000, 1.0000, 1.0000, 1.0000, 1.0000, 1.0000, 1.0000]],
       grad_fn=<SumBackward1>)
Size of covariance_matrix: torch.Size([1, 7, 7])
Size of covariance_matrix_prime: torch.Size([1, 7, 7])
cosineSimilarity tensor([[1.0000, 1.0000, 1.0000, 1.0000, 1.0000, 1.0000, 1.0000]],
       grad_fn=<SumBackward1>)
Size of covariance_matrix: torch.Size([1, 7, 7])
Size of covariance_matrix_prime: torch.Size([1, 7, 7])
cosineSimilarity tensor([[1.0000, 1.0000, 0.9999, 1.0000, 0.9999, 1.0000, 1.0000]],
       grad_fn=<SumBackward1>)
Size of covariance_matrix: torch.Size([1, 7, 7])
Size of covariance_matrix_prime: torch.Size([1, 7, 7])
cosineSimilarity tensor([[1.0000, 0.9998, 0.9994, 0.9999, 0.9986, 0.9999, 0.9999]],
       grad_fn=<SumBackward1>)
Size of covariance_matrix: torch.Size([1, 7, 7])
Size of covariance_matrix_prime: torch.Size([1, 7, 7])
cosineSimilarity tensor([[1.0000, 1.0000, 0.9999, 1.0000, 0.9999, 1.0000, 1.0000]],
       grad_fn=<SumBackward1>)
Size of covariance_matrix: torch.Size([1, 7, 7])
Size of covariance_matrix_prime: torch.Size([1, 7, 7])
cosineSimilarity tensor([[1.0000, 1.0000, 1.0000, 1.0000, 1.0000, 1.0000, 0.9999]],
       grad_fn=<SumBackward1>)
Size of covariance_matrix: torch.Size([1, 7, 7])
Size of covariance_matrix_prime: torch.Size([1, 7, 7])
cosineSimilarity tensor([[1.0000, 1.0000, 1.0000, 1.0000, 1.0000, 1.0000, 1.0000]],
       grad_fn=<SumBackward1>)
Size of covariance_matrix: torch.Size([1, 7, 7])
Size of covariance_matrix_prime: torch.Size([1, 7, 7])
cosineSimilarity tensor([[1.0000, 1.0000, 1.0000, 1.0000, 0.9999, 1.0000, 1.0000]],
       grad_fn=<SumBackward1>)
Size of covariance_matrix: torch.Size([1, 7, 7])
Size of covariance_matrix_prime: torch.Size([1, 7, 7])
cosineSimilarity tensor([[1.0000, 1.0000, 1.0000, 1.0000, 1.0000, 1.0000, 1.0000]],
       grad_fn=<SumBackward1>)
Size of covariance_matrix: torch.Size([1, 7, 7])
Size of covariance_matrix_prime: torch.Size([1, 7, 7])
cosineSimilarity tensor([[0.9999, 1.0000, 1.0000, 1.0000, 1.0000, 1.0000, 1.0000]],
       grad_fn=<SumBackward1>)
Size of covariance_matrix: torch.Size([1, 7, 7])
Size of covariance_matrix_prime: torch.Size([1, 7, 7])
cosineSimilarity tensor([[0.9999, 0.9999, 0.9998, 1.0000, 0.9991, 0.9999, 0.9997]],
       grad_fn=<SumBackward1>)
Size of covariance_matrix: torch.Size([1, 7, 7])
Size of covariance_matrix_prime: torch.Size([1, 7, 7])
cosineSimilarity tensor([[1.0000, 1.0000, 0.9999, 1.0000, 1.0000, 1.0000, 1.0000]],
       grad_fn=<SumBackward1>)
Size of covariance_matrix: torch.Size([1, 7, 7])
Size of covariance_matrix_prime: torch.Size([1, 7, 7])
cosineSimilarity tensor([[1.0000, 1.0000, 1.0000, 1.0000, 1.0000, 1.0000, 1.0000]],
       grad_fn=<SumBackward1>)
Size of covariance_matrix: torch.Size([1, 7, 7])
Size of covariance_matrix_prime: torch.Size([1, 7, 7])
cosineSimilarity tensor([[0.9999, 1.0000, 1.0000, 1.0000, 1.0000, 1.0000, 0.9999]],
       grad_fn=<SumBackward1>)
Size of covariance_matrix: torch.Size([1, 7, 7])
Size of covariance_matrix_prime: torch.Size([1, 7, 7])
cosineSimilarity tensor([[1.0000, 1.0000, 1.0000, 1.0000, 1.0000, 1.0000, 1.0000]],
       grad_fn=<SumBackward1>)
Size of covariance_matrix: torch.Size([1, 7, 7])
Size of covariance_matrix_prime: torch.Size([1, 7, 7])
cosineSimilarity tensor([[1.0000, 1.0000, 0.9999, 0.9999, 0.9999, 1.0000, 1.0000]],
       grad_fn=<SumBackward1>)
Size of covariance_matrix: torch.Size([1, 7, 7])
Size of covariance_matrix_prime: torch.Size([1, 7, 7])
cosineSimilarity tensor([[1.0000, 0.9999, 0.9999, 1.0000, 1.0000, 1.0000, 1.0000]],
       grad_fn=<SumBackward1>)
Size of covariance_matrix: torch.Size([1, 7, 7])
Size of covariance_matrix_prime: torch.Size([1, 7, 7])
cosineSimilarity tensor([[0.9999, 1.0000, 1.0000, 1.0000, 0.9999, 0.9999, 0.9999]],
       grad_fn=<SumBackward1>)
Size of covariance_matrix: torch.Size([1, 7, 7])
Size of covariance_matrix_prime: torch.Size([1, 7, 7])
cosineSimilarity tensor([[1.0000, 1.0000, 1.0000, 1.0000, 1.0000, 1.0000, 1.0000]],
       grad_fn=<SumBackward1>)
Size of covariance_matrix: torch.Size([1, 7, 7])
Size of covariance_matrix_prime: torch.Size([1, 7, 7])
cosineSimilarity tensor([[1.0000, 1.0000, 1.0000, 1.0000, 1.0000, 1.0000, 1.0000]],
       grad_fn=<SumBackward1>)
Size of covariance_matrix: torch.Size([1, 7, 7])
Size of covariance_matrix_prime: torch.Size([1, 7, 7])
cosineSimilarity tensor([[1.0000, 0.9999, 1.0000, 1.0000, 1.0000, 1.0000, 0.9999]],
       grad_fn=<SumBackward1>)
Size of covariance_matrix: torch.Size([1, 7, 7])
Size of covariance_matrix_prime: torch.Size([1, 7, 7])
cosineSimilarity tensor([[1.0000, 1.0000, 1.0000, 1.0000, 0.9999, 1.0000, 1.0000]],
       grad_fn=<SumBackward1>)
Size of covariance_matrix: torch.Size([1, 7, 7])
Size of covariance_matrix_prime: torch.Size([1, 7, 7])
cosineSimilarity tensor([[1.0000, 1.0000, 0.9999, 1.0000, 0.9999, 1.0000, 1.0000]],
       grad_fn=<SumBackward1>)
Size of covariance_matrix: torch.Size([1, 7, 7])
Size of covariance_matrix_prime: torch.Size([1, 7, 7])
cosineSimilarity tensor([[1.0000, 1.0000, 1.0000, 1.0000, 1.0000, 1.0000, 1.0000]],
       grad_fn=<SumBackward1>)
Size of covariance_matrix: torch.Size([1, 7, 7])
Size of covariance_matrix_prime: torch.Size([1, 7, 7])
cosineSimilarity tensor([[1.0000, 1.0000, 1.0000, 1.0000, 1.0000, 1.0000, 1.0000]],
       grad_fn=<SumBackward1>)
Size of covariance_matrix: torch.Size([1, 7, 7])
Size of covariance_matrix_prime: torch.Size([1, 7, 7])
cosineSimilarity tensor([[1.0000, 0.9999, 0.9999, 1.0000, 0.9999, 1.0000, 1.0000]],
       grad_fn=<SumBackward1>)
Size of covariance_matrix: torch.Size([1, 7, 7])
Size of covariance_matrix_prime: torch.Size([1, 7, 7])
cosineSimilarity tensor([[1.0000, 1.0000, 1.0000, 1.0000, 0.9999, 1.0000, 1.0000]],
       grad_fn=<SumBackward1>)
Size of covariance_matrix: torch.Size([1, 7, 7])
Size of covariance_matrix_prime: torch.Size([1, 7, 7])
cosineSimilarity tensor([[1.0000, 1.0000, 1.0000, 1.0000, 1.0000, 1.0000, 1.0000]],
       grad_fn=<SumBackward1>)
Size of covariance_matrix: torch.Size([1, 7, 7])
Size of covariance_matrix_prime: torch.Size([1, 7, 7])
cosineSimilarity tensor([[1.0000, 0.9998, 1.0000, 1.0000, 1.0000, 1.0000, 1.0000]],
       grad_fn=<SumBackward1>)
Size of covariance_matrix: torch.Size([1, 7, 7])
Size of covariance_matrix_prime: torch.Size([1, 7, 7])
cosineSimilarity tensor([[1.0000, 1.0000, 1.0000, 1.0000, 1.0000, 1.0000, 0.9999]],
       grad_fn=<SumBackward1>)
Size of covariance_matrix: torch.Size([1, 7, 7])
Size of covariance_matrix_prime: torch.Size([1, 7, 7])
cosineSimilarity tensor([[1.0000, 1.0000, 1.0000, 1.0000, 1.0000, 1.0000, 1.0000]],
       grad_fn=<SumBackward1>)
Size of covariance_matrix: torch.Size([1, 7, 7])
Size of covariance_matrix_prime: torch.Size([1, 7, 7])
cosineSimilarity tensor([[0.9999, 1.0000, 0.9999, 1.0000, 0.9999, 1.0000, 0.9999]],
       grad_fn=<SumBackward1>)
Size of covariance_matrix: torch.Size([1, 7, 7])
Size of covariance_matrix_prime: torch.Size([1, 7, 7])
cosineSimilarity tensor([[1.0000, 1.0000, 1.0000, 1.0000, 1.0000, 1.0000, 1.0000]],
       grad_fn=<SumBackward1>)
Size of covariance_matrix: torch.Size([1, 7, 7])
Size of covariance_matrix_prime: torch.Size([1, 7, 7])
cosineSimilarity tensor([[1.0000, 1.0000, 1.0000, 1.0000, 0.9998, 1.0000, 0.9999]],
       grad_fn=<SumBackward1>)
Size of covariance_matrix: torch.Size([1, 7, 7])
Size of covariance_matrix_prime: torch.Size([1, 7, 7])
cosineSimilarity tensor([[1.0000, 1.0000, 1.0000, 1.0000, 1.0000, 1.0000, 1.0000]],
       grad_fn=<SumBackward1>)
Size of covariance_matrix: torch.Size([1, 7, 7])
Size of covariance_matrix_prime: torch.Size([1, 7, 7])
cosineSimilarity tensor([[1.0000, 1.0000, 1.0000, 1.0000, 1.0000, 1.0000, 1.0000]],
       grad_fn=<SumBackward1>)
Size of covariance_matrix: torch.Size([1, 7, 7])
Size of covariance_matrix_prime: torch.Size([1, 7, 7])
cosineSimilarity tensor([[1.0000, 1.0000, 1.0000, 1.0000, 0.9999, 1.0000, 1.0000]],
       grad_fn=<SumBackward1>)
Size of covariance_matrix: torch.Size([1, 7, 7])
Size of covariance_matrix_prime: torch.Size([1, 7, 7])
cosineSimilarity tensor([[1.0000, 1.0000, 1.0000, 1.0000, 1.0000, 1.0000, 1.0000]],
       grad_fn=<SumBackward1>)
Size of covariance_matrix: torch.Size([1, 7, 7])
Size of covariance_matrix_prime: torch.Size([1, 7, 7])
cosineSimilarity tensor([[1.0000, 1.0000, 0.9999, 1.0000, 0.9999, 1.0000, 1.0000]],
       grad_fn=<SumBackward1>)
Size of covariance_matrix: torch.Size([1, 7, 7])
Size of covariance_matrix_prime: torch.Size([1, 7, 7])
cosineSimilarity tensor([[1.0000, 1.0000, 1.0000, 1.0000, 1.0000, 1.0000, 1.0000]],
       grad_fn=<SumBackward1>)
Size of covariance_matrix: torch.Size([1, 7, 7])
Size of covariance_matrix_prime: torch.Size([1, 7, 7])
cosineSimilarity tensor([[1.0000, 1.0000, 1.0000, 1.0000, 0.9999, 1.0000, 1.0000]],
       grad_fn=<SumBackward1>)
Size of covariance_matrix: torch.Size([1, 7, 7])
Size of covariance_matrix_prime: torch.Size([1, 7, 7])
cosineSimilarity tensor([[1.0000, 1.0000, 1.0000, 1.0000, 1.0000, 1.0000, 0.9999]],
       grad_fn=<SumBackward1>)
Size of covariance_matrix: torch.Size([1, 7, 7])
Size of covariance_matrix_prime: torch.Size([1, 7, 7])
cosineSimilarity tensor([[0.9999, 0.9999, 1.0000, 0.9999, 0.9999, 0.9999, 0.9998]],
       grad_fn=<SumBackward1>)
Size of covariance_matrix: torch.Size([1, 7, 7])
Size of covariance_matrix_prime: torch.Size([1, 7, 7])
cosineSimilarity tensor([[1.0000, 0.9999, 0.9998, 0.9999, 0.9998, 1.0000, 0.9999]],
       grad_fn=<SumBackward1>)
Size of covariance_matrix: torch.Size([1, 7, 7])
Size of covariance_matrix_prime: torch.Size([1, 7, 7])
cosineSimilarity tensor([[1.0000, 1.0000, 0.9998, 1.0000, 0.9996, 1.0000, 0.9999]],
       grad_fn=<SumBackward1>)
Size of covariance_matrix: torch.Size([1, 7, 7])
Size of covariance_matrix_prime: torch.Size([1, 7, 7])
cosineSimilarity tensor([[1.0000, 1.0000, 1.0000, 1.0000, 1.0000, 1.0000, 1.0000]],
       grad_fn=<SumBackward1>)
Size of covariance_matrix: torch.Size([1, 7, 7])
Size of covariance_matrix_prime: torch.Size([1, 7, 7])
cosineSimilarity tensor([[1.0000, 1.0000, 1.0000, 0.9999, 1.0000, 1.0000, 1.0000]],
       grad_fn=<SumBackward1>)
Size of covariance_matrix: torch.Size([1, 7, 7])
Size of covariance_matrix_prime: torch.Size([1, 7, 7])
cosineSimilarity tensor([[1.0000, 1.0000, 1.0000, 1.0000, 1.0000, 1.0000, 0.9999]],
       grad_fn=<SumBackward1>)
Size of covariance_matrix: torch.Size([1, 7, 7])
Size of covariance_matrix_prime: torch.Size([1, 7, 7])
cosineSimilarity tensor([[1.0000, 1.0000, 0.9999, 0.9999, 0.9994, 1.0000, 0.9999]],
       grad_fn=<SumBackward1>)
Size of covariance_matrix: torch.Size([1, 7, 7])
Size of covariance_matrix_prime: torch.Size([1, 7, 7])
cosineSimilarity tensor([[1.0000, 1.0000, 1.0000, 1.0000, 0.9999, 1.0000, 1.0000]],
       grad_fn=<SumBackward1>)
Size of covariance_matrix: torch.Size([1, 7, 7])
Size of covariance_matrix_prime: torch.Size([1, 7, 7])
cosineSimilarity tensor([[1.0000, 1.0000, 0.9999, 1.0000, 0.9997, 1.0000, 1.0000]],
       grad_fn=<SumBackward1>)
Size of covariance_matrix: torch.Size([1, 7, 7])
Size of covariance_matrix_prime: torch.Size([1, 7, 7])
cosineSimilarity tensor([[1.0000, 1.0000, 1.0000, 1.0000, 1.0000, 1.0000, 1.0000]],
       grad_fn=<SumBackward1>)
Size of covariance_matrix: torch.Size([1, 7, 7])
Size of covariance_matrix_prime: torch.Size([1, 7, 7])
cosineSimilarity tensor([[1.0000, 1.0000, 1.0000, 1.0000, 1.0000, 1.0000, 1.0000]],
       grad_fn=<SumBackward1>)
Size of covariance_matrix: torch.Size([1, 7, 7])
Size of covariance_matrix_prime: torch.Size([1, 7, 7])
cosineSimilarity tensor([[1.0000, 1.0000, 1.0000, 1.0000, 1.0000, 1.0000, 1.0000]],
       grad_fn=<SumBackward1>)
Size of covariance_matrix: torch.Size([1, 7, 7])
Size of covariance_matrix_prime: torch.Size([1, 7, 7])
cosineSimilarity tensor([[1.0000, 1.0000, 1.0000, 0.9999, 0.9998, 1.0000, 1.0000]],
       grad_fn=<SumBackward1>)
Size of covariance_matrix: torch.Size([1, 7, 7])
Size of covariance_matrix_prime: torch.Size([1, 7, 7])
cosineSimilarity tensor([[0.9999, 1.0000, 1.0000, 1.0000, 1.0000, 1.0000, 1.0000]],
       grad_fn=<SumBackward1>)
Size of covariance_matrix: torch.Size([1, 7, 7])
Size of covariance_matrix_prime: torch.Size([1, 7, 7])
cosineSimilarity tensor([[1.0000, 1.0000, 1.0000, 1.0000, 0.9998, 1.0000, 1.0000]],
       grad_fn=<SumBackward1>)
Size of covariance_matrix: torch.Size([1, 7, 7])
Size of covariance_matrix_prime: torch.Size([1, 7, 7])
cosineSimilarity tensor([[1.0000, 1.0000, 1.0000, 1.0000, 1.0000, 1.0000, 1.0000]],
       grad_fn=<SumBackward1>)
Size of covariance_matrix: torch.Size([1, 7, 7])
Size of covariance_matrix_prime: torch.Size([1, 7, 7])
cosineSimilarity tensor([[1.0000, 1.0000, 1.0000, 1.0000, 1.0000, 1.0000, 1.0000]],
       grad_fn=<SumBackward1>)
Size of covariance_matrix: torch.Size([1, 7, 7])
Size of covariance_matrix_prime: torch.Size([1, 7, 7])
cosineSimilarity tensor([[1.0000, 1.0000, 1.0000, 1.0000, 1.0000, 1.0000, 1.0000]],
       grad_fn=<SumBackward1>)
Size of covariance_matrix: torch.Size([1, 7, 7])
Size of covariance_matrix_prime: torch.Size([1, 7, 7])
cosineSimilarity tensor([[1.0000, 0.9999, 1.0000, 1.0000, 0.9999, 1.0000, 0.9999]],
       grad_fn=<SumBackward1>)
Size of covariance_matrix: torch.Size([1, 7, 7])
Size of covariance_matrix_prime: torch.Size([1, 7, 7])
cosineSimilarity tensor([[1.0000, 0.9999, 0.9999, 1.0000, 0.9999, 1.0000, 0.9999]],
       grad_fn=<SumBackward1>)
Size of covariance_matrix: torch.Size([1, 7, 7])
Size of covariance_matrix_prime: torch.Size([1, 7, 7])
cosineSimilarity tensor([[1.0000, 1.0000, 1.0000, 1.0000, 1.0000, 1.0000, 1.0000]],
       grad_fn=<SumBackward1>)
Size of covariance_matrix: torch.Size([1, 7, 7])
Size of covariance_matrix_prime: torch.Size([1, 7, 7])
cosineSimilarity tensor([[1.0000, 1.0000, 1.0000, 1.0000, 1.0000, 1.0000, 1.0000]],
       grad_fn=<SumBackward1>)
Size of covariance_matrix: torch.Size([1, 7, 7])
Size of covariance_matrix_prime: torch.Size([1, 7, 7])
cosineSimilarity tensor([[1.0000, 1.0000, 1.0000, 0.9999, 0.9997, 1.0000, 0.9999]],
       grad_fn=<SumBackward1>)
Size of covariance_matrix: torch.Size([1, 7, 7])
Size of covariance_matrix_prime: torch.Size([1, 7, 7])
cosineSimilarity tensor([[1.0000, 1.0000, 1.0000, 1.0000, 1.0000, 1.0000, 1.0000]],
       grad_fn=<SumBackward1>)
Size of covariance_matrix: torch.Size([1, 7, 7])
Size of covariance_matrix_prime: torch.Size([1, 7, 7])
cosineSimilarity tensor([[1.0000, 1.0000, 1.0000, 1.0000, 1.0000, 1.0000, 1.0000]],
       grad_fn=<SumBackward1>)
Size of covariance_matrix: torch.Size([1, 7, 7])
Size of covariance_matrix_prime: torch.Size([1, 7, 7])
cosineSimilarity tensor([[1.0000, 1.0000, 1.0000, 1.0000, 1.0000, 1.0000, 1.0000]],
       grad_fn=<SumBackward1>)
Size of covariance_matrix: torch.Size([1, 7, 7])
Size of covariance_matrix_prime: torch.Size([1, 7, 7])
cosineSimilarity tensor([[1.0000, 1.0000, 1.0000, 1.0000, 0.9998, 0.9999, 1.0000]],
       grad_fn=<SumBackward1>)
Size of covariance_matrix: torch.Size([1, 7, 7])
Size of covariance_matrix_prime: torch.Size([1, 7, 7])
cosineSimilarity tensor([[1.0000, 1.0000, 0.9999, 1.0000, 1.0000, 1.0000, 1.0000]],
       grad_fn=<SumBackward1>)
Size of covariance_matrix: torch.Size([1, 7, 7])
Size of covariance_matrix_prime: torch.Size([1, 7, 7])
cosineSimilarity tensor([[0.9999, 1.0000, 1.0000, 1.0000, 1.0000, 1.0000, 1.0000]],
       grad_fn=<SumBackward1>)
Size of covariance_matrix: torch.Size([1, 7, 7])
Size of covariance_matrix_prime: torch.Size([1, 7, 7])
cosineSimilarity tensor([[1.0000, 1.0000, 1.0000, 1.0000, 0.9999, 1.0000, 1.0000]],
       grad_fn=<SumBackward1>)
Size of covariance_matrix: torch.Size([1, 7, 7])
Size of covariance_matrix_prime: torch.Size([1, 7, 7])
cosineSimilarity tensor([[1.0000, 1.0000, 1.0000, 1.0000, 0.9999, 1.0000, 1.0000]],
       grad_fn=<SumBackward1>)
Size of covariance_matrix: torch.Size([1, 7, 7])
Size of covariance_matrix_prime: torch.Size([1, 7, 7])
cosineSimilarity tensor([[0.9999, 0.9999, 0.9998, 0.9999, 0.9997, 0.9999, 0.9999]],
       grad_fn=<SumBackward1>)
Size of covariance_matrix: torch.Size([1, 7, 7])
Size of covariance_matrix_prime: torch.Size([1, 7, 7])
cosineSimilarity tensor([[0.9999, 0.9998, 0.9999, 0.9998, 0.9999, 1.0000, 0.9999]],
       grad_fn=<SumBackward1>)
Size of covariance_matrix: torch.Size([1, 7, 7])
Size of covariance_matrix_prime: torch.Size([1, 7, 7])
cosineSimilarity tensor([[1.0000, 1.0000, 1.0000, 1.0000, 1.0000, 1.0000, 1.0000]],
       grad_fn=<SumBackward1>)
Size of covariance_matrix: torch.Size([1, 7, 7])
Size of covariance_matrix_prime: torch.Size([1, 7, 7])
cosineSimilarity tensor([[1.0000, 0.9999, 0.9999, 1.0000, 0.9999, 1.0000, 0.9999]],
       grad_fn=<SumBackward1>)
Size of covariance_matrix: torch.Size([1, 7, 7])
Size of covariance_matrix_prime: torch.Size([1, 7, 7])
cosineSimilarity tensor([[1.0000, 1.0000, 1.0000, 1.0000, 1.0000, 1.0000, 1.0000]],
       grad_fn=<SumBackward1>)
Size of covariance_matrix: torch.Size([1, 7, 7])
Size of covariance_matrix_prime: torch.Size([1, 7, 7])
cosineSimilarity tensor([[1.0000, 1.0000, 1.0000, 1.0000, 1.0000, 1.0000, 1.0000]],
       grad_fn=<SumBackward1>)
Size of covariance_matrix: torch.Size([1, 7, 7])
Size of covariance_matrix_prime: torch.Size([1, 7, 7])
cosineSimilarity tensor([[1.0000, 1.0000, 0.9999, 1.0000, 1.0000, 1.0000, 1.0000]],
       grad_fn=<SumBackward1>)
Size of covariance_matrix: torch.Size([1, 7, 7])
Size of covariance_matrix_prime: torch.Size([1, 7, 7])
cosineSimilarity tensor([[1.0000, 1.0000, 0.9999, 1.0000, 1.0000, 1.0000, 0.9998]],
       grad_fn=<SumBackward1>)
Size of covariance_matrix: torch.Size([1, 7, 7])
Size of covariance_matrix_prime: torch.Size([1, 7, 7])
cosineSimilarity tensor([[1.0000, 0.9999, 1.0000, 1.0000, 1.0000, 1.0000, 1.0000]],
       grad_fn=<SumBackward1>)
Size of covariance_matrix: torch.Size([1, 7, 7])
Size of covariance_matrix_prime: torch.Size([1, 7, 7])
cosineSimilarity tensor([[1.0000, 1.0000, 1.0000, 1.0000, 1.0000, 1.0000, 1.0000]],
       grad_fn=<SumBackward1>)
Size of covariance_matrix: torch.Size([1, 7, 7])
Size of covariance_matrix_prime: torch.Size([1, 7, 7])
cosineSimilarity tensor([[1.0000, 1.0000, 0.9997, 1.0000, 0.9998, 1.0000, 0.9999]],
       grad_fn=<SumBackward1>)
Size of covariance_matrix: torch.Size([1, 7, 7])
Size of covariance_matrix_prime: torch.Size([1, 7, 7])
cosineSimilarity tensor([[1.0000, 1.0000, 0.9997, 1.0000, 1.0000, 1.0000, 1.0000]],
       grad_fn=<SumBackward1>)
Size of covariance_matrix: torch.Size([1, 7, 7])
Size of covariance_matrix_prime: torch.Size([1, 7, 7])
cosineSimilarity tensor([[1.0000, 0.9998, 0.9997, 0.9999, 0.9996, 1.0000, 0.9997]],
       grad_fn=<SumBackward1>)
Size of covariance_matrix: torch.Size([1, 7, 7])
Size of covariance_matrix_prime: torch.Size([1, 7, 7])
cosineSimilarity tensor([[1.0000, 1.0000, 1.0000, 1.0000, 1.0000, 1.0000, 1.0000]],
       grad_fn=<SumBackward1>)
Size of covariance_matrix: torch.Size([1, 7, 7])
Size of covariance_matrix_prime: torch.Size([1, 7, 7])
cosineSimilarity tensor([[1.0000, 0.9999, 1.0000, 1.0000, 1.0000, 1.0000, 1.0000]],
       grad_fn=<SumBackward1>)
Size of covariance_matrix: torch.Size([1, 7, 7])
Size of covariance_matrix_prime: torch.Size([1, 7, 7])
cosineSimilarity tensor([[1.0000, 0.9998, 0.9999, 1.0000, 0.9999, 1.0000, 1.0000]],
       grad_fn=<SumBackward1>)
Size of covariance_matrix: torch.Size([1, 7, 7])
Size of covariance_matrix_prime: torch.Size([1, 7, 7])
cosineSimilarity tensor([[0.9997, 0.9999, 0.9997, 0.9999, 0.9996, 0.9999, 0.9999]],
       grad_fn=<SumBackward1>)
Size of covariance_matrix: torch.Size([1, 7, 7])
Size of covariance_matrix_prime: torch.Size([1, 7, 7])
cosineSimilarity tensor([[1.0000, 1.0000, 0.9999, 1.0000, 1.0000, 1.0000, 1.0000]],
       grad_fn=<SumBackward1>)
Size of covariance_matrix: torch.Size([1, 7, 7])
Size of covariance_matrix_prime: torch.Size([1, 7, 7])
cosineSimilarity tensor([[1.0000, 1.0000, 0.9999, 1.0000, 0.9998, 1.0000, 1.0000]],
       grad_fn=<SumBackward1>)
Size of covariance_matrix: torch.Size([1, 7, 7])
Size of covariance_matrix_prime: torch.Size([1, 7, 7])
cosineSimilarity tensor([[1.0000, 1.0000, 1.0000, 1.0000, 1.0000, 1.0000, 1.0000]],
       grad_fn=<SumBackward1>)
Size of covariance_matrix: torch.Size([1, 7, 7])
Size of covariance_matrix_prime: torch.Size([1, 7, 7])
cosineSimilarity tensor([[0.9998, 1.0000, 0.9999, 1.0000, 0.9999, 1.0000, 1.0000]],
       grad_fn=<SumBackward1>)
Size of covariance_matrix: torch.Size([1, 7, 7])
Size of covariance_matrix_prime: torch.Size([1, 7, 7])
cosineSimilarity tensor([[1.0000, 1.0000, 1.0000, 1.0000, 0.9999, 1.0000, 1.0000]],
       grad_fn=<SumBackward1>)
Size of covariance_matrix: torch.Size([1, 7, 7])
Size of covariance_matrix_prime: torch.Size([1, 7, 7])
cosineSimilarity tensor([[1.0000, 1.0000, 1.0000, 1.0000, 1.0000, 1.0000, 1.0000]],
       grad_fn=<SumBackward1>)
Size of covariance_matrix: torch.Size([1, 7, 7])
Size of covariance_matrix_prime: torch.Size([1, 7, 7])
cosineSimilarity tensor([[1.0000, 1.0000, 1.0000, 1.0000, 1.0000, 1.0000, 1.0000]],
       grad_fn=<SumBackward1>)
Size of covariance_matrix: torch.Size([1, 7, 7])
Size of covariance_matrix_prime: torch.Size([1, 7, 7])
cosineSimilarity tensor([[1.0000, 1.0000, 1.0000, 1.0000, 0.9997, 1.0000, 1.0000]],
       grad_fn=<SumBackward1>)
Size of covariance_matrix: torch.Size([1, 7, 7])
Size of covariance_matrix_prime: torch.Size([1, 7, 7])
cosineSimilarity tensor([[1.0000, 1.0000, 1.0000, 1.0000, 1.0000, 1.0000, 1.0000]],
       grad_fn=<SumBackward1>)
Size of covariance_matrix: torch.Size([1, 7, 7])
Size of covariance_matrix_prime: torch.Size([1, 7, 7])
cosineSimilarity tensor([[1.0000, 0.9998, 1.0000, 1.0000, 0.9999, 1.0000, 0.9999]],
       grad_fn=<SumBackward1>)
Size of covariance_matrix: torch.Size([1, 7, 7])
Size of covariance_matrix_prime: torch.Size([1, 7, 7])
cosineSimilarity tensor([[1.0000, 1.0000, 1.0000, 1.0000, 0.9999, 1.0000, 1.0000]],
       grad_fn=<SumBackward1>)
Size of covariance_matrix: torch.Size([1, 7, 7])
Size of covariance_matrix_prime: torch.Size([1, 7, 7])
cosineSimilarity tensor([[1.0000, 0.9999, 0.9998, 1.0000, 0.9999, 1.0000, 1.0000]],
       grad_fn=<SumBackward1>)
Size of covariance_matrix: torch.Size([1, 7, 7])
Size of covariance_matrix_prime: torch.Size([1, 7, 7])
cosineSimilarity tensor([[1.0000, 1.0000, 1.0000, 0.9999, 1.0000, 1.0000, 1.0000]],
       grad_fn=<SumBackward1>)
Size of covariance_matrix: torch.Size([1, 7, 7])
Size of covariance_matrix_prime: torch.Size([1, 7, 7])
cosineSimilarity tensor([[1.0000, 1.0000, 1.0000, 1.0000, 0.9998, 1.0000, 0.9999]],
       grad_fn=<SumBackward1>)
Size of covariance_matrix: torch.Size([1, 7, 7])
Size of covariance_matrix_prime: torch.Size([1, 7, 7])
cosineSimilarity tensor([[1.0000, 1.0000, 1.0000, 1.0000, 1.0000, 1.0000, 0.9999]],
       grad_fn=<SumBackward1>)
Size of covariance_matrix: torch.Size([1, 7, 7])
Size of covariance_matrix_prime: torch.Size([1, 7, 7])
cosineSimilarity tensor([[1.0000, 1.0000, 0.9999, 0.9999, 0.9999, 0.9999, 0.9999]],
       grad_fn=<SumBackward1>)
Size of covariance_matrix: torch.Size([1, 7, 7])
Size of covariance_matrix_prime: torch.Size([1, 7, 7])
cosineSimilarity tensor([[1.0000, 1.0000, 1.0000, 1.0000, 1.0000, 1.0000, 1.0000]],
       grad_fn=<SumBackward1>)
Size of covariance_matrix: torch.Size([1, 7, 7])
Size of covariance_matrix_prime: torch.Size([1, 7, 7])
cosineSimilarity tensor([[0.9999, 0.9999, 0.9999, 1.0000, 0.9998, 1.0000, 0.9999]],
       grad_fn=<SumBackward1>)
Size of covariance_matrix: torch.Size([1, 7, 7])
Size of covariance_matrix_prime: torch.Size([1, 7, 7])
cosineSimilarity tensor([[1.0000, 1.0000, 0.9999, 1.0000, 0.9998, 1.0000, 0.9999]],
       grad_fn=<SumBackward1>)
Size of covariance_matrix: torch.Size([1, 7, 7])
Size of covariance_matrix_prime: torch.Size([1, 7, 7])
cosineSimilarity tensor([[1.0000, 1.0000, 1.0000, 1.0000, 1.0000, 1.0000, 1.0000]],
       grad_fn=<SumBackward1>)
Size of covariance_matrix: torch.Size([1, 7, 7])
dataset loaded
Length of delta_q_desired: 2193
Size of covariance_matrix_prime: torch.Size([1, 7, 7])
cosineSimilarity tensor([[1.0000, 1.0000, 1.0000, 1.0000, 1.0000, 1.0000, 1.0000]],
       grad_fn=<SumBackward1>)
Size of covariance_matrix: torch.Size([1, 7, 7])
Size of covariance_matrix_prime: torch.Size([1, 7, 7])
cosineSimilarity tensor([[1.0000, 1.0000, 1.0000, 1.0000, 1.0000, 1.0000, 1.0000]],
       grad_fn=<SumBackward1>)
Size of covariance_matrix: torch.Size([1, 7, 7])
Size of covariance_matrix_prime: torch.Size([1, 7, 7])
cosineSimilarity tensor([[1.0000, 1.0000, 1.0000, 1.0000, 1.0000, 1.0000, 1.0000]],
       grad_fn=<SumBackward1>)
Size of covariance_matrix: torch.Size([1, 7, 7])
Size of covariance_matrix_prime: torch.Size([1, 7, 7])
cosineSimilarity tensor([[1.0000, 1.0000, 1.0000, 1.0000, 1.0000, 1.0000, 1.0000]],
       grad_fn=<SumBackward1>)
Size of covariance_matrix: torch.Size([1, 7, 7])
Size of covariance_matrix_prime: torch.Size([1, 7, 7])
cosineSimilarity tensor([[1.0000, 1.0000, 1.0000, 1.0000, 1.0000, 1.0000, 1.0000]],
       grad_fn=<SumBackward1>)
Size of covariance_matrix: torch.Size([1, 7, 7])
Size of covariance_matrix_prime: torch.Size([1, 7, 7])
cosineSimilarity tensor([[1.0000, 1.0000, 1.0000, 1.0000, 1.0000, 1.0000, 1.0000]],
       grad_fn=<SumBackward1>)
Size of covariance_matrix: torch.Size([1, 7, 7])
Size of covariance_matrix_prime: torch.Size([1, 7, 7])
cosineSimilarity tensor([[1.0000, 1.0000, 1.0000, 1.0000, 1.0000, 1.0000, 1.0000]],
       grad_fn=<SumBackward1>)
Size of covariance_matrix: torch.Size([1, 7, 7])
Size of covariance_matrix_prime: torch.Size([1, 7, 7])
cosineSimilarity tensor([[1.0000, 1.0000, 1.0000, 1.0000, 1.0000, 1.0000, 1.0000]],
       grad_fn=<SumBackward1>)
Size of covariance_matrix: torch.Size([1, 7, 7])
Size of covariance_matrix_prime: torch.Size([1, 7, 7])
cosineSimilarity tensor([[1.0000, 1.0000, 1.0000, 1.0000, 1.0000, 1.0000, 1.0000]],
       grad_fn=<SumBackward1>)
Size of covariance_matrix: torch.Size([1, 7, 7])
Size of covariance_matrix_prime: torch.Size([1, 7, 7])
cosineSimilarity tensor([[1.0000, 1.0000, 1.0000, 1.0000, 1.0000, 1.0000, 1.0000]],
       grad_fn=<SumBackward1>)
Size of covariance_matrix: torch.Size([1, 7, 7])
Size of covariance_matrix_prime: torch.Size([1, 7, 7])
cosineSimilarity tensor([[1.0000, 1.0000, 1.0000, 1.0000, 1.0000, 1.0000, 1.0000]],
       grad_fn=<SumBackward1>)
Size of covariance_matrix: torch.Size([1, 7, 7])
Size of covariance_matrix_prime: torch.Size([1, 7, 7])
cosineSimilarity tensor([[1.0000, 1.0000, 1.0000, 1.0000, 1.0000, 1.0000, 1.0000]],
       grad_fn=<SumBackward1>)
Size of covariance_matrix: torch.Size([1, 7, 7])
Size of covariance_matrix_prime: torch.Size([1, 7, 7])
cosineSimilarity tensor([[1.0000, 1.0000, 1.0000, 1.0000, 1.0000, 1.0000, 1.0000]],
       grad_fn=<SumBackward1>)
Size of covariance_matrix: torch.Size([1, 7, 7])
Size of covariance_matrix_prime: torch.Size([1, 7, 7])
cosineSimilarity tensor([[1.0000, 1.0000, 1.0000, 1.0000, 1.0000, 1.0000, 1.0000]],
       grad_fn=<SumBackward1>)
Size of covariance_matrix: torch.Size([1, 7, 7])
Size of covariance_matrix_prime: torch.Size([1, 7, 7])
cosineSimilarity tensor([[1.0000, 1.0000, 1.0000, 1.0000, 1.0000, 1.0000, 1.0000]],
       grad_fn=<SumBackward1>)
Size of covariance_matrix: torch.Size([1, 7, 7])
Size of covariance_matrix_prime: torch.Size([1, 7, 7])
cosineSimilarity tensor([[1.0000, 1.0000, 1.0000, 1.0000, 1.0000, 1.0000, 1.0000]],
       grad_fn=<SumBackward1>)
Size of covariance_matrix: torch.Size([1, 7, 7])
Size of covariance_matrix_prime: torch.Size([1, 7, 7])
cosineSimilarity tensor([[1.0000, 1.0000, 1.0000, 1.0000, 1.0000, 1.0000, 1.0000]],
       grad_fn=<SumBackward1>)
Size of covariance_matrix: torch.Size([1, 7, 7])
Size of covariance_matrix_prime: torch.Size([1, 7, 7])
cosineSimilarity tensor([[1.0000, 1.0000, 1.0000, 1.0000, 1.0000, 1.0000, 1.0000]],
       grad_fn=<SumBackward1>)
Size of covariance_matrix: torch.Size([1, 7, 7])
Size of covariance_matrix_prime: torch.Size([1, 7, 7])
cosineSimilarity tensor([[1.0000, 1.0000, 1.0000, 1.0000, 1.0000, 1.0000, 1.0000]],
       grad_fn=<SumBackward1>)
Size of covariance_matrix: torch.Size([1, 7, 7])
Size of covariance_matrix_prime: torch.Size([1, 7, 7])
cosineSimilarity tensor([[1.0000, 1.0000, 1.0000, 1.0000, 1.0000, 1.0000, 1.0000]],
       grad_fn=<SumBackward1>)
Size of covariance_matrix: torch.Size([1, 7, 7])
Size of covariance_matrix_prime: torch.Size([1, 7, 7])
cosineSimilarity tensor([[1.0000, 1.0000, 1.0000, 1.0000, 1.0000, 1.0000, 1.0000]],
       grad_fn=<SumBackward1>)
Size of covariance_matrix: torch.Size([1, 7, 7])
Size of covariance_matrix_prime: torch.Size([1, 7, 7])
cosineSimilarity tensor([[1.0000, 1.0000, 1.0000, 1.0000, 1.0000, 1.0000, 1.0000]],
       grad_fn=<SumBackward1>)
Size of covariance_matrix: torch.Size([1, 7, 7])
Size of covariance_matrix_prime: torch.Size([1, 7, 7])
cosineSimilarity tensor([[1.0000, 1.0000, 1.0000, 1.0000, 1.0000, 1.0000, 1.0000]],
       grad_fn=<SumBackward1>)
Size of covariance_matrix: torch.Size([1, 7, 7])
Size of covariance_matrix_prime: torch.Size([1, 7, 7])
cosineSimilarity tensor([[1.0000, 1.0000, 1.0000, 1.0000, 1.0000, 1.0000, 1.0000]],
       grad_fn=<SumBackward1>)
Size of covariance_matrix: torch.Size([1, 7, 7])
Size of covariance_matrix_prime: torch.Size([1, 7, 7])
cosineSimilarity tensor([[1.0000, 1.0000, 1.0000, 1.0000, 1.0000, 1.0000, 1.0000]],
       grad_fn=<SumBackward1>)
Size of covariance_matrix: torch.Size([1, 7, 7])
Size of covariance_matrix_prime: torch.Size([1, 7, 7])
cosineSimilarity tensor([[1.0000, 1.0000, 1.0000, 1.0000, 1.0000, 1.0000, 1.0000]],
       grad_fn=<SumBackward1>)
Size of covariance_matrix: torch.Size([1, 7, 7])
Size of covariance_matrix_prime: torch.Size([1, 7, 7])
cosineSimilarity tensor([[1.0000, 1.0000, 1.0000, 1.0000, 1.0000, 1.0000, 1.0000]],
       grad_fn=<SumBackward1>)
Size of covariance_matrix: torch.Size([1, 7, 7])
Size of covariance_matrix_prime: torch.Size([1, 7, 7])
cosineSimilarity tensor([[1.0000, 1.0000, 1.0000, 1.0000, 1.0000, 1.0000, 1.0000]],
       grad_fn=<SumBackward1>)
Size of covariance_matrix: torch.Size([1, 7, 7])
Size of covariance_matrix_prime: torch.Size([1, 7, 7])
cosineSimilarity tensor([[1.0000, 1.0000, 1.0000, 1.0000, 1.0000, 1.0000, 1.0000]],
       grad_fn=<SumBackward1>)
Size of covariance_matrix: torch.Size([1, 7, 7])
Size of covariance_matrix_prime: torch.Size([1, 7, 7])
cosineSimilarity tensor([[1.0000, 1.0000, 1.0000, 1.0000, 1.0000, 1.0000, 1.0000]],
       grad_fn=<SumBackward1>)
Size of covariance_matrix: torch.Size([1, 7, 7])
Size of covariance_matrix_prime: torch.Size([1, 7, 7])
cosineSimilarity tensor([[1.0000, 1.0000, 1.0000, 1.0000, 1.0000, 1.0000, 1.0000]],
       grad_fn=<SumBackward1>)
Size of covariance_matrix: torch.Size([1, 7, 7])
Size of covariance_matrix_prime: torch.Size([1, 7, 7])
cosineSimilarity tensor([[1.0000, 1.0000, 1.0000, 1.0000, 1.0000, 1.0000, 1.0000]],
       grad_fn=<SumBackward1>)
Size of covariance_matrix: torch.Size([1, 7, 7])
Size of covariance_matrix_prime: torch.Size([1, 7, 7])
cosineSimilarity tensor([[1.0000, 1.0000, 1.0000, 1.0000, 1.0000, 1.0000, 1.0000]],
       grad_fn=<SumBackward1>)
Size of covariance_matrix: torch.Size([1, 7, 7])
Size of covariance_matrix_prime: torch.Size([1, 7, 7])
cosineSimilarity tensor([[1.0000, 1.0000, 1.0000, 1.0000, 1.0000, 1.0000, 1.0000]],
       grad_fn=<SumBackward1>)
Size of covariance_matrix: torch.Size([1, 7, 7])
Size of covariance_matrix_prime: torch.Size([1, 7, 7])
cosineSimilarity tensor([[1.0000, 1.0000, 1.0000, 1.0000, 1.0000, 1.0000, 1.0000]],
       grad_fn=<SumBackward1>)
Size of covariance_matrix: torch.Size([1, 7, 7])
Size of covariance_matrix_prime: torch.Size([1, 7, 7])
cosineSimilarity tensor([[1.0000, 1.0000, 1.0000, 1.0000, 1.0000, 1.0000, 1.0000]],
       grad_fn=<SumBackward1>)
Size of covariance_matrix: torch.Size([1, 7, 7])
Size of covariance_matrix_prime: torch.Size([1, 7, 7])
cosineSimilarity tensor([[1.0000, 1.0000, 1.0000, 1.0000, 1.0000, 1.0000, 1.0000]],
       grad_fn=<SumBackward1>)
Size of covariance_matrix: torch.Size([1, 7, 7])
Size of covariance_matrix_prime: torch.Size([1, 7, 7])
cosineSimilarity tensor([[1.0000, 1.0000, 1.0000, 1.0000, 1.0000, 1.0000, 1.0000]],
       grad_fn=<SumBackward1>)
Size of covariance_matrix: torch.Size([1, 7, 7])
Size of covariance_matrix_prime: torch.Size([1, 7, 7])
cosineSimilarity tensor([[1.0000, 1.0000, 1.0000, 1.0000, 1.0000, 1.0000, 1.0000]],
       grad_fn=<SumBackward1>)
Size of covariance_matrix: torch.Size([1, 7, 7])
Size of covariance_matrix_prime: torch.Size([1, 7, 7])
cosineSimilarity tensor([[1.0000, 1.0000, 1.0000, 1.0000, 1.0000, 1.0000, 1.0000]],
       grad_fn=<SumBackward1>)
Size of covariance_matrix: torch.Size([1, 7, 7])
Size of covariance_matrix_prime: torch.Size([1, 7, 7])
cosineSimilarity tensor([[1.0000, 1.0000, 1.0000, 1.0000, 1.0000, 1.0000, 1.0000]],
       grad_fn=<SumBackward1>)
Size of covariance_matrix: torch.Size([1, 7, 7])
Size of covariance_matrix_prime: torch.Size([1, 7, 7])
cosineSimilarity tensor([[1.0000, 1.0000, 1.0000, 1.0000, 1.0000, 1.0000, 1.0000]],
       grad_fn=<SumBackward1>)
Size of covariance_matrix: torch.Size([1, 7, 7])
Size of covariance_matrix_prime: torch.Size([1, 7, 7])
cosineSimilarity tensor([[1.0000, 1.0000, 1.0000, 1.0000, 1.0000, 1.0000, 1.0000]],
       grad_fn=<SumBackward1>)
Size of covariance_matrix: torch.Size([1, 7, 7])
Size of covariance_matrix_prime: torch.Size([1, 7, 7])
cosineSimilarity tensor([[1.0000, 1.0000, 1.0000, 1.0000, 1.0000, 1.0000, 1.0000]],
       grad_fn=<SumBackward1>)
Size of covariance_matrix: torch.Size([1, 7, 7])
Size of covariance_matrix_prime: torch.Size([1, 7, 7])
cosineSimilarity tensor([[1.0000, 1.0000, 1.0000, 1.0000, 1.0000, 1.0000, 1.0000]],
       grad_fn=<SumBackward1>)
Size of covariance_matrix: torch.Size([1, 7, 7])
Size of covariance_matrix_prime: torch.Size([1, 7, 7])
cosineSimilarity tensor([[1.0000, 1.0000, 1.0000, 1.0000, 1.0000, 1.0000, 1.0000]],
       grad_fn=<SumBackward1>)
Size of covariance_matrix: torch.Size([1, 7, 7])
Size of covariance_matrix_prime: torch.Size([1, 7, 7])
cosineSimilarity tensor([[1.0000, 1.0000, 1.0000, 1.0000, 1.0000, 1.0000, 1.0000]],
       grad_fn=<SumBackward1>)
Size of covariance_matrix: torch.Size([1, 7, 7])
Size of covariance_matrix_prime: torch.Size([1, 7, 7])
cosineSimilarity tensor([[1.0000, 1.0000, 1.0000, 1.0000, 1.0000, 1.0000, 1.0000]],
       grad_fn=<SumBackward1>)
Size of covariance_matrix: torch.Size([1, 7, 7])
Size of covariance_matrix_prime: torch.Size([1, 7, 7])
cosineSimilarity tensor([[1.0000, 1.0000, 1.0000, 1.0000, 1.0000, 1.0000, 1.0000]],
       grad_fn=<SumBackward1>)
Size of covariance_matrix: torch.Size([1, 7, 7])
Size of covariance_matrix_prime: torch.Size([1, 7, 7])
cosineSimilarity tensor([[1.0000, 1.0000, 1.0000, 1.0000, 1.0000, 1.0000, 1.0000]],
       grad_fn=<SumBackward1>)
Size of covariance_matrix: torch.Size([1, 7, 7])
Size of covariance_matrix_prime: torch.Size([1, 7, 7])
cosineSimilarity tensor([[1.0000, 1.0000, 1.0000, 1.0000, 1.0000, 1.0000, 1.0000]],
       grad_fn=<SumBackward1>)
Size of covariance_matrix: torch.Size([1, 7, 7])
Size of covariance_matrix_prime: torch.Size([1, 7, 7])
cosineSimilarity tensor([[1.0000, 1.0000, 1.0000, 1.0000, 1.0000, 1.0000, 1.0000]],
       grad_fn=<SumBackward1>)
Size of covariance_matrix: torch.Size([1, 7, 7])
Size of covariance_matrix_prime: torch.Size([1, 7, 7])
cosineSimilarity tensor([[1.0000, 1.0000, 1.0000, 1.0000, 1.0000, 1.0000, 1.0000]],
       grad_fn=<SumBackward1>)
Size of covariance_matrix: torch.Size([1, 7, 7])
Size of covariance_matrix_prime: torch.Size([1, 7, 7])
cosineSimilarity tensor([[1.0000, 1.0000, 1.0000, 1.0000, 1.0000, 1.0000, 1.0000]],
       grad_fn=<SumBackward1>)
Size of covariance_matrix: torch.Size([1, 7, 7])
Size of covariance_matrix_prime: torch.Size([1, 7, 7])
cosineSimilarity tensor([[1.0000, 1.0000, 1.0000, 1.0000, 1.0000, 1.0000, 1.0000]],
       grad_fn=<SumBackward1>)
Size of covariance_matrix: torch.Size([1, 7, 7])
Size of covariance_matrix_prime: torch.Size([1, 7, 7])
cosineSimilarity tensor([[1.0000, 1.0000, 1.0000, 1.0000, 1.0000, 1.0000, 1.0000]],
       grad_fn=<SumBackward1>)
Size of covariance_matrix: torch.Size([1, 7, 7])
Size of covariance_matrix_prime: torch.Size([1, 7, 7])
cosineSimilarity tensor([[1.0000, 1.0000, 1.0000, 1.0000, 1.0000, 1.0000, 1.0000]],
       grad_fn=<SumBackward1>)
Size of covariance_matrix: torch.Size([1, 7, 7])
Size of covariance_matrix_prime: torch.Size([1, 7, 7])
cosineSimilarity tensor([[1.0000, 1.0000, 1.0000, 1.0000, 1.0000, 1.0000, 1.0000]],
       grad_fn=<SumBackward1>)
Size of covariance_matrix: torch.Size([1, 7, 7])
Size of covariance_matrix_prime: torch.Size([1, 7, 7])
cosineSimilarity tensor([[1.0000, 1.0000, 1.0000, 1.0000, 1.0000, 1.0000, 1.0000]],
       grad_fn=<SumBackward1>)
Size of covariance_matrix: torch.Size([1, 7, 7])
Size of covariance_matrix_prime: torch.Size([1, 7, 7])
cosineSimilarity tensor([[1.0000, 1.0000, 1.0000, 1.0000, 1.0000, 1.0000, 1.0000]],
       grad_fn=<SumBackward1>)
Size of covariance_matrix: torch.Size([1, 7, 7])
Size of covariance_matrix_prime: torch.Size([1, 7, 7])
cosineSimilarity tensor([[1.0000, 1.0000, 1.0000, 1.0000, 1.0000, 1.0000, 1.0000]],
       grad_fn=<SumBackward1>)
Size of covariance_matrix: torch.Size([1, 7, 7])
Size of covariance_matrix_prime: torch.Size([1, 7, 7])
cosineSimilarity tensor([[1.0000, 1.0000, 1.0000, 1.0000, 1.0000, 1.0000, 1.0000]],
       grad_fn=<SumBackward1>)
Size of covariance_matrix: torch.Size([1, 7, 7])
Size of covariance_matrix_prime: torch.Size([1, 7, 7])
cosineSimilarity tensor([[1.0000, 1.0000, 1.0000, 1.0000, 1.0000, 1.0000, 1.0000]],
       grad_fn=<SumBackward1>)
Size of covariance_matrix: torch.Size([1, 7, 7])
Size of covariance_matrix_prime: torch.Size([1, 7, 7])
cosineSimilarity tensor([[1.0000, 1.0000, 1.0000, 1.0000, 1.0000, 1.0000, 1.0000]],
       grad_fn=<SumBackward1>)
Size of covariance_matrix: torch.Size([1, 7, 7])
Size of covariance_matrix_prime: torch.Size([1, 7, 7])
cosineSimilarity tensor([[1.0000, 1.0000, 1.0000, 1.0000, 1.0000, 1.0000, 1.0000]],
       grad_fn=<SumBackward1>)
Size of covariance_matrix: torch.Size([1, 7, 7])
Size of covariance_matrix_prime: torch.Size([1, 7, 7])
cosineSimilarity tensor([[1.0000, 1.0000, 1.0000, 1.0000, 1.0000, 1.0000, 1.0000]],
       grad_fn=<SumBackward1>)
Size of covariance_matrix: torch.Size([1, 7, 7])
Size of covariance_matrix_prime: torch.Size([1, 7, 7])
cosineSimilarity tensor([[1.0000, 1.0000, 1.0000, 1.0000, 1.0000, 1.0000, 1.0000]],
       grad_fn=<SumBackward1>)
Size of covariance_matrix: torch.Size([1, 7, 7])
Size of covariance_matrix_prime: torch.Size([1, 7, 7])
cosineSimilarity tensor([[1.0000, 1.0000, 1.0000, 1.0000, 1.0000, 1.0000, 1.0000]],
       grad_fn=<SumBackward1>)
Size of covariance_matrix: torch.Size([1, 7, 7])
Size of covariance_matrix_prime: torch.Size([1, 7, 7])
cosineSimilarity tensor([[1.0000, 1.0000, 1.0000, 1.0000, 1.0000, 1.0000, 1.0000]],
       grad_fn=<SumBackward1>)
Size of covariance_matrix: torch.Size([1, 7, 7])
Size of covariance_matrix_prime: torch.Size([1, 7, 7])
cosineSimilarity tensor([[1.0000, 1.0000, 1.0000, 1.0000, 1.0000, 1.0000, 1.0000]],
       grad_fn=<SumBackward1>)
Size of covariance_matrix: torch.Size([1, 7, 7])
Size of covariance_matrix_prime: torch.Size([1, 7, 7])
cosineSimilarity tensor([[1.0000, 1.0000, 1.0000, 1.0000, 1.0000, 1.0000, 1.0000]],
       grad_fn=<SumBackward1>)
Size of covariance_matrix: torch.Size([1, 7, 7])
Size of covariance_matrix_prime: torch.Size([1, 7, 7])
cosineSimilarity tensor([[1.0000, 1.0000, 1.0000, 1.0000, 1.0000, 1.0000, 1.0000]],
       grad_fn=<SumBackward1>)
Size of covariance_matrix: torch.Size([1, 7, 7])
Size of covariance_matrix_prime: torch.Size([1, 7, 7])
cosineSimilarity tensor([[1.0000, 1.0000, 1.0000, 1.0000, 1.0000, 1.0000, 1.0000]],
       grad_fn=<SumBackward1>)
Size of covariance_matrix: torch.Size([1, 7, 7])
Size of covariance_matrix_prime: torch.Size([1, 7, 7])
cosineSimilarity tensor([[1.0000, 1.0000, 1.0000, 1.0000, 1.0000, 1.0000, 1.0000]],
       grad_fn=<SumBackward1>)
Size of covariance_matrix: torch.Size([1, 7, 7])
Size of covariance_matrix_prime: torch.Size([1, 7, 7])
cosineSimilarity tensor([[1.0000, 1.0000, 1.0000, 1.0000, 1.0000, 1.0000, 1.0000]],
       grad_fn=<SumBackward1>)
Size of covariance_matrix: torch.Size([1, 7, 7])
Size of covariance_matrix_prime: torch.Size([1, 7, 7])
cosineSimilarity tensor([[1.0000, 1.0000, 1.0000, 1.0000, 1.0000, 1.0000, 1.0000]],
       grad_fn=<SumBackward1>)
Size of covariance_matrix: torch.Size([1, 7, 7])
Size of covariance_matrix_prime: torch.Size([1, 7, 7])
cosineSimilarity tensor([[nan, nan, nan, nan, nan, nan, nan]], grad_fn=<SumBackward1>)
Size of covariance_matrix: torch.Size([1, 7, 7])
Size of covariance_matrix_prime: torch.Size([1, 7, 7])
cosineSimilarity tensor([[1.0000, 1.0000, 1.0000, 1.0000, 1.0000, 1.0000, 1.0000]],
       grad_fn=<SumBackward1>)
Size of covariance_matrix: torch.Size([1, 7, 7])
Size of covariance_matrix_prime: torch.Size([1, 7, 7])
cosineSimilarity tensor([[1.0000, 1.0000, 1.0000, 1.0000, 1.0000, 1.0000, 1.0000]],
       grad_fn=<SumBackward1>)
Size of covariance_matrix: torch.Size([1, 7, 7])
Size of covariance_matrix_prime: torch.Size([1, 7, 7])
cosineSimilarity tensor([[1.0000, 1.0000, 1.0000, 1.0000, 1.0000, 1.0000, 1.0000]],
       grad_fn=<SumBackward1>)
Size of covariance_matrix: torch.Size([1, 7, 7])
Size of covariance_matrix_prime: torch.Size([1, 7, 7])
cosineSimilarity tensor([[1.0000, 1.0000, 1.0000, 1.0000, 1.0000, 1.0000, 1.0000]],
       grad_fn=<SumBackward1>)
Size of covariance_matrix: torch.Size([1, 7, 7])
Size of covariance_matrix_prime: torch.Size([1, 7, 7])
cosineSimilarity tensor([[1.0000, 1.0000, 1.0000, 1.0000, 1.0000, 1.0000, 1.0000]],
       grad_fn=<SumBackward1>)
Size of covariance_matrix: torch.Size([1, 7, 7])
Size of covariance_matrix_prime: torch.Size([1, 7, 7])
cosineSimilarity tensor([[1.0000, 1.0000, 1.0000, 1.0000, 1.0000, 1.0000, 1.0000]],
       grad_fn=<SumBackward1>)
Size of covariance_matrix: torch.Size([1, 7, 7])
Size of covariance_matrix_prime: torch.Size([1, 7, 7])
cosineSimilarity tensor([[1.0000, 1.0000, 1.0000, 1.0000, 1.0000, 1.0000, 1.0000]],
       grad_fn=<SumBackward1>)
Size of covariance_matrix: torch.Size([1, 7, 7])
Size of covariance_matrix_prime: torch.Size([1, 7, 7])
cosineSimilarity tensor([[1.0000, 1.0000, 1.0000, 1.0000, 1.0000, 1.0000, 1.0000]],
       grad_fn=<SumBackward1>)
Size of covariance_matrix: torch.Size([1, 7, 7])
Size of covariance_matrix_prime: torch.Size([1, 7, 7])
cosineSimilarity tensor([[1.0000, 1.0000, 1.0000, 1.0000, 1.0000, 1.0000, 1.0000]],
       grad_fn=<SumBackward1>)
Size of covariance_matrix: torch.Size([1, 7, 7])
Size of covariance_matrix_prime: torch.Size([1, 7, 7])
cosineSimilarity tensor([[1.0000, 1.0000, 1.0000, 1.0000, 1.0000, 1.0000, 1.0000]],
       grad_fn=<SumBackward1>)
Size of covariance_matrix: torch.Size([1, 7, 7])
Size of covariance_matrix_prime: torch.Size([1, 7, 7])
cosineSimilarity tensor([[1.0000, 1.0000, 1.0000, 1.0000, 1.0000, 1.0000, 1.0000]],
       grad_fn=<SumBackward1>)
Size of covariance_matrix: torch.Size([1, 7, 7])
Size of covariance_matrix_prime: torch.Size([1, 7, 7])
cosineSimilarity tensor([[1.0000, 1.0000, 1.0000, 1.0000, 1.0000, 1.0000, 1.0000]],
       grad_fn=<SumBackward1>)
Size of covariance_matrix: torch.Size([1, 7, 7])
Size of covariance_matrix_prime: torch.Size([1, 7, 7])
cosineSimilarity tensor([[nan, nan, nan, nan, nan, nan, nan]], grad_fn=<SumBackward1>)
Size of covariance_matrix: torch.Size([1, 7, 7])
Size of covariance_matrix_prime: torch.Size([1, 7, 7])
cosineSimilarity tensor([[1.0000, 1.0000, 1.0000, 1.0000, 1.0000, 1.0000, 1.0000]],
       grad_fn=<SumBackward1>)
Size of covariance_matrix: torch.Size([1, 7, 7])
Size of covariance_matrix_prime: torch.Size([1, 7, 7])
cosineSimilarity tensor([[1.0000, 1.0000, 1.0000, 1.0000, 1.0000, 1.0000, 1.0000]],
       grad_fn=<SumBackward1>)
Size of covariance_matrix: torch.Size([1, 7, 7])
Size of covariance_matrix_prime: torch.Size([1, 7, 7])
cosineSimilarity tensor([[1.0000, 1.0000, 1.0000, 1.0000, 1.0000, 1.0000, 1.0000]],
       grad_fn=<SumBackward1>)
Size of covariance_matrix: torch.Size([1, 7, 7])
Size of covariance_matrix_prime: torch.Size([1, 7, 7])
cosineSimilarity tensor([[1.0000, 1.0000, 1.0000, 1.0000, 1.0000, 1.0000, 1.0000]],
       grad_fn=<SumBackward1>)
Size of covariance_matrix: torch.Size([1, 7, 7])
Size of covariance_matrix_prime: torch.Size([1, 7, 7])
cosineSimilarity tensor([[1.0000, 1.0000, 1.0000, 1.0000, 1.0000, 1.0000, 1.0000]],
       grad_fn=<SumBackward1>)
Size of covariance_matrix: torch.Size([1, 7, 7])
Size of covariance_matrix_prime: torch.Size([1, 7, 7])
cosineSimilarity tensor([[1.0000, 1.0000, 1.0000, 1.0000, 1.0000, 1.0000, 1.0000]],
       grad_fn=<SumBackward1>)
Size of covariance_matrix: torch.Size([1, 7, 7])
Size of covariance_matrix_prime: torch.Size([1, 7, 7])
cosineSimilarity tensor([[1.0000, 1.0000, 1.0000, 1.0000, 1.0000, 1.0000, 1.0000]],
       grad_fn=<SumBackward1>)
Size of covariance_matrix: torch.Size([1, 7, 7])
Size of covariance_matrix_prime: torch.Size([1, 7, 7])
cosineSimilarity tensor([[1.0000, 1.0000, 1.0000, 1.0000, 1.0000, 1.0000, 1.0000]],
       grad_fn=<SumBackward1>)
Size of covariance_matrix: torch.Size([1, 7, 7])
Size of covariance_matrix_prime: torch.Size([1, 7, 7])
cosineSimilarity tensor([[1.0000, 1.0000, 1.0000, 1.0000, 1.0000, 1.0000, 1.0000]],
       grad_fn=<SumBackward1>)
Size of covariance_matrix: torch.Size([1, 7, 7])
Size of covariance_matrix_prime: torch.Size([1, 7, 7])
cosineSimilarity tensor([[1.0000, 1.0000, 1.0000, 1.0000, 1.0000, 1.0000, 1.0000]],
       grad_fn=<SumBackward1>)
Size of covariance_matrix: torch.Size([1, 7, 7])
Size of covariance_matrix_prime: torch.Size([1, 7, 7])
cosineSimilarity tensor([[1.0000, 1.0000, 1.0000, 1.0000, 1.0000, 1.0000, 1.0000]],
       grad_fn=<SumBackward1>)
Size of covariance_matrix: torch.Size([1, 7, 7])
Size of covariance_matrix_prime: torch.Size([1, 7, 7])
cosineSimilarity tensor([[1.0000, 1.0000, 1.0000, 1.0000, 1.0000, 1.0000, 1.0000]],
       grad_fn=<SumBackward1>)
Size of covariance_matrix: torch.Size([1, 7, 7])
Size of covariance_matrix_prime: torch.Size([1, 7, 7])
cosineSimilarity tensor([[1.0000, 1.0000, 1.0000, 1.0000, 1.0000, 1.0000, 1.0000]],
       grad_fn=<SumBackward1>)
Size of covariance_matrix: torch.Size([1, 7, 7])
Size of covariance_matrix_prime: torch.Size([1, 7, 7])
cosineSimilarity tensor([[1.0000, 1.0000, 1.0000, 1.0000, 1.0000, 1.0000, 1.0000]],
       grad_fn=<SumBackward1>)
Size of covariance_matrix: torch.Size([1, 7, 7])
Size of covariance_matrix_prime: torch.Size([1, 7, 7])
cosineSimilarity tensor([[1.0000, 1.0000, 1.0000, 1.0000, 1.0000, 1.0000, 1.0000]],
       grad_fn=<SumBackward1>)
Size of covariance_matrix: torch.Size([1, 7, 7])
Size of covariance_matrix_prime: torch.Size([1, 7, 7])
cosineSimilarity tensor([[1.0000, 1.0000, 1.0000, 1.0000, 1.0000, 1.0000, 1.0000]],
       grad_fn=<SumBackward1>)
Size of covariance_matrix: torch.Size([1, 7, 7])
Size of covariance_matrix_prime: torch.Size([1, 7, 7])
cosineSimilarity tensor([[1.0000, 1.0000, 1.0000, 1.0000, 1.0000, 1.0000, 1.0000]],
       grad_fn=<SumBackward1>)
Size of covariance_matrix: torch.Size([1, 7, 7])
Size of covariance_matrix_prime: torch.Size([1, 7, 7])
cosineSimilarity tensor([[1.0000, 1.0000, 1.0000, 1.0000, 1.0000, 1.0000, 1.0000]],
       grad_fn=<SumBackward1>)
Size of covariance_matrix: torch.Size([1, 7, 7])
Size of covariance_matrix_prime: torch.Size([1, 7, 7])
cosineSimilarity tensor([[1.0000, 1.0000, 1.0000, 1.0000, 1.0000, 1.0000, 1.0000]],
       grad_fn=<SumBackward1>)
Size of covariance_matrix: torch.Size([1, 7, 7])
Size of covariance_matrix_prime: torch.Size([1, 7, 7])
cosineSimilarity tensor([[1.0000, 1.0000, 1.0000, 1.0000, 1.0000, 1.0000, 1.0000]],
       grad_fn=<SumBackward1>)
Size of covariance_matrix: torch.Size([1, 7, 7])
Size of covariance_matrix_prime: torch.Size([1, 7, 7])
cosineSimilarity tensor([[1.0000, 1.0000, 1.0000, 1.0000, 1.0000, 1.0000, 1.0000]],
       grad_fn=<SumBackward1>)
Size of covariance_matrix: torch.Size([1, 7, 7])
Size of covariance_matrix_prime: torch.Size([1, 7, 7])
cosineSimilarity tensor([[1.0000, 1.0000, 1.0000, 1.0000, 1.0000, 1.0000, 1.0000]],
       grad_fn=<SumBackward1>)
Size of covariance_matrix: torch.Size([1, 7, 7])
Size of covariance_matrix_prime: torch.Size([1, 7, 7])
cosineSimilarity tensor([[1.0000, 1.0000, 1.0000, 1.0000, 1.0000, 1.0000, 1.0000]],
       grad_fn=<SumBackward1>)
Size of covariance_matrix: torch.Size([1, 7, 7])
Size of covariance_matrix_prime: torch.Size([1, 7, 7])
cosineSimilarity tensor([[1.0000, 1.0000, 1.0000, 1.0000, 1.0000, 1.0000, 1.0000]],
       grad_fn=<SumBackward1>)
Size of covariance_matrix: torch.Size([1, 7, 7])
Size of covariance_matrix_prime: torch.Size([1, 7, 7])
cosineSimilarity tensor([[1.0000, 1.0000, 1.0000, 1.0000, 1.0000, 1.0000, 1.0000]],
       grad_fn=<SumBackward1>)
Size of covariance_matrix: torch.Size([1, 7, 7])
Size of covariance_matrix_prime: torch.Size([1, 7, 7])
cosineSimilarity tensor([[1.0000, 1.0000, 1.0000, 1.0000, 1.0000, 1.0000, 1.0000]],
       grad_fn=<SumBackward1>)
Size of covariance_matrix: torch.Size([1, 7, 7])
Size of covariance_matrix_prime: torch.Size([1, 7, 7])
cosineSimilarity tensor([[1.0000, 1.0000, 1.0000, 1.0000, 1.0000, 1.0000, 1.0000]],
       grad_fn=<SumBackward1>)
Size of covariance_matrix: torch.Size([1, 7, 7])
Size of covariance_matrix_prime: torch.Size([1, 7, 7])
cosineSimilarity tensor([[1.0000, 1.0000, 1.0000, 1.0000, 1.0000, 1.0000, 1.0000]],
       grad_fn=<SumBackward1>)
Size of covariance_matrix: torch.Size([1, 7, 7])
Size of covariance_matrix_prime: torch.Size([1, 7, 7])
cosineSimilarity tensor([[1.0000, 1.0000, 1.0000, 1.0000, 1.0000, 1.0000, 1.0000]],
       grad_fn=<SumBackward1>)
Size of covariance_matrix: torch.Size([1, 7, 7])
Size of covariance_matrix_prime: torch.Size([1, 7, 7])
cosineSimilarity tensor([[1.0000, 1.0000, 1.0000, 1.0000, 1.0000, 1.0000, 1.0000]],
       grad_fn=<SumBackward1>)
Size of covariance_matrix: torch.Size([1, 7, 7])
Size of covariance_matrix_prime: torch.Size([1, 7, 7])
cosineSimilarity tensor([[1.0000, 1.0000, 1.0000, 1.0000, 1.0000, 1.0000, 1.0000]],
       grad_fn=<SumBackward1>)
Size of covariance_matrix: torch.Size([1, 7, 7])
Size of covariance_matrix_prime: torch.Size([1, 7, 7])
cosineSimilarity tensor([[1.0000, 1.0000, 1.0000, 1.0000, 1.0000, 1.0000, 1.0000]],
       grad_fn=<SumBackward1>)
Size of covariance_matrix: torch.Size([1, 7, 7])
Size of covariance_matrix_prime: torch.Size([1, 7, 7])
cosineSimilarity tensor([[1.0000, 1.0000, 1.0000, 1.0000, 1.0000, 1.0000, 1.0000]],
       grad_fn=<SumBackward1>)
Size of covariance_matrix: torch.Size([1, 7, 7])
Size of covariance_matrix_prime: torch.Size([1, 7, 7])
cosineSimilarity tensor([[1.0000, 1.0000, 1.0000, 1.0000, 1.0000, 1.0000, 1.0000]],
       grad_fn=<SumBackward1>)
Size of covariance_matrix: torch.Size([1, 7, 7])
Size of covariance_matrix_prime: torch.Size([1, 7, 7])
cosineSimilarity tensor([[1.0000, 1.0000, 1.0000, 1.0000, 1.0000, 1.0000, 1.0000]],
       grad_fn=<SumBackward1>)
Size of covariance_matrix: torch.Size([1, 7, 7])
Size of covariance_matrix_prime: torch.Size([1, 7, 7])
cosineSimilarity tensor([[1.0000, 1.0000, 1.0000, 1.0000, 1.0000, 1.0000, 1.0000]],
       grad_fn=<SumBackward1>)
Size of covariance_matrix: torch.Size([1, 7, 7])
Size of covariance_matrix_prime: torch.Size([1, 7, 7])
cosineSimilarity tensor([[1.0000, 1.0000, 1.0000, 1.0000, 1.0000, 1.0000, 1.0000]],
       grad_fn=<SumBackward1>)
Size of covariance_matrix: torch.Size([1, 7, 7])
Size of covariance_matrix_prime: torch.Size([1, 7, 7])
cosineSimilarity tensor([[1.0000, 1.0000, 1.0000, 1.0000, 1.0000, 1.0000, 1.0000]],
       grad_fn=<SumBackward1>)
Size of covariance_matrix: torch.Size([1, 7, 7])
Size of covariance_matrix_prime: torch.Size([1, 7, 7])
cosineSimilarity tensor([[1.0000, 1.0000, 1.0000, 1.0000, 1.0000, 1.0000, 1.0000]],
       grad_fn=<SumBackward1>)
Size of covariance_matrix: torch.Size([1, 7, 7])
Size of covariance_matrix_prime: torch.Size([1, 7, 7])
cosineSimilarity tensor([[1.0000, 1.0000, 1.0000, 1.0000, 1.0000, 1.0000, 1.0000]],
       grad_fn=<SumBackward1>)
Size of covariance_matrix: torch.Size([1, 7, 7])
Size of covariance_matrix_prime: torch.Size([1, 7, 7])
cosineSimilarity tensor([[1.0000, 1.0000, 1.0000, 1.0000, 1.0000, 1.0000, 1.0000]],
       grad_fn=<SumBackward1>)
Size of covariance_matrix: torch.Size([1, 7, 7])
Size of covariance_matrix_prime: torch.Size([1, 7, 7])
cosineSimilarity tensor([[1.0000, 1.0000, 1.0000, 1.0000, 1.0000, 1.0000, 1.0000]],
       grad_fn=<SumBackward1>)
Size of covariance_matrix: torch.Size([1, 7, 7])
Size of covariance_matrix_prime: torch.Size([1, 7, 7])
cosineSimilarity tensor([[1.0000, 1.0000, 1.0000, 1.0000, 1.0000, 1.0000, 1.0000]],
       grad_fn=<SumBackward1>)
Size of covariance_matrix: torch.Size([1, 7, 7])
Size of covariance_matrix_prime: torch.Size([1, 7, 7])
cosineSimilarity tensor([[1.0000, 1.0000, 1.0000, 1.0000, 1.0000, 1.0000, 1.0000]],
       grad_fn=<SumBackward1>)
Size of covariance_matrix: torch.Size([1, 7, 7])
Size of covariance_matrix_prime: torch.Size([1, 7, 7])
cosineSimilarity tensor([[1.0000, 1.0000, 1.0000, 1.0000, 1.0000, 1.0000, 1.0000]],
       grad_fn=<SumBackward1>)
Size of covariance_matrix: torch.Size([1, 7, 7])
Size of covariance_matrix_prime: torch.Size([1, 7, 7])
cosineSimilarity tensor([[1.0000, 1.0000, 1.0000, 1.0000, 1.0000, 1.0000, 1.0000]],
       grad_fn=<SumBackward1>)
Size of covariance_matrix: torch.Size([1, 7, 7])
Size of covariance_matrix_prime: torch.Size([1, 7, 7])
cosineSimilarity tensor([[1.0000, 1.0000, 1.0000, 1.0000, 1.0000, 1.0000, 1.0000]],
       grad_fn=<SumBackward1>)
Size of covariance_matrix: torch.Size([1, 7, 7])
Size of covariance_matrix_prime: torch.Size([1, 7, 7])
cosineSimilarity tensor([[1.0000, 1.0000, 1.0000, 1.0000, 1.0000, 1.0000, 1.0000]],
       grad_fn=<SumBackward1>)
Size of covariance_matrix: torch.Size([1, 7, 7])
Size of covariance_matrix_prime: torch.Size([1, 7, 7])
cosineSimilarity tensor([[1.0000, 1.0000, 1.0000, 1.0000, 1.0000, 1.0000, 1.0000]],
       grad_fn=<SumBackward1>)
Size of covariance_matrix: torch.Size([1, 7, 7])
Size of covariance_matrix_prime: torch.Size([1, 7, 7])
cosineSimilarity tensor([[1.0000, 1.0000, 1.0000, 1.0000, 1.0000, 1.0000, 1.0000]],
       grad_fn=<SumBackward1>)
Size of covariance_matrix: torch.Size([1, 7, 7])
Size of covariance_matrix_prime: torch.Size([1, 7, 7])
cosineSimilarity tensor([[1.0000, 1.0000, 1.0000, 1.0000, 1.0000, 1.0000, 1.0000]],
       grad_fn=<SumBackward1>)
Size of covariance_matrix: torch.Size([1, 7, 7])
Size of covariance_matrix_prime: torch.Size([1, 7, 7])
cosineSimilarity tensor([[1.0000, 1.0000, 1.0000, 1.0000, 1.0000, 1.0000, 1.0000]],
       grad_fn=<SumBackward1>)
Size of covariance_matrix: torch.Size([1, 7, 7])
Size of covariance_matrix_prime: torch.Size([1, 7, 7])
cosineSimilarity tensor([[1.0000, 1.0000, 1.0000, 1.0000, 1.0000, 1.0000, 1.0000]],
       grad_fn=<SumBackward1>)
Size of covariance_matrix: torch.Size([1, 7, 7])
Size of covariance_matrix_prime: torch.Size([1, 7, 7])
cosineSimilarity tensor([[1.0000, 1.0000, 1.0000, 1.0000, 1.0000, 1.0000, 1.0000]],
       grad_fn=<SumBackward1>)
Size of covariance_matrix: torch.Size([1, 7, 7])
Size of covariance_matrix_prime: torch.Size([1, 7, 7])
cosineSimilarity tensor([[1.0000, 1.0000, 1.0000, 1.0000, 1.0000, 1.0000, 1.0000]],
       grad_fn=<SumBackward1>)
Size of covariance_matrix: torch.Size([1, 7, 7])
Size of covariance_matrix_prime: torch.Size([1, 7, 7])
cosineSimilarity tensor([[1.0000, 1.0000, 1.0000, 1.0000, 1.0000, 1.0000, 1.0000]],
       grad_fn=<SumBackward1>)
Size of covariance_matrix: torch.Size([1, 7, 7])
Size of covariance_matrix_prime: torch.Size([1, 7, 7])
cosineSimilarity tensor([[1.0000, 1.0000, 1.0000, 1.0000, 1.0000, 1.0000, 1.0000]],
       grad_fn=<SumBackward1>)
Size of covariance_matrix: torch.Size([1, 7, 7])
Size of covariance_matrix_prime: torch.Size([1, 7, 7])
cosineSimilarity tensor([[1.0000, 1.0000, 1.0000, 1.0000, 1.0000, 1.0000, 1.0000]],
       grad_fn=<SumBackward1>)
Size of covariance_matrix: torch.Size([1, 7, 7])
Size of covariance_matrix_prime: torch.Size([1, 7, 7])
cosineSimilarity tensor([[1.0000, 1.0000, 1.0000, 1.0000, 1.0000, 1.0000, 1.0000]],
       grad_fn=<SumBackward1>)
Size of covariance_matrix: torch.Size([1, 7, 7])
Size of covariance_matrix_prime: torch.Size([1, 7, 7])
cosineSimilarity tensor([[1.0000, 1.0000, 1.0000, 1.0000, 1.0000, 1.0000, 1.0000]],
       grad_fn=<SumBackward1>)
Size of covariance_matrix: torch.Size([1, 7, 7])
Size of covariance_matrix_prime: torch.Size([1, 7, 7])
cosineSimilarity tensor([[1.0000, 1.0000, 1.0000, 1.0000, 1.0000, 1.0000, 1.0000]],
       grad_fn=<SumBackward1>)
Size of covariance_matrix: torch.Size([1, 7, 7])
Size of covariance_matrix_prime: torch.Size([1, 7, 7])
cosineSimilarity tensor([[1.0000, 1.0000, 1.0000, 1.0000, 1.0000, 1.0000, 1.0000]],
       grad_fn=<SumBackward1>)
Size of covariance_matrix: torch.Size([1, 7, 7])
Size of covariance_matrix_prime: torch.Size([1, 7, 7])
cosineSimilarity tensor([[1.0000, 1.0000, 1.0000, 1.0000, 1.0000, 1.0000, 1.0000]],
       grad_fn=<SumBackward1>)
Size of covariance_matrix: torch.Size([1, 7, 7])
Size of covariance_matrix_prime: torch.Size([1, 7, 7])
cosineSimilarity tensor([[1.0000, 1.0000, 1.0000, 1.0000, 1.0000, 1.0000, 1.0000]],
       grad_fn=<SumBackward1>)
Size of covariance_matrix: torch.Size([1, 7, 7])
Size of covariance_matrix_prime: torch.Size([1, 7, 7])
cosineSimilarity tensor([[1.0000, 1.0000, 1.0000, 1.0000, 1.0000, 1.0000, 1.0000]],
       grad_fn=<SumBackward1>)
Size of covariance_matrix: torch.Size([1, 7, 7])
Size of covariance_matrix_prime: torch.Size([1, 7, 7])
cosineSimilarity tensor([[1.0000, 1.0000, 1.0000, 1.0000, 1.0000, 1.0000, 1.0000]],
       grad_fn=<SumBackward1>)
Size of covariance_matrix: torch.Size([1, 7, 7])
Size of covariance_matrix_prime: torch.Size([1, 7, 7])
cosineSimilarity tensor([[1.0000, 1.0000, 1.0000, 1.0000, 1.0000, 1.0000, 1.0000]],
       grad_fn=<SumBackward1>)
Size of covariance_matrix: torch.Size([1, 7, 7])
Size of covariance_matrix_prime: torch.Size([1, 7, 7])
cosineSimilarity tensor([[1.0000, 1.0000, 1.0000, 1.0000, 1.0000, 1.0000, 1.0000]],
       grad_fn=<SumBackward1>)
Size of covariance_matrix: torch.Size([1, 7, 7])
Size of covariance_matrix_prime: torch.Size([1, 7, 7])
cosineSimilarity tensor([[1.0000, 1.0000, 1.0000, 1.0000, 1.0000, 1.0000, 1.0000]],
       grad_fn=<SumBackward1>)
Size of covariance_matrix: torch.Size([1, 7, 7])
Size of covariance_matrix_prime: torch.Size([1, 7, 7])
cosineSimilarity tensor([[1.0000, 1.0000, 1.0000, 1.0000, 1.0000, 1.0000, 1.0000]],
       grad_fn=<SumBackward1>)
Size of covariance_matrix: torch.Size([1, 7, 7])
Size of covariance_matrix_prime: torch.Size([1, 7, 7])
cosineSimilarity tensor([[1.0000, 1.0000, 1.0000, 1.0000, 1.0000, 1.0000, 1.0000]],
       grad_fn=<SumBackward1>)
Size of covariance_matrix: torch.Size([1, 7, 7])
Size of covariance_matrix_prime: torch.Size([1, 7, 7])
cosineSimilarity tensor([[1.0000, 1.0000, 1.0000, 1.0000, 1.0000, 1.0000, 1.0000]],
       grad_fn=<SumBackward1>)
Size of covariance_matrix: torch.Size([1, 7, 7])
Size of covariance_matrix_prime: torch.Size([1, 7, 7])
cosineSimilarity tensor([[1.0000, 1.0000, 1.0000, 1.0000, 1.0000, 1.0000, 1.0000]],
       grad_fn=<SumBackward1>)
Size of covariance_matrix: torch.Size([1, 7, 7])
Size of covariance_matrix_prime: torch.Size([1, 7, 7])
cosineSimilarity tensor([[1.0000, 1.0000, 1.0000, 1.0000, 1.0000, 1.0000, 1.0000]],
       grad_fn=<SumBackward1>)
Size of covariance_matrix: torch.Size([1, 7, 7])
Size of covariance_matrix_prime: torch.Size([1, 7, 7])
cosineSimilarity tensor([[1.0000, 1.0000, 1.0000, 1.0000, 1.0000, 1.0000, 1.0000]],
       grad_fn=<SumBackward1>)
Size of covariance_matrix: torch.Size([1, 7, 7])
Size of covariance_matrix_prime: torch.Size([1, 7, 7])
cosineSimilarity tensor([[1.0000, 1.0000, 1.0000, 1.0000, 1.0000, 1.0000, 1.0000]],
       grad_fn=<SumBackward1>)
Size of covariance_matrix: torch.Size([1, 7, 7])
Size of covariance_matrix_prime: torch.Size([1, 7, 7])
cosineSimilarity tensor([[1.0000, 1.0000, 1.0000, 1.0000, 1.0000, 1.0000, 1.0000]],
       grad_fn=<SumBackward1>)
Size of covariance_matrix: torch.Size([1, 7, 7])
Size of covariance_matrix_prime: torch.Size([1, 7, 7])
cosineSimilarity tensor([[1.0000, 1.0000, 1.0000, 1.0000, 1.0000, 1.0000, 1.0000]],
       grad_fn=<SumBackward1>)
Size of covariance_matrix: torch.Size([1, 7, 7])
Size of covariance_matrix_prime: torch.Size([1, 7, 7])
cosineSimilarity tensor([[1.0000, 1.0000, 1.0000, 1.0000, 1.0000, 1.0000, 1.0000]],
       grad_fn=<SumBackward1>)
Size of covariance_matrix: torch.Size([1, 7, 7])
Size of covariance_matrix_prime: torch.Size([1, 7, 7])
cosineSimilarity tensor([[1.0000, 1.0000, 1.0000, 1.0000, 1.0000, 1.0000, 1.0000]],
       grad_fn=<SumBackward1>)
Size of covariance_matrix: torch.Size([1, 7, 7])
Size of covariance_matrix_prime: torch.Size([1, 7, 7])
cosineSimilarity tensor([[1.0000, 1.0000, 1.0000, 1.0000, 1.0000, 1.0000, 1.0000]],
       grad_fn=<SumBackward1>)
Size of covariance_matrix: torch.Size([1, 7, 7])
Size of covariance_matrix_prime: torch.Size([1, 7, 7])
cosineSimilarity tensor([[1.0000, 1.0000, 1.0000, 1.0000, 1.0000, 1.0000, 1.0000]],
       grad_fn=<SumBackward1>)
Size of covariance_matrix: torch.Size([1, 7, 7])
Size of covariance_matrix_prime: torch.Size([1, 7, 7])
cosineSimilarity tensor([[1.0000, 1.0000, 1.0000, 1.0000, 1.0000, 1.0000, 1.0000]],
       grad_fn=<SumBackward1>)
Size of covariance_matrix: torch.Size([1, 7, 7])
Size of covariance_matrix_prime: torch.Size([1, 7, 7])
cosineSimilarity tensor([[1.0000, 1.0000, 1.0000, 1.0000, 1.0000, 1.0000, 1.0000]],
       grad_fn=<SumBackward1>)
Size of covariance_matrix: torch.Size([1, 7, 7])
Size of covariance_matrix_prime: torch.Size([1, 7, 7])
cosineSimilarity tensor([[1.0000, 1.0000, 1.0000, 1.0000, 1.0000, 1.0000, 1.0000]],
       grad_fn=<SumBackward1>)
Size of covariance_matrix: torch.Size([1, 7, 7])
Size of covariance_matrix_prime: torch.Size([1, 7, 7])
cosineSimilarity tensor([[1.0000, 1.0000, 1.0000, 1.0000, 1.0000, 1.0000, 1.0000]],
       grad_fn=<SumBackward1>)
Size of covariance_matrix: torch.Size([1, 7, 7])
Size of covariance_matrix_prime: torch.Size([1, 7, 7])
cosineSimilarity tensor([[1.0000, 1.0000, 1.0000, 1.0000, 1.0000, 1.0000, 1.0000]],
       grad_fn=<SumBackward1>)
Size of covariance_matrix: torch.Size([1, 7, 7])
Size of covariance_matrix_prime: torch.Size([1, 7, 7])
cosineSimilarity tensor([[1.0000, 1.0000, 1.0000, 1.0000, 1.0000, 1.0000, 1.0000]],
       grad_fn=<SumBackward1>)
Size of covariance_matrix: torch.Size([1, 7, 7])
Size of covariance_matrix_prime: torch.Size([1, 7, 7])
cosineSimilarity tensor([[1.0000, 1.0000, 1.0000, 1.0000, 1.0000, 1.0000, 1.0000]],
       grad_fn=<SumBackward1>)
Size of covariance_matrix: torch.Size([1, 7, 7])
Size of covariance_matrix_prime: torch.Size([1, 7, 7])
cosineSimilarity tensor([[1.0000, 1.0000, 1.0000, 1.0000, 1.0000, 1.0000, 1.0000]],
       grad_fn=<SumBackward1>)
Size of covariance_matrix: torch.Size([1, 7, 7])
Size of covariance_matrix_prime: torch.Size([1, 7, 7])
cosineSimilarity tensor([[1.0000, 1.0000, 1.0000, 1.0000, 1.0000, 1.0000, 1.0000]],
       grad_fn=<SumBackward1>)
Size of covariance_matrix: torch.Size([1, 7, 7])
Size of covariance_matrix_prime: torch.Size([1, 7, 7])
cosineSimilarity tensor([[1.0000, 1.0000, 1.0000, 1.0000, 1.0000, 1.0000, 1.0000]],
       grad_fn=<SumBackward1>)
Size of covariance_matrix: torch.Size([1, 7, 7])
Size of covariance_matrix_prime: torch.Size([1, 7, 7])
cosineSimilarity tensor([[1.0000, 1.0000, 1.0000, 1.0000, 1.0000, 1.0000, 1.0000]],
       grad_fn=<SumBackward1>)
Size of covariance_matrix: torch.Size([1, 7, 7])
Size of covariance_matrix_prime: torch.Size([1, 7, 7])
cosineSimilarity tensor([[1.0000, 1.0000, 1.0000, 1.0000, 1.0000, 1.0000, 1.0000]],
       grad_fn=<SumBackward1>)
Size of covariance_matrix: torch.Size([1, 7, 7])
Size of covariance_matrix_prime: torch.Size([1, 7, 7])
cosineSimilarity tensor([[1.0000, 1.0000, 1.0000, 1.0000, 1.0000, 1.0000, 1.0000]],
       grad_fn=<SumBackward1>)
Size of covariance_matrix: torch.Size([1, 7, 7])
Size of covariance_matrix_prime: torch.Size([1, 7, 7])
cosineSimilarity tensor([[1.0000, 1.0000, 1.0000, 1.0000, 1.0000, 1.0000, 1.0000]],
       grad_fn=<SumBackward1>)
Size of covariance_matrix: torch.Size([1, 7, 7])
Size of covariance_matrix_prime: torch.Size([1, 7, 7])
cosineSimilarity tensor([[1.0000, 1.0000, 1.0000, 1.0000, 1.0000, 1.0000, 1.0000]],
       grad_fn=<SumBackward1>)
Size of covariance_matrix: torch.Size([1, 7, 7])
Size of covariance_matrix_prime: torch.Size([1, 7, 7])
cosineSimilarity tensor([[1.0000, 1.0000, 1.0000, 1.0000, 1.0000, 1.0000, 1.0000]],
       grad_fn=<SumBackward1>)
Size of covariance_matrix: torch.Size([1, 7, 7])
Size of covariance_matrix_prime: torch.Size([1, 7, 7])
cosineSimilarity tensor([[1.0000, 1.0000, 1.0000, 1.0000, 1.0000, 1.0000, 1.0000]],
       grad_fn=<SumBackward1>)
Size of covariance_matrix: torch.Size([1, 7, 7])
Size of covariance_matrix_prime: torch.Size([1, 7, 7])
cosineSimilarity tensor([[nan, nan, nan, nan, nan, nan, nan]], grad_fn=<SumBackward1>)
Size of covariance_matrix: torch.Size([1, 7, 7])
Size of covariance_matrix_prime: torch.Size([1, 7, 7])
cosineSimilarity tensor([[1.0000, 1.0000, 1.0000, 1.0000, 1.0000, 1.0000, 1.0000]],
       grad_fn=<SumBackward1>)
Size of covariance_matrix: torch.Size([1, 7, 7])
Size of covariance_matrix_prime: torch.Size([1, 7, 7])
cosineSimilarity tensor([[1.0000, 1.0000, 1.0000, 1.0000, 1.0000, 1.0000, 1.0000]],
       grad_fn=<SumBackward1>)
Size of covariance_matrix: torch.Size([1, 7, 7])
Size of covariance_matrix_prime: torch.Size([1, 7, 7])
cosineSimilarity tensor([[1.0000, 1.0000, 1.0000, 1.0000, 1.0000, 1.0000, 1.0000]],
       grad_fn=<SumBackward1>)
Size of covariance_matrix: torch.Size([1, 7, 7])
Size of covariance_matrix_prime: torch.Size([1, 7, 7])
cosineSimilarity tensor([[1.0000, 1.0000, 1.0000, 1.0000, 1.0000, 1.0000, 1.0000]],
       grad_fn=<SumBackward1>)
Size of covariance_matrix: torch.Size([1, 7, 7])
Size of covariance_matrix_prime: torch.Size([1, 7, 7])
cosineSimilarity tensor([[1.0000, 1.0000, 1.0000, 1.0000, 1.0000, 1.0000, 1.0000]],
       grad_fn=<SumBackward1>)
Size of covariance_matrix: torch.Size([1, 7, 7])
Size of covariance_matrix_prime: torch.Size([1, 7, 7])
cosineSimilarity tensor([[1.0000, 1.0000, 1.0000, 1.0000, 1.0000, 1.0000, 1.0000]],
       grad_fn=<SumBackward1>)
Size of covariance_matrix: torch.Size([1, 7, 7])
Size of covariance_matrix_prime: torch.Size([1, 7, 7])
cosineSimilarity tensor([[1.0000, 1.0000, 1.0000, 1.0000, 1.0000, 1.0000, 1.0000]],
       grad_fn=<SumBackward1>)
Size of covariance_matrix: torch.Size([1, 7, 7])
Size of covariance_matrix_prime: torch.Size([1, 7, 7])
cosineSimilarity tensor([[1.0000, 1.0000, 1.0000, 1.0000, 1.0000, 1.0000, 1.0000]],
       grad_fn=<SumBackward1>)
Size of covariance_matrix: torch.Size([1, 7, 7])
Size of covariance_matrix_prime: torch.Size([1, 7, 7])
cosineSimilarity tensor([[1.0000, 1.0000, 1.0000, 1.0000, 1.0000, 1.0000, 1.0000]],
       grad_fn=<SumBackward1>)
Size of covariance_matrix: torch.Size([1, 7, 7])
Size of covariance_matrix_prime: torch.Size([1, 7, 7])
cosineSimilarity tensor([[1.0000, 1.0000, 1.0000, 1.0000, 1.0000, 1.0000, 1.0000]],
       grad_fn=<SumBackward1>)
Size of covariance_matrix: torch.Size([1, 7, 7])
Size of covariance_matrix_prime: torch.Size([1, 7, 7])
cosineSimilarity tensor([[1.0000, 1.0000, 1.0000, 1.0000, 1.0000, 1.0000, 1.0000]],
       grad_fn=<SumBackward1>)
Size of covariance_matrix: torch.Size([1, 7, 7])
Size of covariance_matrix_prime: torch.Size([1, 7, 7])
cosineSimilarity tensor([[1.0000, 1.0000, 1.0000, 1.0000, 1.0000, 1.0000, 1.0000]],
       grad_fn=<SumBackward1>)
Size of covariance_matrix: torch.Size([1, 7, 7])
Size of covariance_matrix_prime: torch.Size([1, 7, 7])
cosineSimilarity tensor([[nan, nan, nan, nan, nan, nan, nan]], grad_fn=<SumBackward1>)
Size of covariance_matrix: torch.Size([1, 7, 7])
Size of covariance_matrix_prime: torch.Size([1, 7, 7])
cosineSimilarity tensor([[1.0000, 1.0000, 1.0000, 1.0000, 1.0000, 1.0000, 1.0000]],
       grad_fn=<SumBackward1>)
Size of covariance_matrix: torch.Size([1, 7, 7])
Size of covariance_matrix_prime: torch.Size([1, 7, 7])
cosineSimilarity tensor([[1.0000, 1.0000, 1.0000, 1.0000, 1.0000, 1.0000, 1.0000]],
       grad_fn=<SumBackward1>)
Size of covariance_matrix: torch.Size([1, 7, 7])
Size of covariance_matrix_prime: torch.Size([1, 7, 7])
cosineSimilarity tensor([[1.0000, 1.0000, 1.0000, 1.0000, 1.0000, 1.0000, 1.0000]],
       grad_fn=<SumBackward1>)
Size of covariance_matrix: torch.Size([1, 7, 7])
Size of covariance_matrix_prime: torch.Size([1, 7, 7])
cosineSimilarity tensor([[1.0000, 1.0000, 1.0000, 1.0000, 1.0000, 1.0000, 1.0000]],
       grad_fn=<SumBackward1>)
Size of covariance_matrix: torch.Size([1, 7, 7])
Size of covariance_matrix_prime: torch.Size([1, 7, 7])
cosineSimilarity tensor([[1.0000, 1.0000, 1.0000, 1.0000, 1.0000, 1.0000, 1.0000]],
       grad_fn=<SumBackward1>)
Size of covariance_matrix: torch.Size([1, 7, 7])
Size of covariance_matrix_prime: torch.Size([1, 7, 7])
cosineSimilarity tensor([[1.0000, 1.0000, 1.0000, 1.0000, 1.0000, 1.0000, 1.0000]],
       grad_fn=<SumBackward1>)
Size of covariance_matrix: torch.Size([1, 7, 7])
Size of covariance_matrix_prime: torch.Size([1, 7, 7])
cosineSimilarity tensor([[1.0000, 1.0000, 1.0000, 1.0000, 1.0000, 1.0000, 1.0000]],
       grad_fn=<SumBackward1>)
Size of covariance_matrix: torch.Size([1, 7, 7])
Size of covariance_matrix_prime: torch.Size([1, 7, 7])
cosineSimilarity tensor([[1.0000, 1.0000, 1.0000, 1.0000, 1.0000, 1.0000, 1.0000]],
       grad_fn=<SumBackward1>)
Size of covariance_matrix: torch.Size([1, 7, 7])
Size of covariance_matrix_prime: torch.Size([1, 7, 7])
cosineSimilarity tensor([[1.0000, 1.0000, 1.0000, 1.0000, 1.0000, 1.0000, 1.0000]],
       grad_fn=<SumBackward1>)
Size of covariance_matrix: torch.Size([1, 7, 7])
Size of covariance_matrix_prime: torch.Size([1, 7, 7])
cosineSimilarity tensor([[1.0000, 1.0000, 1.0000, 1.0000, 1.0000, 1.0000, 1.0000]],
       grad_fn=<SumBackward1>)
Size of covariance_matrix: torch.Size([1, 7, 7])
Size of covariance_matrix_prime: torch.Size([1, 7, 7])
cosineSimilarity tensor([[1.0000, 1.0000, 1.0000, 1.0000, 1.0000, 1.0000, 1.0000]],
       grad_fn=<SumBackward1>)
Size of covariance_matrix: torch.Size([1, 7, 7])
Size of covariance_matrix_prime: torch.Size([1, 7, 7])
cosineSimilarity tensor([[1.0000, 1.0000, 1.0000, 1.0000, 1.0000, 1.0000, 1.0000]],
       grad_fn=<SumBackward1>)
Size of covariance_matrix: torch.Size([1, 7, 7])
Size of covariance_matrix_prime: torch.Size([1, 7, 7])
cosineSimilarity tensor([[1.0000, 1.0000, 1.0000, 1.0000, 1.0000, 1.0000, 1.0000]],
       grad_fn=<SumBackward1>)
Size of covariance_matrix: torch.Size([1, 7, 7])
Size of covariance_matrix_prime: torch.Size([1, 7, 7])
cosineSimilarity tensor([[1.0000, 1.0000, 1.0000, 1.0000, 1.0000, 1.0000, 1.0000]],
       grad_fn=<SumBackward1>)
Size of covariance_matrix: torch.Size([1, 7, 7])
Size of covariance_matrix_prime: torch.Size([1, 7, 7])
cosineSimilarity tensor([[1.0000, 1.0000, 1.0000, 1.0000, 1.0000, 1.0000, 1.0000]],
       grad_fn=<SumBackward1>)
Size of covariance_matrix: torch.Size([1, 7, 7])
Size of covariance_matrix_prime: torch.Size([1, 7, 7])
cosineSimilarity tensor([[1.0000, 1.0000, 1.0000, 1.0000, 1.0000, 1.0000, 1.0000]],
       grad_fn=<SumBackward1>)
Size of covariance_matrix: torch.Size([1, 7, 7])
Size of covariance_matrix_prime: torch.Size([1, 7, 7])
cosineSimilarity tensor([[1.0000, 1.0000, 1.0000, 1.0000, 1.0000, 1.0000, 1.0000]],
       grad_fn=<SumBackward1>)
Size of covariance_matrix: torch.Size([1, 7, 7])
Size of covariance_matrix_prime: torch.Size([1, 7, 7])
cosineSimilarity tensor([[1.0000, 1.0000, 1.0000, 1.0000, 1.0000, 1.0000, 1.0000]],
       grad_fn=<SumBackward1>)
Size of covariance_matrix: torch.Size([1, 7, 7])
Size of covariance_matrix_prime: torch.Size([1, 7, 7])
cosineSimilarity tensor([[1.0000, 1.0000, 1.0000, 1.0000, 1.0000, 1.0000, 1.0000]],
       grad_fn=<SumBackward1>)
Size of covariance_matrix: torch.Size([1, 7, 7])
Size of covariance_matrix_prime: torch.Size([1, 7, 7])
cosineSimilarity tensor([[1.0000, 1.0000, 1.0000, 1.0000, 1.0000, 1.0000, 1.0000]],
       grad_fn=<SumBackward1>)
Size of covariance_matrix: torch.Size([1, 7, 7])
Size of covariance_matrix_prime: torch.Size([1, 7, 7])
cosineSimilarity tensor([[1.0000, 1.0000, 1.0000, 1.0000, 1.0000, 1.0000, 1.0000]],
       grad_fn=<SumBackward1>)
Size of covariance_matrix: torch.Size([1, 7, 7])
Size of covariance_matrix_prime: torch.Size([1, 7, 7])
cosineSimilarity tensor([[1.0000, 1.0000, 1.0000, 1.0000, 1.0000, 1.0000, 1.0000]],
       grad_fn=<SumBackward1>)
Size of covariance_matrix: torch.Size([1, 7, 7])
Size of covariance_matrix_prime: torch.Size([1, 7, 7])
cosineSimilarity tensor([[1.0000, 1.0000, 1.0000, 1.0000, 1.0000, 1.0000, 1.0000]],
       grad_fn=<SumBackward1>)
Size of covariance_matrix: torch.Size([1, 7, 7])
Size of covariance_matrix_prime: torch.Size([1, 7, 7])
cosineSimilarity tensor([[1.0000, 1.0000, 1.0000, 1.0000, 1.0000, 1.0000, 1.0000]],
       grad_fn=<SumBackward1>)
Size of covariance_matrix: torch.Size([1, 7, 7])
Size of covariance_matrix_prime: torch.Size([1, 7, 7])
cosineSimilarity tensor([[1.0000, 1.0000, 1.0000, 1.0000, 1.0000, 1.0000, 1.0000]],
       grad_fn=<SumBackward1>)
Size of covariance_matrix: torch.Size([1, 7, 7])
Size of covariance_matrix_prime: torch.Size([1, 7, 7])
cosineSimilarity tensor([[1.0000, 1.0000, 1.0000, 1.0000, 1.0000, 1.0000, 1.0000]],
       grad_fn=<SumBackward1>)
Size of covariance_matrix: torch.Size([1, 7, 7])
Size of covariance_matrix_prime: torch.Size([1, 7, 7])
cosineSimilarity tensor([[1.0000, 1.0000, 1.0000, 1.0000, 1.0000, 1.0000, 1.0000]],
       grad_fn=<SumBackward1>)
Size of covariance_matrix: torch.Size([1, 7, 7])
Size of covariance_matrix_prime: torch.Size([1, 7, 7])
cosineSimilarity tensor([[1.0000, 1.0000, 1.0000, 1.0000, 1.0000, 1.0000, 1.0000]],
       grad_fn=<SumBackward1>)
Size of covariance_matrix: torch.Size([1, 7, 7])
Size of covariance_matrix_prime: torch.Size([1, 7, 7])
cosineSimilarity tensor([[1.0000, 1.0000, 1.0000, 1.0000, 1.0000, 1.0000, 1.0000]],
       grad_fn=<SumBackward1>)
Size of covariance_matrix: torch.Size([1, 7, 7])
Size of covariance_matrix_prime: torch.Size([1, 7, 7])
cosineSimilarity tensor([[1.0000, 1.0000, 1.0000, 1.0000, 1.0000, 1.0000, 1.0000]],
       grad_fn=<SumBackward1>)
Size of covariance_matrix: torch.Size([1, 7, 7])
Size of covariance_matrix_prime: torch.Size([1, 7, 7])
cosineSimilarity tensor([[1.0000, 1.0000, 1.0000, 1.0000, 1.0000, 1.0000, 1.0000]],
       grad_fn=<SumBackward1>)
Size of covariance_matrix: torch.Size([1, 7, 7])
Size of covariance_matrix_prime: torch.Size([1, 7, 7])
cosineSimilarity tensor([[1.0000, 1.0000, 1.0000, 1.0000, 1.0000, 1.0000, 1.0000]],
       grad_fn=<SumBackward1>)
Size of covariance_matrix: torch.Size([1, 7, 7])
Size of covariance_matrix_prime: torch.Size([1, 7, 7])
cosineSimilarity tensor([[1.0000, 1.0000, 1.0000, 1.0000, 1.0000, 1.0000, 1.0000]],
       grad_fn=<SumBackward1>)
Size of covariance_matrix: torch.Size([1, 7, 7])
Size of covariance_matrix_prime: torch.Size([1, 7, 7])
cosineSimilarity tensor([[1.0000, 1.0000, 1.0000, 1.0000, 1.0000, 1.0000, 1.0000]],
       grad_fn=<SumBackward1>)
Size of covariance_matrix: torch.Size([1, 7, 7])
Size of covariance_matrix_prime: torch.Size([1, 7, 7])
cosineSimilarity tensor([[1.0000, 1.0000, 1.0000, 1.0000, 1.0000, 1.0000, 1.0000]],
       grad_fn=<SumBackward1>)
Size of covariance_matrix: torch.Size([1, 7, 7])
Size of covariance_matrix_prime: torch.Size([1, 7, 7])
cosineSimilarity tensor([[1.0000, 1.0000, 1.0000, 1.0000, 1.0000, 1.0000, 1.0000]],
       grad_fn=<SumBackward1>)
Size of covariance_matrix: torch.Size([1, 7, 7])
Size of covariance_matrix_prime: torch.Size([1, 7, 7])
cosineSimilarity tensor([[1.0000, 1.0000, 1.0000, 1.0000, 1.0000, 1.0000, 1.0000]],
       grad_fn=<SumBackward1>)
Size of covariance_matrix: torch.Size([1, 7, 7])
Size of covariance_matrix_prime: torch.Size([1, 7, 7])
cosineSimilarity tensor([[1.0000, 1.0000, 1.0000, 1.0000, 1.0000, 1.0000, 1.0000]],
       grad_fn=<SumBackward1>)
Size of covariance_matrix: torch.Size([1, 7, 7])
Size of covariance_matrix_prime: torch.Size([1, 7, 7])
cosineSimilarity tensor([[1.0000, 1.0000, 1.0000, 1.0000, 1.0000, 1.0000, 1.0000]],
       grad_fn=<SumBackward1>)
Size of covariance_matrix: torch.Size([1, 7, 7])
Size of covariance_matrix_prime: torch.Size([1, 7, 7])
cosineSimilarity tensor([[1.0000, 1.0000, 1.0000, 1.0000, 1.0000, 1.0000, 1.0000]],
       grad_fn=<SumBackward1>)
Size of covariance_matrix: torch.Size([1, 7, 7])
Size of covariance_matrix_prime: torch.Size([1, 7, 7])
cosineSimilarity tensor([[1.0000, 1.0000, 1.0000, 1.0000, 1.0000, 1.0000, 1.0000]],
       grad_fn=<SumBackward1>)
Size of covariance_matrix: torch.Size([1, 7, 7])
Size of covariance_matrix_prime: torch.Size([1, 7, 7])
cosineSimilarity tensor([[1.0000, 1.0000, 1.0000, 1.0000, 1.0000, 1.0000, 1.0000]],
       grad_fn=<SumBackward1>)
Size of covariance_matrix: torch.Size([1, 7, 7])
Size of covariance_matrix_prime: torch.Size([1, 7, 7])
cosineSimilarity tensor([[1.0000, 1.0000, 1.0000, 1.0000, 1.0000, 1.0000, 1.0000]],
       grad_fn=<SumBackward1>)
Size of covariance_matrix: torch.Size([1, 7, 7])
Size of covariance_matrix_prime: torch.Size([1, 7, 7])
cosineSimilarity tensor([[1.0000, 1.0000, 1.0000, 1.0000, 1.0000, 1.0000, 1.0000]],
       grad_fn=<SumBackward1>)
Size of covariance_matrix: torch.Size([1, 7, 7])
Size of covariance_matrix_prime: torch.Size([1, 7, 7])
cosineSimilarity tensor([[1.0000, 1.0000, 1.0000, 1.0000, 1.0000, 1.0000, 1.0000]],
       grad_fn=<SumBackward1>)
Size of covariance_matrix: torch.Size([1, 7, 7])
Size of covariance_matrix_prime: torch.Size([1, 7, 7])
cosineSimilarity tensor([[1.0000, 1.0000, 1.0000, 1.0000, 1.0000, 1.0000, 1.0000]],
       grad_fn=<SumBackward1>)
Size of covariance_matrix: torch.Size([1, 7, 7])
Size of covariance_matrix_prime: torch.Size([1, 7, 7])
cosineSimilarity tensor([[1.0000, 1.0000, 1.0000, 1.0000, 1.0000, 1.0000, 1.0000]],
       grad_fn=<SumBackward1>)
Size of covariance_matrix: torch.Size([1, 7, 7])
Size of covariance_matrix_prime: torch.Size([1, 7, 7])
cosineSimilarity tensor([[1.0000, 1.0000, 1.0000, 1.0000, 1.0000, 1.0000, 1.0000]],
       grad_fn=<SumBackward1>)
Size of covariance_matrix: torch.Size([1, 7, 7])
Size of covariance_matrix_prime: torch.Size([1, 7, 7])
cosineSimilarity tensor([[1.0000, 1.0000, 1.0000, 1.0000, 1.0000, 1.0000, 1.0000]],
       grad_fn=<SumBackward1>)
Size of covariance_matrix: torch.Size([1, 7, 7])
Size of covariance_matrix_prime: torch.Size([1, 7, 7])
cosineSimilarity tensor([[1.0000, 1.0000, 1.0000, 1.0000, 1.0000, 1.0000, 1.0000]],
       grad_fn=<SumBackward1>)
Size of covariance_matrix: torch.Size([1, 7, 7])
Size of covariance_matrix_prime: torch.Size([1, 7, 7])
cosineSimilarity tensor([[1.0000, 1.0000, 1.0000, 1.0000, 1.0000, 1.0000, 1.0000]],
       grad_fn=<SumBackward1>)
Size of covariance_matrix: torch.Size([1, 7, 7])
Size of covariance_matrix_prime: torch.Size([1, 7, 7])
cosineSimilarity tensor([[1.0000, 1.0000, 1.0000, 1.0000, 1.0000, 1.0000, 1.0000]],
       grad_fn=<SumBackward1>)
Size of covariance_matrix: torch.Size([1, 7, 7])
Size of covariance_matrix_prime: torch.Size([1, 7, 7])
cosineSimilarity tensor([[1.0000, 1.0000, 1.0000, 1.0000, 1.0000, 1.0000, 1.0000]],
       grad_fn=<SumBackward1>)
Size of covariance_matrix: torch.Size([1, 7, 7])
Size of covariance_matrix_prime: torch.Size([1, 7, 7])
cosineSimilarity tensor([[1.0000, 1.0000, 1.0000, 1.0000, 1.0000, 1.0000, 1.0000]],
       grad_fn=<SumBackward1>)
Size of covariance_matrix: torch.Size([1, 7, 7])
Size of covariance_matrix_prime: torch.Size([1, 7, 7])
cosineSimilarity tensor([[1.0000, 1.0000, 1.0000, 1.0000, 1.0000, 1.0000, 1.0000]],
       grad_fn=<SumBackward1>)
Size of covariance_matrix: torch.Size([1, 7, 7])
Size of covariance_matrix_prime: torch.Size([1, 7, 7])
cosineSimilarity tensor([[1.0000, 1.0000, 1.0000, 1.0000, 1.0000, 1.0000, 1.0000]],
       grad_fn=<SumBackward1>)
Size of covariance_matrix: torch.Size([1, 7, 7])
Size of covariance_matrix_prime: torch.Size([1, 7, 7])
cosineSimilarity tensor([[1.0000, 1.0000, 1.0000, 1.0000, 1.0000, 1.0000, 1.0000]],
       grad_fn=<SumBackward1>)
Size of covariance_matrix: torch.Size([1, 7, 7])
Size of covariance_matrix_prime: torch.Size([1, 7, 7])
cosineSimilarity tensor([[1.0000, 1.0000, 1.0000, 1.0000, 1.0000, 1.0000, 1.0000]],
       grad_fn=<SumBackward1>)
Size of covariance_matrix: torch.Size([1, 7, 7])
Size of covariance_matrix_prime: torch.Size([1, 7, 7])
cosineSimilarity tensor([[1.0000, 1.0000, 1.0000, 1.0000, 1.0000, 1.0000, 1.0000]],
       grad_fn=<SumBackward1>)
Size of covariance_matrix: torch.Size([1, 7, 7])
Size of covariance_matrix_prime: torch.Size([1, 7, 7])
cosineSimilarity tensor([[1.0000, 1.0000, 1.0000, 1.0000, 1.0000, 1.0000, 1.0000]],
       grad_fn=<SumBackward1>)
Size of covariance_matrix: torch.Size([1, 7, 7])
Size of covariance_matrix_prime: torch.Size([1, 7, 7])
cosineSimilarity tensor([[1.0000, 1.0000, 1.0000, 1.0000, 1.0000, 1.0000, 1.0000]],
       grad_fn=<SumBackward1>)
Size of covariance_matrix: torch.Size([1, 7, 7])
Size of covariance_matrix_prime: torch.Size([1, 7, 7])
cosineSimilarity tensor([[1.0000, 1.0000, 1.0000, 1.0000, 1.0000, 1.0000, 1.0000]],
       grad_fn=<SumBackward1>)
Size of covariance_matrix: torch.Size([1, 7, 7])
Size of covariance_matrix_prime: torch.Size([1, 7, 7])
cosineSimilarity tensor([[1.0000, 1.0000, 1.0000, 1.0000, 1.0000, 1.0000, 1.0000]],
       grad_fn=<SumBackward1>)
Size of covariance_matrix: torch.Size([1, 7, 7])
Size of covariance_matrix_prime: torch.Size([1, 7, 7])
cosineSimilarity tensor([[1.0000, 1.0000, 1.0000, 1.0000, 1.0000, 1.0000, 1.0000]],
       grad_fn=<SumBackward1>)
Size of covariance_matrix: torch.Size([1, 7, 7])
Size of covariance_matrix_prime: torch.Size([1, 7, 7])
cosineSimilarity tensor([[1.0000, 1.0000, 1.0000, 1.0000, 1.0000, 1.0000, 1.0000]],
       grad_fn=<SumBackward1>)
Size of covariance_matrix: torch.Size([1, 7, 7])
Size of covariance_matrix_prime: torch.Size([1, 7, 7])
cosineSimilarity tensor([[1.0000, 1.0000, 1.0000, 1.0000, 1.0000, 1.0000, 1.0000]],
       grad_fn=<SumBackward1>)
Size of covariance_matrix: torch.Size([1, 7, 7])
Size of covariance_matrix_prime: torch.Size([1, 7, 7])
cosineSimilarity tensor([[1.0000, 1.0000, 1.0000, 1.0000, 1.0000, 1.0000, 1.0000]],
       grad_fn=<SumBackward1>)
Size of covariance_matrix: torch.Size([1, 7, 7])
Size of covariance_matrix_prime: torch.Size([1, 7, 7])
cosineSimilarity tensor([[1.0000, 1.0000, 1.0000, 1.0000, 1.0000, 1.0000, 1.0000]],
       grad_fn=<SumBackward1>)
Size of covariance_matrix: torch.Size([1, 7, 7])
Size of covariance_matrix_prime: torch.Size([1, 7, 7])
cosineSimilarity tensor([[1.0000, 1.0000, 1.0000, 1.0000, 1.0000, 1.0000, 1.0000]],
       grad_fn=<SumBackward1>)
Size of covariance_matrix: torch.Size([1, 7, 7])
Size of covariance_matrix_prime: torch.Size([1, 7, 7])
cosineSimilarity tensor([[1.0000, 1.0000, 1.0000, 1.0000, 1.0000, 1.0000, 1.0000]],
       grad_fn=<SumBackward1>)
Size of covariance_matrix: torch.Size([1, 7, 7])
Size of covariance_matrix_prime: torch.Size([1, 7, 7])
cosineSimilarity tensor([[1.0000, 1.0000, 1.0000, 1.0000, 1.0000, 1.0000, 1.0000]],
       grad_fn=<SumBackward1>)
Size of covariance_matrix: torch.Size([1, 7, 7])
Size of covariance_matrix_prime: torch.Size([1, 7, 7])
cosineSimilarity tensor([[1.0000, 1.0000, 1.0000, 1.0000, 1.0000, 1.0000, 1.0000]],
       grad_fn=<SumBackward1>)
Size of covariance_matrix: torch.Size([1, 7, 7])
Size of covariance_matrix_prime: torch.Size([1, 7, 7])
cosineSimilarity tensor([[1.0000, 1.0000, 1.0000, 1.0000, 1.0000, 1.0000, 1.0000]],
       grad_fn=<SumBackward1>)
Size of covariance_matrix: torch.Size([1, 7, 7])
Size of covariance_matrix_prime: torch.Size([1, 7, 7])
cosineSimilarity tensor([[1.0000, 1.0000, 1.0000, 1.0000, 1.0000, 1.0000, 1.0000]],
       grad_fn=<SumBackward1>)
Size of covariance_matrix: torch.Size([1, 7, 7])
Size of covariance_matrix_prime: torch.Size([1, 7, 7])
cosineSimilarity tensor([[1.0000, 1.0000, 1.0000, 1.0000, 1.0000, 1.0000, 1.0000]],
       grad_fn=<SumBackward1>)
Size of covariance_matrix: torch.Size([1, 7, 7])
Size of covariance_matrix_prime: torch.Size([1, 7, 7])
cosineSimilarity tensor([[1.0000, 1.0000, 1.0000, 1.0000, 1.0000, 1.0000, 1.0000]],
       grad_fn=<SumBackward1>)
Size of covariance_matrix: torch.Size([1, 7, 7])
Size of covariance_matrix_prime: torch.Size([1, 7, 7])
cosineSimilarity tensor([[1.0000, 1.0000, 1.0000, 1.0000, 1.0000, 1.0000, 1.0000]],
       grad_fn=<SumBackward1>)
Size of covariance_matrix: torch.Size([1, 7, 7])
Size of covariance_matrix_prime: torch.Size([1, 7, 7])
cosineSimilarity tensor([[1.0000, 1.0000, 1.0000, 1.0000, 1.0000, 1.0000, 1.0000]],
       grad_fn=<SumBackward1>)
Size of covariance_matrix: torch.Size([1, 7, 7])
Size of covariance_matrix_prime: torch.Size([1, 7, 7])
cosineSimilarity tensor([[1.0000, 1.0000, 1.0000, 1.0000, 1.0000, 1.0000, 1.0000]],
       grad_fn=<SumBackward1>)
Size of covariance_matrix: torch.Size([1, 7, 7])
Size of covariance_matrix_prime: torch.Size([1, 7, 7])
cosineSimilarity tensor([[1.0000, 1.0000, 1.0000, 1.0000, 1.0000, 1.0000, 1.0000]],
       grad_fn=<SumBackward1>)
Size of covariance_matrix: torch.Size([1, 7, 7])
Size of covariance_matrix_prime: torch.Size([1, 7, 7])
cosineSimilarity tensor([[1.0000, 1.0000, 1.0000, 1.0000, 1.0000, 1.0000, 1.0000]],
       grad_fn=<SumBackward1>)
Size of covariance_matrix: torch.Size([1, 7, 7])
Size of covariance_matrix_prime: torch.Size([1, 7, 7])
cosineSimilarity tensor([[1.0000, 1.0000, 1.0000, 1.0000, 1.0000, 1.0000, 1.0000]],
       grad_fn=<SumBackward1>)
Size of covariance_matrix: torch.Size([1, 7, 7])
Size of covariance_matrix_prime: torch.Size([1, 7, 7])
cosineSimilarity tensor([[1.0000, 1.0000, 1.0000, 1.0000, 1.0000, 1.0000, 1.0000]],
       grad_fn=<SumBackward1>)
Size of covariance_matrix: torch.Size([1, 7, 7])
Size of covariance_matrix_prime: torch.Size([1, 7, 7])
cosineSimilarity tensor([[1.0000, 1.0000, 1.0000, 1.0000, 1.0000, 1.0000, 1.0000]],
       grad_fn=<SumBackward1>)
Size of covariance_matrix: torch.Size([1, 7, 7])
Size of covariance_matrix_prime: torch.Size([1, 7, 7])
cosineSimilarity tensor([[1.0000, 1.0000, 1.0000, 1.0000, 1.0000, 1.0000, 1.0000]],
       grad_fn=<SumBackward1>)
Size of covariance_matrix: torch.Size([1, 7, 7])
Size of covariance_matrix_prime: torch.Size([1, 7, 7])
cosineSimilarity tensor([[1.0000, 1.0000, 1.0000, 1.0000, 1.0000, 1.0000, 1.0000]],
       grad_fn=<SumBackward1>)
Size of covariance_matrix: torch.Size([1, 7, 7])
Size of covariance_matrix_prime: torch.Size([1, 7, 7])
cosineSimilarity tensor([[1.0000, 1.0000, 1.0000, 1.0000, 1.0000, 1.0000, 1.0000]],
       grad_fn=<SumBackward1>)
Size of covariance_matrix: torch.Size([1, 7, 7])
Size of covariance_matrix_prime: torch.Size([1, 7, 7])
cosineSimilarity tensor([[1.0000, 1.0000, 1.0000, 1.0000, 1.0000, 1.0000, 1.0000]],
       grad_fn=<SumBackward1>)
Size of covariance_matrix: torch.Size([1, 7, 7])
Size of covariance_matrix_prime: torch.Size([1, 7, 7])
cosineSimilarity tensor([[1.0000, 1.0000, 1.0000, 1.0000, 1.0000, 1.0000, 1.0000]],
       grad_fn=<SumBackward1>)
Size of covariance_matrix: torch.Size([1, 7, 7])
Size of covariance_matrix_prime: torch.Size([1, 7, 7])
cosineSimilarity tensor([[1.0000, 1.0000, 1.0000, 1.0000, 1.0000, 1.0000, 1.0000]],
       grad_fn=<SumBackward1>)
Size of covariance_matrix: torch.Size([1, 7, 7])
Size of covariance_matrix_prime: torch.Size([1, 7, 7])
cosineSimilarity tensor([[nan, nan, nan, nan, nan, nan, nan]], grad_fn=<SumBackward1>)
Size of covariance_matrix: torch.Size([1, 7, 7])
Size of covariance_matrix_prime: torch.Size([1, 7, 7])
cosineSimilarity tensor([[1.0000, 1.0000, 1.0000, 1.0000, 1.0000, 1.0000, 1.0000]],
       grad_fn=<SumBackward1>)
Size of covariance_matrix: torch.Size([1, 7, 7])
Size of covariance_matrix_prime: torch.Size([1, 7, 7])
cosineSimilarity tensor([[1.0000, 1.0000, 1.0000, 1.0000, 1.0000, 1.0000, 1.0000]],
       grad_fn=<SumBackward1>)
Size of covariance_matrix: torch.Size([1, 7, 7])
Size of covariance_matrix_prime: torch.Size([1, 7, 7])
cosineSimilarity tensor([[1.0000, 1.0000, 1.0000, 1.0000, 1.0000, 1.0000, 1.0000]],
       grad_fn=<SumBackward1>)
Size of covariance_matrix: torch.Size([1, 7, 7])
Size of covariance_matrix_prime: torch.Size([1, 7, 7])
cosineSimilarity tensor([[1.0000, 1.0000, 1.0000, 1.0000, 1.0000, 1.0000, 1.0000]],
       grad_fn=<SumBackward1>)
Size of covariance_matrix: torch.Size([1, 7, 7])
Size of covariance_matrix_prime: torch.Size([1, 7, 7])
cosineSimilarity tensor([[1.0000, 1.0000, 1.0000, 1.0000, 1.0000, 1.0000, 1.0000]],
       grad_fn=<SumBackward1>)
Size of covariance_matrix: torch.Size([1, 7, 7])
Size of covariance_matrix_prime: torch.Size([1, 7, 7])
cosineSimilarity tensor([[1.0000, 1.0000, 1.0000, 1.0000, 1.0000, 1.0000, 1.0000]],
       grad_fn=<SumBackward1>)
Size of covariance_matrix: torch.Size([1, 7, 7])
Size of covariance_matrix_prime: torch.Size([1, 7, 7])
cosineSimilarity tensor([[1.0000, 1.0000, 1.0000, 1.0000, 1.0000, 1.0000, 1.0000]],
       grad_fn=<SumBackward1>)
Size of covariance_matrix: torch.Size([1, 7, 7])
Size of covariance_matrix_prime: torch.Size([1, 7, 7])
cosineSimilarity tensor([[1.0000, 1.0000, 1.0000, 1.0000, 1.0000, 1.0000, 1.0000]],
       grad_fn=<SumBackward1>)
Size of covariance_matrix: torch.Size([1, 7, 7])
Size of covariance_matrix_prime: torch.Size([1, 7, 7])
cosineSimilarity tensor([[1.0000, 1.0000, 1.0000, 1.0000, 1.0000, 1.0000, 1.0000]],
       grad_fn=<SumBackward1>)
Size of covariance_matrix: torch.Size([1, 7, 7])
Size of covariance_matrix_prime: torch.Size([1, 7, 7])
cosineSimilarity tensor([[1.0000, 1.0000, 1.0000, 1.0000, 1.0000, 1.0000, 1.0000]],
       grad_fn=<SumBackward1>)
Size of covariance_matrix: torch.Size([1, 7, 7])
Size of covariance_matrix_prime: torch.Size([1, 7, 7])
cosineSimilarity tensor([[1.0000, 1.0000, 1.0000, 1.0000, 1.0000, 1.0000, 1.0000]],
       grad_fn=<SumBackward1>)
Size of covariance_matrix: torch.Size([1, 7, 7])
Size of covariance_matrix_prime: torch.Size([1, 7, 7])
cosineSimilarity tensor([[nan, nan, nan, nan, nan, nan, nan]], grad_fn=<SumBackward1>)
Size of covariance_matrix: torch.Size([1, 7, 7])
Size of covariance_matrix_prime: torch.Size([1, 7, 7])
cosineSimilarity tensor([[1.0000, 1.0000, 1.0000, 1.0000, 1.0000, 1.0000, 1.0000]],
       grad_fn=<SumBackward1>)
Size of covariance_matrix: torch.Size([1, 7, 7])
Size of covariance_matrix_prime: torch.Size([1, 7, 7])
cosineSimilarity tensor([[1.0000, 1.0000, 1.0000, 1.0000, 1.0000, 1.0000, 1.0000]],
       grad_fn=<SumBackward1>)
Size of covariance_matrix: torch.Size([1, 7, 7])
Size of covariance_matrix_prime: torch.Size([1, 7, 7])
cosineSimilarity tensor([[1.0000, 1.0000, 1.0000, 1.0000, 1.0000, 1.0000, 1.0000]],
       grad_fn=<SumBackward1>)
Size of covariance_matrix: torch.Size([1, 7, 7])
Size of covariance_matrix_prime: torch.Size([1, 7, 7])
cosineSimilarity tensor([[1.0000, 1.0000, 1.0000, 1.0000, 1.0000, 1.0000, 1.0000]],
       grad_fn=<SumBackward1>)
Size of covariance_matrix: torch.Size([1, 7, 7])
Size of covariance_matrix_prime: torch.Size([1, 7, 7])
cosineSimilarity tensor([[1.0000, 1.0000, 1.0000, 1.0000, 1.0000, 1.0000, 1.0000]],
       grad_fn=<SumBackward1>)
Size of covariance_matrix: torch.Size([1, 7, 7])
Size of covariance_matrix_prime: torch.Size([1, 7, 7])
cosineSimilarity tensor([[1.0000, 1.0000, 1.0000, 1.0000, 1.0000, 1.0000, 1.0000]],
       grad_fn=<SumBackward1>)
Size of covariance_matrix: torch.Size([1, 7, 7])
Size of covariance_matrix_prime: torch.Size([1, 7, 7])
cosineSimilarity tensor([[1.0000, 1.0000, 1.0000, 1.0000, 1.0000, 1.0000, 1.0000]],
       grad_fn=<SumBackward1>)
Size of covariance_matrix: torch.Size([1, 7, 7])
Size of covariance_matrix_prime: torch.Size([1, 7, 7])
cosineSimilarity tensor([[1.0000, 1.0000, 1.0000, 1.0000, 1.0000, 1.0000, 1.0000]],
       grad_fn=<SumBackward1>)
Size of covariance_matrix: torch.Size([1, 7, 7])
Size of covariance_matrix_prime: torch.Size([1, 7, 7])
cosineSimilarity tensor([[1.0000, 1.0000, 1.0000, 1.0000, 1.0000, 1.0000, 1.0000]],
       grad_fn=<SumBackward1>)
Size of covariance_matrix: torch.Size([1, 7, 7])
Size of covariance_matrix_prime: torch.Size([1, 7, 7])
cosineSimilarity tensor([[1.0000, 1.0000, 1.0000, 1.0000, 1.0000, 1.0000, 1.0000]],
       grad_fn=<SumBackward1>)
Size of covariance_matrix: torch.Size([1, 7, 7])
Size of covariance_matrix_prime: torch.Size([1, 7, 7])
cosineSimilarity tensor([[1.0000, 1.0000, 1.0000, 1.0000, 1.0000, 1.0000, 1.0000]],
       grad_fn=<SumBackward1>)
Size of covariance_matrix: torch.Size([1, 7, 7])
Size of covariance_matrix_prime: torch.Size([1, 7, 7])
cosineSimilarity tensor([[1.0000, 1.0000, 1.0000, 1.0000, 1.0000, 1.0000, 1.0000]],
       grad_fn=<SumBackward1>)
Size of covariance_matrix: torch.Size([1, 7, 7])
Size of covariance_matrix_prime: torch.Size([1, 7, 7])
cosineSimilarity tensor([[1.0000, 1.0000, 1.0000, 1.0000, 1.0000, 1.0000, 1.0000]],
       grad_fn=<SumBackward1>)
Size of covariance_matrix: torch.Size([1, 7, 7])
Size of covariance_matrix_prime: torch.Size([1, 7, 7])
cosineSimilarity tensor([[1.0000, 1.0000, 1.0000, 1.0000, 1.0000, 1.0000, 1.0000]],
       grad_fn=<SumBackward1>)
Size of covariance_matrix: torch.Size([1, 7, 7])
Size of covariance_matrix_prime: torch.Size([1, 7, 7])
cosineSimilarity tensor([[1.0000, 1.0000, 1.0000, 1.0000, 1.0000, 1.0000, 1.0000]],
       grad_fn=<SumBackward1>)
Size of covariance_matrix: torch.Size([1, 7, 7])
Size of covariance_matrix_prime: torch.Size([1, 7, 7])
cosineSimilarity tensor([[1.0000, 1.0000, 1.0000, 1.0000, 1.0000, 1.0000, 1.0000]],
       grad_fn=<SumBackward1>)
Size of covariance_matrix: torch.Size([1, 7, 7])
Size of covariance_matrix_prime: torch.Size([1, 7, 7])
cosineSimilarity tensor([[1.0000, 1.0000, 1.0000, 1.0000, 1.0000, 1.0000, 1.0000]],
       grad_fn=<SumBackward1>)
Size of covariance_matrix: torch.Size([1, 7, 7])
Size of covariance_matrix_prime: torch.Size([1, 7, 7])
cosineSimilarity tensor([[1.0000, 1.0000, 1.0000, 1.0000, 1.0000, 1.0000, 1.0000]],
       grad_fn=<SumBackward1>)
Size of covariance_matrix: torch.Size([1, 7, 7])
Size of covariance_matrix_prime: torch.Size([1, 7, 7])
cosineSimilarity tensor([[1.0000, 1.0000, 1.0000, 1.0000, 1.0000, 1.0000, 1.0000]],
       grad_fn=<SumBackward1>)
Size of covariance_matrix: torch.Size([1, 7, 7])
Size of covariance_matrix_prime: torch.Size([1, 7, 7])
cosineSimilarity tensor([[1.0000, 1.0000, 1.0000, 1.0000, 1.0000, 1.0000, 1.0000]],
       grad_fn=<SumBackward1>)
Size of covariance_matrix: torch.Size([1, 7, 7])
Size of covariance_matrix_prime: torch.Size([1, 7, 7])
cosineSimilarity tensor([[1.0000, 1.0000, 1.0000, 1.0000, 1.0000, 1.0000, 1.0000]],
       grad_fn=<SumBackward1>)
Size of covariance_matrix: torch.Size([1, 7, 7])
Size of covariance_matrix_prime: torch.Size([1, 7, 7])
cosineSimilarity tensor([[1.0000, 1.0000, 1.0000, 1.0000, 1.0000, 1.0000, 1.0000]],
       grad_fn=<SumBackward1>)
Size of covariance_matrix: torch.Size([1, 7, 7])
Size of covariance_matrix_prime: torch.Size([1, 7, 7])
cosineSimilarity tensor([[1.0000, 1.0000, 1.0000, 1.0000, 1.0000, 1.0000, 1.0000]],
       grad_fn=<SumBackward1>)
Size of covariance_matrix: torch.Size([1, 7, 7])
Size of covariance_matrix_prime: torch.Size([1, 7, 7])
cosineSimilarity tensor([[1.0000, 1.0000, 1.0000, 1.0000, 1.0000, 1.0000, 1.0000]],
       grad_fn=<SumBackward1>)
Size of covariance_matrix: torch.Size([1, 7, 7])
Size of covariance_matrix_prime: torch.Size([1, 7, 7])
cosineSimilarity tensor([[1.0000, 1.0000, 1.0000, 1.0000, 1.0000, 1.0000, 1.0000]],
       grad_fn=<SumBackward1>)
Size of covariance_matrix: torch.Size([1, 7, 7])
Size of covariance_matrix_prime: torch.Size([1, 7, 7])
cosineSimilarity tensor([[1.0000, 1.0000, 1.0000, 1.0000, 1.0000, 1.0000, 1.0000]],
       grad_fn=<SumBackward1>)
Size of covariance_matrix: torch.Size([1, 7, 7])
Size of covariance_matrix_prime: torch.Size([1, 7, 7])
cosineSimilarity tensor([[1.0000, 1.0000, 1.0000, 1.0000, 1.0000, 1.0000, 1.0000]],
       grad_fn=<SumBackward1>)
Size of covariance_matrix: torch.Size([1, 7, 7])
Size of covariance_matrix_prime: torch.Size([1, 7, 7])
cosineSimilarity tensor([[1.0000, 1.0000, 1.0000, 1.0000, 1.0000, 1.0000, 1.0000]],
       grad_fn=<SumBackward1>)
Size of covariance_matrix: torch.Size([1, 7, 7])
Size of covariance_matrix_prime: torch.Size([1, 7, 7])
cosineSimilarity tensor([[1.0000, 1.0000, 1.0000, 1.0000, 1.0000, 1.0000, 1.0000]],
       grad_fn=<SumBackward1>)
Size of covariance_matrix: torch.Size([1, 7, 7])
Size of covariance_matrix_prime: torch.Size([1, 7, 7])
cosineSimilarity tensor([[1.0000, 1.0000, 1.0000, 1.0000, 1.0000, 1.0000, 1.0000]],
       grad_fn=<SumBackward1>)
Size of covariance_matrix: torch.Size([1, 7, 7])
Size of covariance_matrix_prime: torch.Size([1, 7, 7])
cosineSimilarity tensor([[1.0000, 1.0000, 1.0000, 1.0000, 1.0000, 1.0000, 1.0000]],
       grad_fn=<SumBackward1>)
Size of covariance_matrix: torch.Size([1, 7, 7])
Size of covariance_matrix_prime: torch.Size([1, 7, 7])
cosineSimilarity tensor([[1.0000, 1.0000, 1.0000, 1.0000, 1.0000, 1.0000, 1.0000]],
       grad_fn=<SumBackward1>)
Size of covariance_matrix: torch.Size([1, 7, 7])
Size of covariance_matrix_prime: torch.Size([1, 7, 7])
cosineSimilarity tensor([[1.0000, 1.0000, 1.0000, 1.0000, 1.0000, 1.0000, 1.0000]],
       grad_fn=<SumBackward1>)
Size of covariance_matrix: torch.Size([1, 7, 7])
Size of covariance_matrix_prime: torch.Size([1, 7, 7])
cosineSimilarity tensor([[1.0000, 1.0000, 1.0000, 1.0000, 1.0000, 1.0000, 1.0000]],
       grad_fn=<SumBackward1>)
Size of covariance_matrix: torch.Size([1, 7, 7])
Size of covariance_matrix_prime: torch.Size([1, 7, 7])
cosineSimilarity tensor([[1.0000, 1.0000, 1.0000, 1.0000, 1.0000, 1.0000, 1.0000]],
       grad_fn=<SumBackward1>)
Size of covariance_matrix: torch.Size([1, 7, 7])
Size of covariance_matrix_prime: torch.Size([1, 7, 7])
cosineSimilarity tensor([[1.0000, 1.0000, 1.0000, 1.0000, 1.0000, 1.0000, 1.0000]],
       grad_fn=<SumBackward1>)
Size of covariance_matrix: torch.Size([1, 7, 7])
Size of covariance_matrix_prime: torch.Size([1, 7, 7])
cosineSimilarity tensor([[1.0000, 1.0000, 1.0000, 1.0000, 1.0000, 1.0000, 1.0000]],
       grad_fn=<SumBackward1>)
Size of covariance_matrix: torch.Size([1, 7, 7])
Size of covariance_matrix_prime: torch.Size([1, 7, 7])
cosineSimilarity tensor([[1.0000, 1.0000, 1.0000, 1.0000, 1.0000, 1.0000, 1.0000]],
       grad_fn=<SumBackward1>)
Size of covariance_matrix: torch.Size([1, 7, 7])
Size of covariance_matrix_prime: torch.Size([1, 7, 7])
cosineSimilarity tensor([[1.0000, 1.0000, 1.0000, 1.0000, 1.0000, 1.0000, 1.0000]],
       grad_fn=<SumBackward1>)
Size of covariance_matrix: torch.Size([1, 7, 7])
Size of covariance_matrix_prime: torch.Size([1, 7, 7])
cosineSimilarity tensor([[1.0000, 1.0000, 1.0000, 1.0000, 1.0000, 1.0000, 1.0000]],
       grad_fn=<SumBackward1>)
Size of covariance_matrix: torch.Size([1, 7, 7])
Size of covariance_matrix_prime: torch.Size([1, 7, 7])
cosineSimilarity tensor([[1.0000, 1.0000, 1.0000, 1.0000, 1.0000, 1.0000, 1.0000]],
       grad_fn=<SumBackward1>)
Size of covariance_matrix: torch.Size([1, 7, 7])
Size of covariance_matrix_prime: torch.Size([1, 7, 7])
cosineSimilarity tensor([[1.0000, 1.0000, 1.0000, 1.0000, 1.0000, 1.0000, 1.0000]],
       grad_fn=<SumBackward1>)
Size of covariance_matrix: torch.Size([1, 7, 7])
Size of covariance_matrix_prime: torch.Size([1, 7, 7])
cosineSimilarity tensor([[1.0000, 1.0000, 1.0000, 1.0000, 1.0000, 1.0000, 1.0000]],
       grad_fn=<SumBackward1>)
Size of covariance_matrix: torch.Size([1, 7, 7])
Size of covariance_matrix_prime: torch.Size([1, 7, 7])
cosineSimilarity tensor([[1.0000, 1.0000, 1.0000, 1.0000, 1.0000, 1.0000, 1.0000]],
       grad_fn=<SumBackward1>)
Size of covariance_matrix: torch.Size([1, 7, 7])
Size of covariance_matrix_prime: torch.Size([1, 7, 7])
cosineSimilarity tensor([[1.0000, 1.0000, 1.0000, 1.0000, 1.0000, 1.0000, 1.0000]],
       grad_fn=<SumBackward1>)
Size of covariance_matrix: torch.Size([1, 7, 7])
Size of covariance_matrix_prime: torch.Size([1, 7, 7])
cosineSimilarity tensor([[1.0000, 1.0000, 1.0000, 1.0000, 1.0000, 1.0000, 1.0000]],
       grad_fn=<SumBackward1>)
Size of covariance_matrix: torch.Size([1, 7, 7])
Size of covariance_matrix_prime: torch.Size([1, 7, 7])
cosineSimilarity tensor([[1.0000, 1.0000, 1.0000, 1.0000, 1.0000, 1.0000, 1.0000]],
       grad_fn=<SumBackward1>)
Size of covariance_matrix: torch.Size([1, 7, 7])
Size of covariance_matrix_prime: torch.Size([1, 7, 7])
cosineSimilarity tensor([[1.0000, 1.0000, 1.0000, 1.0000, 1.0000, 1.0000, 1.0000]],
       grad_fn=<SumBackward1>)
Size of covariance_matrix: torch.Size([1, 7, 7])
Size of covariance_matrix_prime: torch.Size([1, 7, 7])
cosineSimilarity tensor([[1.0000, 1.0000, 1.0000, 1.0000, 1.0000, 1.0000, 1.0000]],
       grad_fn=<SumBackward1>)
Size of covariance_matrix: torch.Size([1, 7, 7])
Size of covariance_matrix_prime: torch.Size([1, 7, 7])
cosineSimilarity tensor([[1.0000, 1.0000, 1.0000, 1.0000, 1.0000, 1.0000, 1.0000]],
       grad_fn=<SumBackward1>)
Size of covariance_matrix: torch.Size([1, 7, 7])
Size of covariance_matrix_prime: torch.Size([1, 7, 7])
cosineSimilarity tensor([[1.0000, 1.0000, 1.0000, 1.0000, 1.0000, 1.0000, 1.0000]],
       grad_fn=<SumBackward1>)
Size of covariance_matrix: torch.Size([1, 7, 7])
Size of covariance_matrix_prime: torch.Size([1, 7, 7])
cosineSimilarity tensor([[1.0000, 1.0000, 1.0000, 1.0000, 1.0000, 1.0000, 1.0000]],
       grad_fn=<SumBackward1>)
Size of covariance_matrix: torch.Size([1, 7, 7])
Size of covariance_matrix_prime: torch.Size([1, 7, 7])
cosineSimilarity tensor([[1.0000, 1.0000, 1.0000, 1.0000, 1.0000, 1.0000, 1.0000]],
       grad_fn=<SumBackward1>)
Size of covariance_matrix: torch.Size([1, 7, 7])
Size of covariance_matrix_prime: torch.Size([1, 7, 7])
cosineSimilarity tensor([[1.0000, 1.0000, 1.0000, 1.0000, 1.0000, 1.0000, 1.0000]],
       grad_fn=<SumBackward1>)
Size of covariance_matrix: torch.Size([1, 7, 7])
Size of covariance_matrix_prime: torch.Size([1, 7, 7])
cosineSimilarity tensor([[1.0000, 1.0000, 1.0000, 1.0000, 1.0000, 1.0000, 1.0000]],
       grad_fn=<SumBackward1>)
Size of covariance_matrix: torch.Size([1, 7, 7])
Size of covariance_matrix_prime: torch.Size([1, 7, 7])
cosineSimilarity tensor([[1.0000, 1.0000, 1.0000, 1.0000, 1.0000, 1.0000, 1.0000]],
       grad_fn=<SumBackward1>)
Size of covariance_matrix: torch.Size([1, 7, 7])
Size of covariance_matrix_prime: torch.Size([1, 7, 7])
cosineSimilarity tensor([[1.0000, 1.0000, 1.0000, 1.0000, 1.0000, 1.0000, 1.0000]],
       grad_fn=<SumBackward1>)
Size of covariance_matrix: torch.Size([1, 7, 7])
Size of covariance_matrix_prime: torch.Size([1, 7, 7])
cosineSimilarity tensor([[1.0000, 1.0000, 1.0000, 1.0000, 1.0000, 1.0000, 1.0000]],
       grad_fn=<SumBackward1>)
Size of covariance_matrix: torch.Size([1, 7, 7])
Size of covariance_matrix_prime: torch.Size([1, 7, 7])
cosineSimilarity tensor([[1.0000, 1.0000, 1.0000, 1.0000, 1.0000, 1.0000, 1.0000]],
       grad_fn=<SumBackward1>)
Size of covariance_matrix: torch.Size([1, 7, 7])
Size of covariance_matrix_prime: torch.Size([1, 7, 7])
cosineSimilarity tensor([[1.0000, 1.0000, 1.0000, 1.0000, 1.0000, 1.0000, 1.0000]],
       grad_fn=<SumBackward1>)
Size of covariance_matrix: torch.Size([1, 7, 7])
Size of covariance_matrix_prime: torch.Size([1, 7, 7])
cosineSimilarity tensor([[1.0000, 1.0000, 1.0000, 1.0000, 1.0000, 1.0000, 1.0000]],
       grad_fn=<SumBackward1>)
Size of covariance_matrix: torch.Size([1, 7, 7])
Size of covariance_matrix_prime: torch.Size([1, 7, 7])
cosineSimilarity tensor([[1.0000, 1.0000, 1.0000, 1.0000, 1.0000, 1.0000, 1.0000]],
       grad_fn=<SumBackward1>)
Size of covariance_matrix: torch.Size([1, 7, 7])
Size of covariance_matrix_prime: torch.Size([1, 7, 7])
cosineSimilarity tensor([[1.0000, 1.0000, 1.0000, 1.0000, 1.0000, 1.0000, 1.0000]],
       grad_fn=<SumBackward1>)
Size of covariance_matrix: torch.Size([1, 7, 7])
Size of covariance_matrix_prime: torch.Size([1, 7, 7])
cosineSimilarity tensor([[1.0000, 1.0000, 1.0000, 1.0000, 1.0000, 1.0000, 1.0000]],
       grad_fn=<SumBackward1>)
Size of covariance_matrix: torch.Size([1, 7, 7])
Size of covariance_matrix_prime: torch.Size([1, 7, 7])
cosineSimilarity tensor([[1.0000, 1.0000, 1.0000, 1.0000, 1.0000, 1.0000, 1.0000]],
       grad_fn=<SumBackward1>)
Size of covariance_matrix: torch.Size([1, 7, 7])
Size of covariance_matrix_prime: torch.Size([1, 7, 7])
cosineSimilarity tensor([[1.0000, 1.0000, 1.0000, 1.0000, 1.0000, 1.0000, 1.0000]],
       grad_fn=<SumBackward1>)
Size of covariance_matrix: torch.Size([1, 7, 7])
Size of covariance_matrix_prime: torch.Size([1, 7, 7])
cosineSimilarity tensor([[1.0000, 1.0000, 1.0000, 1.0000, 1.0000, 1.0000, 1.0000]],
       grad_fn=<SumBackward1>)
Size of covariance_matrix: torch.Size([1, 7, 7])
Size of covariance_matrix_prime: torch.Size([1, 7, 7])
cosineSimilarity tensor([[1.0000, 1.0000, 1.0000, 1.0000, 1.0000, 1.0000, 1.0000]],
       grad_fn=<SumBackward1>)
Size of covariance_matrix: torch.Size([1, 7, 7])
Size of covariance_matrix_prime: torch.Size([1, 7, 7])
cosineSimilarity tensor([[1.0000, 1.0000, 1.0000, 1.0000, 1.0000, 1.0000, 1.0000]],
       grad_fn=<SumBackward1>)
Size of covariance_matrix: torch.Size([1, 7, 7])
Size of covariance_matrix_prime: torch.Size([1, 7, 7])
cosineSimilarity tensor([[1.0000, 1.0000, 1.0000, 1.0000, 1.0000, 1.0000, 1.0000]],
       grad_fn=<SumBackward1>)
Size of covariance_matrix: torch.Size([1, 7, 7])
Size of covariance_matrix_prime: torch.Size([1, 7, 7])
cosineSimilarity tensor([[1.0000, 1.0000, 1.0000, 1.0000, 1.0000, 1.0000, 1.0000]],
       grad_fn=<SumBackward1>)
Size of covariance_matrix: torch.Size([1, 7, 7])
Size of covariance_matrix_prime: torch.Size([1, 7, 7])
cosineSimilarity tensor([[1.0000, 1.0000, 1.0000, 1.0000, 1.0000, 1.0000, 1.0000]],
       grad_fn=<SumBackward1>)
Size of covariance_matrix: torch.Size([1, 7, 7])
Size of covariance_matrix_prime: torch.Size([1, 7, 7])
cosineSimilarity tensor([[1.0000, 1.0000, 1.0000, 1.0000, 1.0000, 1.0000, 1.0000]],
       grad_fn=<SumBackward1>)
Size of covariance_matrix: torch.Size([1, 7, 7])
Size of covariance_matrix_prime: torch.Size([1, 7, 7])
cosineSimilarity tensor([[1.0000, 1.0000, 1.0000, 1.0000, 1.0000, 1.0000, 1.0000]],
       grad_fn=<SumBackward1>)
Size of covariance_matrix: torch.Size([1, 7, 7])
Size of covariance_matrix_prime: torch.Size([1, 7, 7])
cosineSimilarity tensor([[1.0000, 1.0000, 1.0000, 1.0000, 1.0000, 1.0000, 1.0000]],
       grad_fn=<SumBackward1>)
Size of covariance_matrix: torch.Size([1, 7, 7])
Size of covariance_matrix_prime: torch.Size([1, 7, 7])
cosineSimilarity tensor([[1.0000, 1.0000, 1.0000, 1.0000, 1.0000, 1.0000, 1.0000]],
       grad_fn=<SumBackward1>)
Size of covariance_matrix: torch.Size([1, 7, 7])
Size of covariance_matrix_prime: torch.Size([1, 7, 7])
cosineSimilarity tensor([[1.0000, 1.0000, 1.0000, 1.0000, 1.0000, 1.0000, 1.0000]],
       grad_fn=<SumBackward1>)
Size of covariance_matrix: torch.Size([1, 7, 7])
Size of covariance_matrix_prime: torch.Size([1, 7, 7])
cosineSimilarity tensor([[1.0000, 1.0000, 1.0000, 1.0000, 1.0000, 1.0000, 1.0000]],
       grad_fn=<SumBackward1>)
Size of covariance_matrix: torch.Size([1, 7, 7])
Size of covariance_matrix_prime: torch.Size([1, 7, 7])
cosineSimilarity tensor([[1.0000, 1.0000, 1.0000, 1.0000, 1.0000, 1.0000, 1.0000]],
       grad_fn=<SumBackward1>)
Size of covariance_matrix: torch.Size([1, 7, 7])
Size of covariance_matrix_prime: torch.Size([1, 7, 7])
cosineSimilarity tensor([[1.0000, 1.0000, 1.0000, 1.0000, 1.0000, 1.0000, 1.0000]],
       grad_fn=<SumBackward1>)
Size of covariance_matrix: torch.Size([1, 7, 7])
Size of covariance_matrix_prime: torch.Size([1, 7, 7])
cosineSimilarity tensor([[1.0000, 1.0000, 1.0000, 1.0000, 1.0000, 1.0000, 1.0000]],
       grad_fn=<SumBackward1>)
Size of covariance_matrix: torch.Size([1, 7, 7])
Size of covariance_matrix_prime: torch.Size([1, 7, 7])
cosineSimilarity tensor([[1.0000, 1.0000, 1.0000, 1.0000, 1.0000, 1.0000, 1.0000]],
       grad_fn=<SumBackward1>)
Size of covariance_matrix: torch.Size([1, 7, 7])
Size of covariance_matrix_prime: torch.Size([1, 7, 7])
cosineSimilarity tensor([[1.0000, 1.0000, 1.0000, 1.0000, 1.0000, 1.0000, 1.0000]],
       grad_fn=<SumBackward1>)
Size of covariance_matrix: torch.Size([1, 7, 7])
Size of covariance_matrix_prime: torch.Size([1, 7, 7])
cosineSimilarity tensor([[1.0000, 1.0000, 1.0000, 1.0000, 1.0000, 1.0000, 1.0000]],
       grad_fn=<SumBackward1>)
Size of covariance_matrix: torch.Size([1, 7, 7])
Size of covariance_matrix_prime: torch.Size([1, 7, 7])
cosineSimilarity tensor([[1.0000, 1.0000, 1.0000, 1.0000, 1.0000, 1.0000, 1.0000]],
       grad_fn=<SumBackward1>)
Size of covariance_matrix: torch.Size([1, 7, 7])
Size of covariance_matrix_prime: torch.Size([1, 7, 7])
cosineSimilarity tensor([[1.0000, 1.0000, 1.0000, 1.0000, 1.0000, 1.0000, 1.0000]],
       grad_fn=<SumBackward1>)
Size of covariance_matrix: torch.Size([1, 7, 7])
Size of covariance_matrix_prime: torch.Size([1, 7, 7])
cosineSimilarity tensor([[1.0000, 1.0000, 1.0000, 1.0000, 1.0000, 1.0000, 1.0000]],
       grad_fn=<SumBackward1>)
Size of covariance_matrix: torch.Size([1, 7, 7])
Size of covariance_matrix_prime: torch.Size([1, 7, 7])
cosineSimilarity tensor([[1.0000, 1.0000, 1.0000, 1.0000, 1.0000, 1.0000, 1.0000]],
       grad_fn=<SumBackward1>)
Size of covariance_matrix: torch.Size([1, 7, 7])
Size of covariance_matrix_prime: torch.Size([1, 7, 7])
cosineSimilarity tensor([[1.0000, 1.0000, 1.0000, 1.0000, 1.0000, 1.0000, 1.0000]],
       grad_fn=<SumBackward1>)
Size of covariance_matrix: torch.Size([1, 7, 7])
Size of covariance_matrix_prime: torch.Size([1, 7, 7])
cosineSimilarity tensor([[1.0000, 1.0000, 1.0000, 1.0000, 1.0000, 1.0000, 1.0000]],
       grad_fn=<SumBackward1>)
Size of covariance_matrix: torch.Size([1, 7, 7])
Size of covariance_matrix_prime: torch.Size([1, 7, 7])
cosineSimilarity tensor([[1.0000, 1.0000, 1.0000, 1.0000, 1.0000, 1.0000, 1.0000]],
       grad_fn=<SumBackward1>)
Size of covariance_matrix: torch.Size([1, 7, 7])
Size of covariance_matrix_prime: torch.Size([1, 7, 7])
cosineSimilarity tensor([[1.0000, 1.0000, 1.0000, 1.0000, 1.0000, 1.0000, 1.0000]],
       grad_fn=<SumBackward1>)
Size of covariance_matrix: torch.Size([1, 7, 7])
Size of covariance_matrix_prime: torch.Size([1, 7, 7])
cosineSimilarity tensor([[1.0000, 1.0000, 1.0000, 1.0000, 1.0000, 1.0000, 1.0000]],
       grad_fn=<SumBackward1>)
Size of covariance_matrix: torch.Size([1, 7, 7])
Size of covariance_matrix_prime: torch.Size([1, 7, 7])
cosineSimilarity tensor([[nan, nan, nan, nan, nan, nan, nan]], grad_fn=<SumBackward1>)
Size of covariance_matrix: torch.Size([1, 7, 7])
Size of covariance_matrix_prime: torch.Size([1, 7, 7])
cosineSimilarity tensor([[1.0000, 1.0000, 1.0000, 1.0000, 1.0000, 1.0000, 1.0000]],
       grad_fn=<SumBackward1>)
Size of covariance_matrix: torch.Size([1, 7, 7])
Size of covariance_matrix_prime: torch.Size([1, 7, 7])
cosineSimilarity tensor([[1.0000, 1.0000, 1.0000, 1.0000, 1.0000, 1.0000, 1.0000]],
       grad_fn=<SumBackward1>)
Size of covariance_matrix: torch.Size([1, 7, 7])
Size of covariance_matrix_prime: torch.Size([1, 7, 7])
cosineSimilarity tensor([[1.0000, 1.0000, 1.0000, 1.0000, 1.0000, 1.0000, 1.0000]],
       grad_fn=<SumBackward1>)
Size of covariance_matrix: torch.Size([1, 7, 7])
Size of covariance_matrix_prime: torch.Size([1, 7, 7])
cosineSimilarity tensor([[1.0000, 1.0000, 1.0000, 1.0000, 1.0000, 1.0000, 1.0000]],
       grad_fn=<SumBackward1>)
Size of covariance_matrix: torch.Size([1, 7, 7])
Size of covariance_matrix_prime: torch.Size([1, 7, 7])
cosineSimilarity tensor([[1.0000, 1.0000, 1.0000, 1.0000, 1.0000, 1.0000, 1.0000]],
       grad_fn=<SumBackward1>)
Size of covariance_matrix: torch.Size([1, 7, 7])
Size of covariance_matrix_prime: torch.Size([1, 7, 7])
cosineSimilarity tensor([[1.0000, 1.0000, 1.0000, 1.0000, 1.0000, 1.0000, 1.0000]],
       grad_fn=<SumBackward1>)
Size of covariance_matrix: torch.Size([1, 7, 7])
Size of covariance_matrix_prime: torch.Size([1, 7, 7])
cosineSimilarity tensor([[1.0000, 1.0000, 1.0000, 1.0000, 1.0000, 1.0000, 1.0000]],
       grad_fn=<SumBackward1>)
Size of covariance_matrix: torch.Size([1, 7, 7])
Size of covariance_matrix_prime: torch.Size([1, 7, 7])
cosineSimilarity tensor([[1.0000, 1.0000, 1.0000, 1.0000, 1.0000, 1.0000, 1.0000]],
       grad_fn=<SumBackward1>)
Size of covariance_matrix: torch.Size([1, 7, 7])
Size of covariance_matrix_prime: torch.Size([1, 7, 7])
cosineSimilarity tensor([[1.0000, 1.0000, 1.0000, 1.0000, 1.0000, 1.0000, 1.0000]],
       grad_fn=<SumBackward1>)
Size of covariance_matrix: torch.Size([1, 7, 7])
Size of covariance_matrix_prime: torch.Size([1, 7, 7])
cosineSimilarity tensor([[1.0000, 1.0000, 1.0000, 1.0000, 1.0000, 1.0000, 1.0000]],
       grad_fn=<SumBackward1>)
Size of covariance_matrix: torch.Size([1, 7, 7])
Size of covariance_matrix_prime: torch.Size([1, 7, 7])
cosineSimilarity tensor([[1.0000, 1.0000, 1.0000, 1.0000, 1.0000, 1.0000, 1.0000]],
       grad_fn=<SumBackward1>)
Size of covariance_matrix: torch.Size([1, 7, 7])
Size of covariance_matrix_prime: torch.Size([1, 7, 7])
cosineSimilarity tensor([[nan, nan, nan, nan, nan, nan, nan]], grad_fn=<SumBackward1>)
Size of covariance_matrix: torch.Size([1, 7, 7])
Size of covariance_matrix_prime: torch.Size([1, 7, 7])
cosineSimilarity tensor([[1.0000, 1.0000, 1.0000, 1.0000, 1.0000, 1.0000, 1.0000]],
       grad_fn=<SumBackward1>)
Size of covariance_matrix: torch.Size([1, 7, 7])
Size of covariance_matrix_prime: torch.Size([1, 7, 7])
cosineSimilarity tensor([[1.0000, 1.0000, 1.0000, 1.0000, 1.0000, 1.0000, 1.0000]],
       grad_fn=<SumBackward1>)
Size of covariance_matrix: torch.Size([1, 7, 7])
Size of covariance_matrix_prime: torch.Size([1, 7, 7])
cosineSimilarity tensor([[1.0000, 1.0000, 1.0000, 1.0000, 1.0000, 1.0000, 1.0000]],
       grad_fn=<SumBackward1>)
Size of covariance_matrix: torch.Size([1, 7, 7])
Size of covariance_matrix_prime: torch.Size([1, 7, 7])
cosineSimilarity tensor([[1.0000, 1.0000, 1.0000, 1.0000, 1.0000, 1.0000, 1.0000]],
       grad_fn=<SumBackward1>)
Size of covariance_matrix: torch.Size([1, 7, 7])
Size of covariance_matrix_prime: torch.Size([1, 7, 7])
cosineSimilarity tensor([[1.0000, 1.0000, 1.0000, 1.0000, 1.0000, 1.0000, 1.0000]],
       grad_fn=<SumBackward1>)
Size of covariance_matrix: torch.Size([1, 7, 7])
Size of covariance_matrix_prime: torch.Size([1, 7, 7])
cosineSimilarity tensor([[1.0000, 1.0000, 1.0000, 1.0000, 1.0000, 1.0000, 1.0000]],
       grad_fn=<SumBackward1>)
Size of covariance_matrix: torch.Size([1, 7, 7])
Size of covariance_matrix_prime: torch.Size([1, 7, 7])
cosineSimilarity tensor([[1.0000, 1.0000, 1.0000, 1.0000, 1.0000, 1.0000, 1.0000]],
       grad_fn=<SumBackward1>)
Size of covariance_matrix: torch.Size([1, 7, 7])
Size of covariance_matrix_prime: torch.Size([1, 7, 7])
cosineSimilarity tensor([[1.0000, 1.0000, 1.0000, 1.0000, 1.0000, 1.0000, 1.0000]],
       grad_fn=<SumBackward1>)
Size of covariance_matrix: torch.Size([1, 7, 7])
Size of covariance_matrix_prime: torch.Size([1, 7, 7])
cosineSimilarity tensor([[1.0000, 1.0000, 1.0000, 1.0000, 1.0000, 1.0000, 1.0000]],
       grad_fn=<SumBackward1>)
Size of covariance_matrix: torch.Size([1, 7, 7])
Size of covariance_matrix_prime: torch.Size([1, 7, 7])
cosineSimilarity tensor([[1.0000, 1.0000, 1.0000, 1.0000, 1.0000, 1.0000, 1.0000]],
       grad_fn=<SumBackward1>)
Size of covariance_matrix: torch.Size([1, 7, 7])
Size of covariance_matrix_prime: torch.Size([1, 7, 7])
cosineSimilarity tensor([[1.0000, 1.0000, 1.0000, 1.0000, 1.0000, 1.0000, 1.0000]],
       grad_fn=<SumBackward1>)
Size of covariance_matrix: torch.Size([1, 7, 7])
Size of covariance_matrix_prime: torch.Size([1, 7, 7])
cosineSimilarity tensor([[1.0000, 1.0000, 1.0000, 1.0000, 1.0000, 1.0000, 1.0000]],
       grad_fn=<SumBackward1>)
Size of covariance_matrix: torch.Size([1, 7, 7])
Size of covariance_matrix_prime: torch.Size([1, 7, 7])
cosineSimilarity tensor([[1.0000, 1.0000, 1.0000, 1.0000, 1.0000, 1.0000, 1.0000]],
       grad_fn=<SumBackward1>)
Size of covariance_matrix: torch.Size([1, 7, 7])
Size of covariance_matrix_prime: torch.Size([1, 7, 7])
cosineSimilarity tensor([[1.0000, 1.0000, 1.0000, 1.0000, 1.0000, 1.0000, 1.0000]],
       grad_fn=<SumBackward1>)
Size of covariance_matrix: torch.Size([1, 7, 7])
Size of covariance_matrix_prime: torch.Size([1, 7, 7])
cosineSimilarity tensor([[1.0000, 1.0000, 1.0000, 1.0000, 1.0000, 1.0000, 1.0000]],
       grad_fn=<SumBackward1>)
Size of covariance_matrix: torch.Size([1, 7, 7])
Size of covariance_matrix_prime: torch.Size([1, 7, 7])
cosineSimilarity tensor([[1.0000, 1.0000, 1.0000, 1.0000, 1.0000, 1.0000, 1.0000]],
       grad_fn=<SumBackward1>)
Size of covariance_matrix: torch.Size([1, 7, 7])
Size of covariance_matrix_prime: torch.Size([1, 7, 7])
cosineSimilarity tensor([[1.0000, 1.0000, 1.0000, 1.0000, 1.0000, 1.0000, 1.0000]],
       grad_fn=<SumBackward1>)
Size of covariance_matrix: torch.Size([1, 7, 7])
Size of covariance_matrix_prime: torch.Size([1, 7, 7])
cosineSimilarity tensor([[1.0000, 1.0000, 1.0000, 1.0000, 1.0000, 1.0000, 1.0000]],
       grad_fn=<SumBackward1>)
Size of covariance_matrix: torch.Size([1, 7, 7])
Size of covariance_matrix_prime: torch.Size([1, 7, 7])
cosineSimilarity tensor([[1.0000, 1.0000, 1.0000, 1.0000, 1.0000, 1.0000, 1.0000]],
       grad_fn=<SumBackward1>)
Size of covariance_matrix: torch.Size([1, 7, 7])
Size of covariance_matrix_prime: torch.Size([1, 7, 7])
cosineSimilarity tensor([[1.0000, 1.0000, 1.0000, 1.0000, 1.0000, 1.0000, 1.0000]],
       grad_fn=<SumBackward1>)
Size of covariance_matrix: torch.Size([1, 7, 7])
Size of covariance_matrix_prime: torch.Size([1, 7, 7])
cosineSimilarity tensor([[1.0000, 1.0000, 1.0000, 1.0000, 1.0000, 1.0000, 1.0000]],
       grad_fn=<SumBackward1>)
Size of covariance_matrix: torch.Size([1, 7, 7])
Size of covariance_matrix_prime: torch.Size([1, 7, 7])
cosineSimilarity tensor([[1.0000, 1.0000, 1.0000, 1.0000, 1.0000, 1.0000, 1.0000]],
       grad_fn=<SumBackward1>)
Size of covariance_matrix: torch.Size([1, 7, 7])
Size of covariance_matrix_prime: torch.Size([1, 7, 7])
cosineSimilarity tensor([[1.0000, 1.0000, 1.0000, 1.0000, 1.0000, 1.0000, 1.0000]],
       grad_fn=<SumBackward1>)
Size of covariance_matrix: torch.Size([1, 7, 7])
Size of covariance_matrix_prime: torch.Size([1, 7, 7])
cosineSimilarity tensor([[1.0000, 1.0000, 1.0000, 1.0000, 1.0000, 1.0000, 1.0000]],
       grad_fn=<SumBackward1>)
Size of covariance_matrix: torch.Size([1, 7, 7])
Size of covariance_matrix_prime: torch.Size([1, 7, 7])
cosineSimilarity tensor([[1.0000, 1.0000, 1.0000, 1.0000, 1.0000, 1.0000, 1.0000]],
       grad_fn=<SumBackward1>)
Size of covariance_matrix: torch.Size([1, 7, 7])
Size of covariance_matrix_prime: torch.Size([1, 7, 7])
cosineSimilarity tensor([[1.0000, 1.0000, 1.0000, 1.0000, 1.0000, 1.0000, 1.0000]],
       grad_fn=<SumBackward1>)
Size of covariance_matrix: torch.Size([1, 7, 7])
Size of covariance_matrix_prime: torch.Size([1, 7, 7])
cosineSimilarity tensor([[1.0000, 1.0000, 1.0000, 1.0000, 1.0000, 1.0000, 1.0000]],
       grad_fn=<SumBackward1>)
Size of covariance_matrix: torch.Size([1, 7, 7])
Size of covariance_matrix_prime: torch.Size([1, 7, 7])
cosineSimilarity tensor([[1.0000, 1.0000, 1.0000, 1.0000, 1.0000, 1.0000, 1.0000]],
       grad_fn=<SumBackward1>)
Size of covariance_matrix: torch.Size([1, 7, 7])
Size of covariance_matrix_prime: torch.Size([1, 7, 7])
cosineSimilarity tensor([[1.0000, 1.0000, 1.0000, 1.0000, 1.0000, 1.0000, 1.0000]],
       grad_fn=<SumBackward1>)
Size of covariance_matrix: torch.Size([1, 7, 7])
Size of covariance_matrix_prime: torch.Size([1, 7, 7])
cosineSimilarity tensor([[1.0000, 1.0000, 1.0000, 1.0000, 1.0000, 1.0000, 1.0000]],
       grad_fn=<SumBackward1>)
Size of covariance_matrix: torch.Size([1, 7, 7])
Size of covariance_matrix_prime: torch.Size([1, 7, 7])
cosineSimilarity tensor([[1.0000, 1.0000, 1.0000, 1.0000, 1.0000, 1.0000, 1.0000]],
       grad_fn=<SumBackward1>)
Size of covariance_matrix: torch.Size([1, 7, 7])
Size of covariance_matrix_prime: torch.Size([1, 7, 7])
cosineSimilarity tensor([[1.0000, 1.0000, 1.0000, 1.0000, 1.0000, 1.0000, 1.0000]],
       grad_fn=<SumBackward1>)
Size of covariance_matrix: torch.Size([1, 7, 7])
Size of covariance_matrix_prime: torch.Size([1, 7, 7])
cosineSimilarity tensor([[1.0000, 1.0000, 1.0000, 1.0000, 1.0000, 1.0000, 1.0000]],
       grad_fn=<SumBackward1>)
Size of covariance_matrix: torch.Size([1, 7, 7])
Size of covariance_matrix_prime: torch.Size([1, 7, 7])
cosineSimilarity tensor([[1.0000, 1.0000, 1.0000, 1.0000, 1.0000, 1.0000, 1.0000]],
       grad_fn=<SumBackward1>)
Size of covariance_matrix: torch.Size([1, 7, 7])
Size of covariance_matrix_prime: torch.Size([1, 7, 7])
cosineSimilarity tensor([[1.0000, 1.0000, 1.0000, 1.0000, 1.0000, 1.0000, 1.0000]],
       grad_fn=<SumBackward1>)
Size of covariance_matrix: torch.Size([1, 7, 7])
Size of covariance_matrix_prime: torch.Size([1, 7, 7])
cosineSimilarity tensor([[1.0000, 1.0000, 1.0000, 1.0000, 1.0000, 1.0000, 1.0000]],
       grad_fn=<SumBackward1>)
Size of covariance_matrix: torch.Size([1, 7, 7])
Size of covariance_matrix_prime: torch.Size([1, 7, 7])
cosineSimilarity tensor([[1.0000, 1.0000, 1.0000, 1.0000, 1.0000, 1.0000, 1.0000]],
       grad_fn=<SumBackward1>)
Size of covariance_matrix: torch.Size([1, 7, 7])
Size of covariance_matrix_prime: torch.Size([1, 7, 7])
cosineSimilarity tensor([[1.0000, 1.0000, 1.0000, 1.0000, 1.0000, 1.0000, 1.0000]],
       grad_fn=<SumBackward1>)
Size of covariance_matrix: torch.Size([1, 7, 7])
Size of covariance_matrix_prime: torch.Size([1, 7, 7])
cosineSimilarity tensor([[1.0000, 1.0000, 1.0000, 1.0000, 1.0000, 1.0000, 1.0000]],
       grad_fn=<SumBackward1>)
Size of covariance_matrix: torch.Size([1, 7, 7])
Size of covariance_matrix_prime: torch.Size([1, 7, 7])
cosineSimilarity tensor([[1.0000, 1.0000, 1.0000, 1.0000, 1.0000, 1.0000, 1.0000]],
       grad_fn=<SumBackward1>)
Size of covariance_matrix: torch.Size([1, 7, 7])
Size of covariance_matrix_prime: torch.Size([1, 7, 7])
cosineSimilarity tensor([[1.0000, 1.0000, 1.0000, 1.0000, 1.0000, 1.0000, 1.0000]],
       grad_fn=<SumBackward1>)
Size of covariance_matrix: torch.Size([1, 7, 7])
Size of covariance_matrix_prime: torch.Size([1, 7, 7])
cosineSimilarity tensor([[1.0000, 1.0000, 1.0000, 1.0000, 1.0000, 1.0000, 1.0000]],
       grad_fn=<SumBackward1>)
Size of covariance_matrix: torch.Size([1, 7, 7])
Size of covariance_matrix_prime: torch.Size([1, 7, 7])
cosineSimilarity tensor([[1.0000, 1.0000, 1.0000, 1.0000, 1.0000, 1.0000, 1.0000]],
       grad_fn=<SumBackward1>)
Size of covariance_matrix: torch.Size([1, 7, 7])
Size of covariance_matrix_prime: torch.Size([1, 7, 7])
cosineSimilarity tensor([[1.0000, 1.0000, 1.0000, 1.0000, 1.0000, 1.0000, 1.0000]],
       grad_fn=<SumBackward1>)
Size of covariance_matrix: torch.Size([1, 7, 7])
Size of covariance_matrix_prime: torch.Size([1, 7, 7])
cosineSimilarity tensor([[1.0000, 1.0000, 1.0000, 1.0000, 1.0000, 1.0000, 1.0000]],
       grad_fn=<SumBackward1>)
Size of covariance_matrix: torch.Size([1, 7, 7])
Size of covariance_matrix_prime: torch.Size([1, 7, 7])
cosineSimilarity tensor([[1.0000, 1.0000, 1.0000, 1.0000, 1.0000, 1.0000, 1.0000]],
       grad_fn=<SumBackward1>)
Size of covariance_matrix: torch.Size([1, 7, 7])
Size of covariance_matrix_prime: torch.Size([1, 7, 7])
cosineSimilarity tensor([[1.0000, 1.0000, 1.0000, 1.0000, 1.0000, 1.0000, 1.0000]],
       grad_fn=<SumBackward1>)
Size of covariance_matrix: torch.Size([1, 7, 7])
Size of covariance_matrix_prime: torch.Size([1, 7, 7])
cosineSimilarity tensor([[1.0000, 1.0000, 1.0000, 1.0000, 1.0000, 1.0000, 1.0000]],
       grad_fn=<SumBackward1>)
Size of covariance_matrix: torch.Size([1, 7, 7])
Size of covariance_matrix_prime: torch.Size([1, 7, 7])
cosineSimilarity tensor([[1.0000, 1.0000, 1.0000, 1.0000, 1.0000, 1.0000, 1.0000]],
       grad_fn=<SumBackward1>)
Size of covariance_matrix: torch.Size([1, 7, 7])
Size of covariance_matrix_prime: torch.Size([1, 7, 7])
cosineSimilarity tensor([[1.0000, 1.0000, 1.0000, 1.0000, 1.0000, 1.0000, 1.0000]],
       grad_fn=<SumBackward1>)
Size of covariance_matrix: torch.Size([1, 7, 7])
Size of covariance_matrix_prime: torch.Size([1, 7, 7])
cosineSimilarity tensor([[1.0000, 1.0000, 1.0000, 1.0000, 1.0000, 1.0000, 1.0000]],
       grad_fn=<SumBackward1>)
Size of covariance_matrix: torch.Size([1, 7, 7])
Size of covariance_matrix_prime: torch.Size([1, 7, 7])
cosineSimilarity tensor([[1.0000, 1.0000, 1.0000, 1.0000, 1.0000, 1.0000, 1.0000]],
       grad_fn=<SumBackward1>)
Size of covariance_matrix: torch.Size([1, 7, 7])
Size of covariance_matrix_prime: torch.Size([1, 7, 7])
cosineSimilarity tensor([[1.0000, 1.0000, 1.0000, 1.0000, 1.0000, 1.0000, 1.0000]],
       grad_fn=<SumBackward1>)
Size of covariance_matrix: torch.Size([1, 7, 7])
Size of covariance_matrix_prime: torch.Size([1, 7, 7])
cosineSimilarity tensor([[1.0000, 1.0000, 1.0000, 1.0000, 1.0000, 1.0000, 1.0000]],
       grad_fn=<SumBackward1>)
Size of covariance_matrix: torch.Size([1, 7, 7])
Size of covariance_matrix_prime: torch.Size([1, 7, 7])
cosineSimilarity tensor([[1.0000, 1.0000, 1.0000, 1.0000, 1.0000, 1.0000, 1.0000]],
       grad_fn=<SumBackward1>)
Size of covariance_matrix: torch.Size([1, 7, 7])
Size of covariance_matrix_prime: torch.Size([1, 7, 7])
cosineSimilarity tensor([[1.0000, 1.0000, 1.0000, 1.0000, 1.0000, 1.0000, 1.0000]],
       grad_fn=<SumBackward1>)
Size of covariance_matrix: torch.Size([1, 7, 7])
Size of covariance_matrix_prime: torch.Size([1, 7, 7])
cosineSimilarity tensor([[1.0000, 1.0000, 1.0000, 1.0000, 1.0000, 1.0000, 1.0000]],
       grad_fn=<SumBackward1>)
Size of covariance_matrix: torch.Size([1, 7, 7])
Size of covariance_matrix_prime: torch.Size([1, 7, 7])
cosineSimilarity tensor([[1.0000, 1.0000, 1.0000, 1.0000, 1.0000, 1.0000, 1.0000]],
       grad_fn=<SumBackward1>)
Size of covariance_matrix: torch.Size([1, 7, 7])
Size of covariance_matrix_prime: torch.Size([1, 7, 7])
cosineSimilarity tensor([[1.0000, 1.0000, 1.0000, 1.0000, 1.0000, 1.0000, 1.0000]],
       grad_fn=<SumBackward1>)
Size of covariance_matrix: torch.Size([1, 7, 7])
Size of covariance_matrix_prime: torch.Size([1, 7, 7])
cosineSimilarity tensor([[1.0000, 1.0000, 1.0000, 1.0000, 1.0000, 1.0000, 1.0000]],
       grad_fn=<SumBackward1>)
Size of covariance_matrix: torch.Size([1, 7, 7])
Size of covariance_matrix_prime: torch.Size([1, 7, 7])
cosineSimilarity tensor([[1.0000, 1.0000, 1.0000, 1.0000, 1.0000, 1.0000, 1.0000]],
       grad_fn=<SumBackward1>)
Size of covariance_matrix: torch.Size([1, 7, 7])
Size of covariance_matrix_prime: torch.Size([1, 7, 7])
cosineSimilarity tensor([[1.0000, 1.0000, 1.0000, 1.0000, 1.0000, 1.0000, 1.0000]],
       grad_fn=<SumBackward1>)
Size of covariance_matrix: torch.Size([1, 7, 7])
Size of covariance_matrix_prime: torch.Size([1, 7, 7])
cosineSimilarity tensor([[1.0000, 1.0000, 1.0000, 1.0000, 1.0000, 1.0000, 1.0000]],
       grad_fn=<SumBackward1>)
Size of covariance_matrix: torch.Size([1, 7, 7])
Size of covariance_matrix_prime: torch.Size([1, 7, 7])
cosineSimilarity tensor([[1.0000, 1.0000, 1.0000, 1.0000, 1.0000, 1.0000, 1.0000]],
       grad_fn=<SumBackward1>)
Size of covariance_matrix: torch.Size([1, 7, 7])
Size of covariance_matrix_prime: torch.Size([1, 7, 7])
cosineSimilarity tensor([[1.0000, 1.0000, 1.0000, 1.0000, 1.0000, 1.0000, 1.0000]],
       grad_fn=<SumBackward1>)
Size of covariance_matrix: torch.Size([1, 7, 7])
Size of covariance_matrix_prime: torch.Size([1, 7, 7])
cosineSimilarity tensor([[1.0000, 1.0000, 1.0000, 1.0000, 1.0000, 1.0000, 1.0000]],
       grad_fn=<SumBackward1>)
Size of covariance_matrix: torch.Size([1, 7, 7])
Size of covariance_matrix_prime: torch.Size([1, 7, 7])
cosineSimilarity tensor([[1.0000, 1.0000, 1.0000, 1.0000, 1.0000, 1.0000, 1.0000]],
       grad_fn=<SumBackward1>)
Size of covariance_matrix: torch.Size([1, 7, 7])
Size of covariance_matrix_prime: torch.Size([1, 7, 7])
cosineSimilarity tensor([[1.0000, 1.0000, 1.0000, 1.0000, 1.0000, 1.0000, 1.0000]],
       grad_fn=<SumBackward1>)
Size of covariance_matrix: torch.Size([1, 7, 7])
Size of covariance_matrix_prime: torch.Size([1, 7, 7])
cosineSimilarity tensor([[1.0000, 1.0000, 1.0000, 1.0000, 1.0000, 1.0000, 1.0000]],
       grad_fn=<SumBackward1>)
Size of covariance_matrix: torch.Size([1, 7, 7])
Size of covariance_matrix_prime: torch.Size([1, 7, 7])
cosineSimilarity tensor([[1.0000, 1.0000, 1.0000, 1.0000, 1.0000, 1.0000, 1.0000]],
       grad_fn=<SumBackward1>)
Size of covariance_matrix: torch.Size([1, 7, 7])
Size of covariance_matrix_prime: torch.Size([1, 7, 7])
cosineSimilarity tensor([[1.0000, 1.0000, 1.0000, 1.0000, 1.0000, 1.0000, 1.0000]],
       grad_fn=<SumBackward1>)
Size of covariance_matrix: torch.Size([1, 7, 7])
Size of covariance_matrix_prime: torch.Size([1, 7, 7])
cosineSimilarity tensor([[1.0000, 1.0000, 1.0000, 1.0000, 1.0000, 1.0000, 1.0000]],
       grad_fn=<SumBackward1>)
Size of covariance_matrix: torch.Size([1, 7, 7])
Size of covariance_matrix_prime: torch.Size([1, 7, 7])
cosineSimilarity tensor([[1.0000, 1.0000, 1.0000, 1.0000, 1.0000, 1.0000, 1.0000]],
       grad_fn=<SumBackward1>)
Size of covariance_matrix: torch.Size([1, 7, 7])
Size of covariance_matrix_prime: torch.Size([1, 7, 7])
cosineSimilarity tensor([[1.0000, 1.0000, 1.0000, 1.0000, 1.0000, 1.0000, 1.0000]],
       grad_fn=<SumBackward1>)
Size of covariance_matrix: torch.Size([1, 7, 7])
Size of covariance_matrix_prime: torch.Size([1, 7, 7])
cosineSimilarity tensor([[1.0000, 1.0000, 1.0000, 1.0000, 1.0000, 1.0000, 1.0000]],
       grad_fn=<SumBackward1>)
Size of covariance_matrix: torch.Size([1, 7, 7])
Size of covariance_matrix_prime: torch.Size([1, 7, 7])
cosineSimilarity tensor([[1.0000, 1.0000, 1.0000, 1.0000, 1.0000, 1.0000, 1.0000]],
       grad_fn=<SumBackward1>)
Size of covariance_matrix: torch.Size([1, 7, 7])
Size of covariance_matrix_prime: torch.Size([1, 7, 7])
cosineSimilarity tensor([[1.0000, 1.0000, 1.0000, 1.0000, 1.0000, 1.0000, 1.0000]],
       grad_fn=<SumBackward1>)
Size of covariance_matrix: torch.Size([1, 7, 7])
Size of covariance_matrix_prime: torch.Size([1, 7, 7])
cosineSimilarity tensor([[1.0000, 1.0000, 1.0000, 1.0000, 1.0000, 1.0000, 1.0000]],
       grad_fn=<SumBackward1>)
Size of covariance_matrix: torch.Size([1, 7, 7])
Size of covariance_matrix_prime: torch.Size([1, 7, 7])
cosineSimilarity tensor([[1.0000, 1.0000, 1.0000, 1.0000, 1.0000, 1.0000, 1.0000]],
       grad_fn=<SumBackward1>)
Size of covariance_matrix: torch.Size([1, 7, 7])
Size of covariance_matrix_prime: torch.Size([1, 7, 7])
cosineSimilarity tensor([[1.0000, 1.0000, 1.0000, 1.0000, 1.0000, 1.0000, 1.0000]],
       grad_fn=<SumBackward1>)
Size of covariance_matrix: torch.Size([1, 7, 7])
Size of covariance_matrix_prime: torch.Size([1, 7, 7])
cosineSimilarity tensor([[1.0000, 1.0000, 1.0000, 1.0000, 1.0000, 1.0000, 1.0000]],
       grad_fn=<SumBackward1>)
Size of covariance_matrix: torch.Size([1, 7, 7])
Size of covariance_matrix_prime: torch.Size([1, 7, 7])
cosineSimilarity tensor([[1.0000, 1.0000, 1.0000, 1.0000, 1.0000, 1.0000, 1.0000]],
       grad_fn=<SumBackward1>)
Size of covariance_matrix: torch.Size([1, 7, 7])
Size of covariance_matrix_prime: torch.Size([1, 7, 7])
cosineSimilarity tensor([[1.0000, 1.0000, 1.0000, 1.0000, 1.0000, 1.0000, 1.0000]],
       grad_fn=<SumBackward1>)
Size of covariance_matrix: torch.Size([1, 7, 7])
Size of covariance_matrix_prime: torch.Size([1, 7, 7])
cosineSimilarity tensor([[1.0000, 1.0000, 1.0000, 1.0000, 1.0000, 1.0000, 1.0000]],
       grad_fn=<SumBackward1>)
Size of covariance_matrix: torch.Size([1, 7, 7])
Size of covariance_matrix_prime: torch.Size([1, 7, 7])
cosineSimilarity tensor([[1.0000, 1.0000, 1.0000, 1.0000, 1.0000, 1.0000, 1.0000]],
       grad_fn=<SumBackward1>)
Size of covariance_matrix: torch.Size([1, 7, 7])
Size of covariance_matrix_prime: torch.Size([1, 7, 7])
cosineSimilarity tensor([[1.0000, 1.0000, 1.0000, 1.0000, 1.0000, 1.0000, 1.0000]],
       grad_fn=<SumBackward1>)
Size of covariance_matrix: torch.Size([1, 7, 7])
Size of covariance_matrix_prime: torch.Size([1, 7, 7])
cosineSimilarity tensor([[nan, nan, nan, nan, nan, nan, nan]], grad_fn=<SumBackward1>)
Size of covariance_matrix: torch.Size([1, 7, 7])
Size of covariance_matrix_prime: torch.Size([1, 7, 7])
cosineSimilarity tensor([[1.0000, 1.0000, 1.0000, 1.0000, 1.0000, 1.0000, 1.0000]],
       grad_fn=<SumBackward1>)
Size of covariance_matrix: torch.Size([1, 7, 7])
Size of covariance_matrix_prime: torch.Size([1, 7, 7])
cosineSimilarity tensor([[1.0000, 1.0000, 1.0000, 1.0000, 1.0000, 1.0000, 1.0000]],
       grad_fn=<SumBackward1>)
Size of covariance_matrix: torch.Size([1, 7, 7])
Size of covariance_matrix_prime: torch.Size([1, 7, 7])
cosineSimilarity tensor([[1.0000, 1.0000, 1.0000, 1.0000, 1.0000, 1.0000, 1.0000]],
       grad_fn=<SumBackward1>)
Size of covariance_matrix: torch.Size([1, 7, 7])
Size of covariance_matrix_prime: torch.Size([1, 7, 7])
cosineSimilarity tensor([[1.0000, 1.0000, 1.0000, 1.0000, 1.0000, 1.0000, 1.0000]],
       grad_fn=<SumBackward1>)
Size of covariance_matrix: torch.Size([1, 7, 7])
Size of covariance_matrix_prime: torch.Size([1, 7, 7])
cosineSimilarity tensor([[1.0000, 1.0000, 1.0000, 1.0000, 1.0000, 1.0000, 1.0000]],
       grad_fn=<SumBackward1>)
Size of covariance_matrix: torch.Size([1, 7, 7])
Size of covariance_matrix_prime: torch.Size([1, 7, 7])
cosineSimilarity tensor([[1.0000, 1.0000, 1.0000, 1.0000, 1.0000, 1.0000, 1.0000]],
       grad_fn=<SumBackward1>)
Size of covariance_matrix: torch.Size([1, 7, 7])
Size of covariance_matrix_prime: torch.Size([1, 7, 7])
cosineSimilarity tensor([[1.0000, 1.0000, 1.0000, 1.0000, 1.0000, 1.0000, 1.0000]],
       grad_fn=<SumBackward1>)
Size of covariance_matrix: torch.Size([1, 7, 7])
Size of covariance_matrix_prime: torch.Size([1, 7, 7])
cosineSimilarity tensor([[1.0000, 1.0000, 1.0000, 1.0000, 1.0000, 1.0000, 1.0000]],
       grad_fn=<SumBackward1>)
Size of covariance_matrix: torch.Size([1, 7, 7])
Size of covariance_matrix_prime: torch.Size([1, 7, 7])
cosineSimilarity tensor([[1.0000, 1.0000, 1.0000, 1.0000, 1.0000, 1.0000, 1.0000]],
       grad_fn=<SumBackward1>)
Size of covariance_matrix: torch.Size([1, 7, 7])
Size of covariance_matrix_prime: torch.Size([1, 7, 7])
cosineSimilarity tensor([[1.0000, 1.0000, 1.0000, 1.0000, 1.0000, 1.0000, 1.0000]],
       grad_fn=<SumBackward1>)
Size of covariance_matrix: torch.Size([1, 7, 7])
Size of covariance_matrix_prime: torch.Size([1, 7, 7])
cosineSimilarity tensor([[1.0000, 1.0000, 1.0000, 1.0000, 1.0000, 1.0000, 1.0000]],
       grad_fn=<SumBackward1>)
Size of covariance_matrix: torch.Size([1, 7, 7])
Size of covariance_matrix_prime: torch.Size([1, 7, 7])
cosineSimilarity tensor([[1.0000, 1.0000, 1.0000, 1.0000, 1.0000, 1.0000, 1.0000]],
       grad_fn=<SumBackward1>)
Size of covariance_matrix: torch.Size([1, 7, 7])
Size of covariance_matrix_prime: torch.Size([1, 7, 7])
cosineSimilarity tensor([[nan, nan, nan, nan, nan, nan, nan]], grad_fn=<SumBackward1>)
Size of covariance_matrix: torch.Size([1, 7, 7])
Size of covariance_matrix_prime: torch.Size([1, 7, 7])
cosineSimilarity tensor([[1.0000, 1.0000, 1.0000, 1.0000, 1.0000, 1.0000, 1.0000]],
       grad_fn=<SumBackward1>)
Size of covariance_matrix: torch.Size([1, 7, 7])
Size of covariance_matrix_prime: torch.Size([1, 7, 7])
cosineSimilarity tensor([[1.0000, 1.0000, 1.0000, 1.0000, 1.0000, 1.0000, 1.0000]],
       grad_fn=<SumBackward1>)
Size of covariance_matrix: torch.Size([1, 7, 7])
Size of covariance_matrix_prime: torch.Size([1, 7, 7])
cosineSimilarity tensor([[1.0000, 1.0000, 1.0000, 1.0000, 1.0000, 1.0000, 1.0000]],
       grad_fn=<SumBackward1>)
Size of covariance_matrix: torch.Size([1, 7, 7])
Size of covariance_matrix_prime: torch.Size([1, 7, 7])
cosineSimilarity tensor([[1.0000, 1.0000, 1.0000, 1.0000, 1.0000, 1.0000, 1.0000]],
       grad_fn=<SumBackward1>)
Size of covariance_matrix: torch.Size([1, 7, 7])
Size of covariance_matrix_prime: torch.Size([1, 7, 7])
cosineSimilarity tensor([[1.0000, 1.0000, 1.0000, 1.0000, 1.0000, 1.0000, 1.0000]],
       grad_fn=<SumBackward1>)
Size of covariance_matrix: torch.Size([1, 7, 7])
Size of covariance_matrix_prime: torch.Size([1, 7, 7])
cosineSimilarity tensor([[1.0000, 1.0000, 1.0000, 1.0000, 1.0000, 1.0000, 1.0000]],
       grad_fn=<SumBackward1>)
Size of covariance_matrix: torch.Size([1, 7, 7])
Size of covariance_matrix_prime: torch.Size([1, 7, 7])
cosineSimilarity tensor([[1.0000, 1.0000, 1.0000, 1.0000, 1.0000, 1.0000, 1.0000]],
       grad_fn=<SumBackward1>)
Size of covariance_matrix: torch.Size([1, 7, 7])
Size of covariance_matrix_prime: torch.Size([1, 7, 7])
cosineSimilarity tensor([[1.0000, 1.0000, 1.0000, 1.0000, 1.0000, 1.0000, 1.0000]],
       grad_fn=<SumBackward1>)
Size of covariance_matrix: torch.Size([1, 7, 7])
Size of covariance_matrix_prime: torch.Size([1, 7, 7])
cosineSimilarity tensor([[1.0000, 1.0000, 1.0000, 1.0000, 1.0000, 1.0000, 1.0000]],
       grad_fn=<SumBackward1>)
Size of covariance_matrix: torch.Size([1, 7, 7])
Size of covariance_matrix_prime: torch.Size([1, 7, 7])
cosineSimilarity tensor([[1.0000, 1.0000, 1.0000, 1.0000, 1.0000, 1.0000, 1.0000]],
       grad_fn=<SumBackward1>)
Size of covariance_matrix: torch.Size([1, 7, 7])
Size of covariance_matrix_prime: torch.Size([1, 7, 7])
cosineSimilarity tensor([[1.0000, 1.0000, 1.0000, 1.0000, 1.0000, 1.0000, 1.0000]],
       grad_fn=<SumBackward1>)
Size of covariance_matrix: torch.Size([1, 7, 7])
Size of covariance_matrix_prime: torch.Size([1, 7, 7])
cosineSimilarity tensor([[1.0000, 1.0000, 1.0000, 1.0000, 1.0000, 1.0000, 1.0000]],
       grad_fn=<SumBackward1>)
Size of covariance_matrix: torch.Size([1, 7, 7])
Size of covariance_matrix_prime: torch.Size([1, 7, 7])
cosineSimilarity tensor([[1.0000, 1.0000, 1.0000, 1.0000, 1.0000, 1.0000, 1.0000]],
       grad_fn=<SumBackward1>)
Size of covariance_matrix: torch.Size([1, 7, 7])
Size of covariance_matrix_prime: torch.Size([1, 7, 7])
cosineSimilarity tensor([[1.0000, 1.0000, 1.0000, 1.0000, 1.0000, 1.0000, 1.0000]],
       grad_fn=<SumBackward1>)
Size of covariance_matrix: torch.Size([1, 7, 7])
Size of covariance_matrix_prime: torch.Size([1, 7, 7])
cosineSimilarity tensor([[1.0000, 1.0000, 1.0000, 1.0000, 1.0000, 1.0000, 1.0000]],
       grad_fn=<SumBackward1>)
Size of covariance_matrix: torch.Size([1, 7, 7])
Size of covariance_matrix_prime: torch.Size([1, 7, 7])
cosineSimilarity tensor([[1.0000, 1.0000, 1.0000, 1.0000, 1.0000, 1.0000, 1.0000]],
       grad_fn=<SumBackward1>)
Size of covariance_matrix: torch.Size([1, 7, 7])
Size of covariance_matrix_prime: torch.Size([1, 7, 7])
cosineSimilarity tensor([[1.0000, 1.0000, 1.0000, 1.0000, 1.0000, 1.0000, 1.0000]],
       grad_fn=<SumBackward1>)
Size of covariance_matrix: torch.Size([1, 7, 7])
Size of covariance_matrix_prime: torch.Size([1, 7, 7])
cosineSimilarity tensor([[1.0000, 1.0000, 1.0000, 1.0000, 1.0000, 1.0000, 1.0000]],
       grad_fn=<SumBackward1>)
Size of covariance_matrix: torch.Size([1, 7, 7])
Size of covariance_matrix_prime: torch.Size([1, 7, 7])
cosineSimilarity tensor([[1.0000, 1.0000, 1.0000, 1.0000, 1.0000, 1.0000, 1.0000]],
       grad_fn=<SumBackward1>)
Size of covariance_matrix: torch.Size([1, 7, 7])
Size of covariance_matrix_prime: torch.Size([1, 7, 7])
cosineSimilarity tensor([[1.0000, 1.0000, 1.0000, 1.0000, 1.0000, 1.0000, 1.0000]],
       grad_fn=<SumBackward1>)
Size of covariance_matrix: torch.Size([1, 7, 7])
Size of covariance_matrix_prime: torch.Size([1, 7, 7])
cosineSimilarity tensor([[1.0000, 1.0000, 1.0000, 1.0000, 1.0000, 1.0000, 1.0000]],
       grad_fn=<SumBackward1>)
Size of covariance_matrix: torch.Size([1, 7, 7])
Size of covariance_matrix_prime: torch.Size([1, 7, 7])
cosineSimilarity tensor([[1.0000, 1.0000, 1.0000, 1.0000, 1.0000, 1.0000, 1.0000]],
       grad_fn=<SumBackward1>)
Size of covariance_matrix: torch.Size([1, 7, 7])
Size of covariance_matrix_prime: torch.Size([1, 7, 7])
cosineSimilarity tensor([[1.0000, 1.0000, 1.0000, 1.0000, 1.0000, 1.0000, 1.0000]],
       grad_fn=<SumBackward1>)
Size of covariance_matrix: torch.Size([1, 7, 7])
Size of covariance_matrix_prime: torch.Size([1, 7, 7])
cosineSimilarity tensor([[1.0000, 1.0000, 1.0000, 1.0000, 1.0000, 1.0000, 1.0000]],
       grad_fn=<SumBackward1>)
Size of covariance_matrix: torch.Size([1, 7, 7])
Size of covariance_matrix_prime: torch.Size([1, 7, 7])
cosineSimilarity tensor([[1.0000, 1.0000, 1.0000, 1.0000, 1.0000, 1.0000, 1.0000]],
       grad_fn=<SumBackward1>)
Size of covariance_matrix: torch.Size([1, 7, 7])
Size of covariance_matrix_prime: torch.Size([1, 7, 7])
cosineSimilarity tensor([[1.0000, 1.0000, 1.0000, 1.0000, 1.0000, 1.0000, 1.0000]],
       grad_fn=<SumBackward1>)
Size of covariance_matrix: torch.Size([1, 7, 7])
Size of covariance_matrix_prime: torch.Size([1, 7, 7])
cosineSimilarity tensor([[1.0000, 1.0000, 1.0000, 1.0000, 1.0000, 1.0000, 1.0000]],
       grad_fn=<SumBackward1>)
Size of covariance_matrix: torch.Size([1, 7, 7])
Size of covariance_matrix_prime: torch.Size([1, 7, 7])
cosineSimilarity tensor([[1.0000, 1.0000, 1.0000, 1.0000, 1.0000, 1.0000, 1.0000]],
       grad_fn=<SumBackward1>)
Size of covariance_matrix: torch.Size([1, 7, 7])
Size of covariance_matrix_prime: torch.Size([1, 7, 7])
cosineSimilarity tensor([[1.0000, 1.0000, 1.0000, 1.0000, 1.0000, 1.0000, 1.0000]],
       grad_fn=<SumBackward1>)
Size of covariance_matrix: torch.Size([1, 7, 7])
Size of covariance_matrix_prime: torch.Size([1, 7, 7])
cosineSimilarity tensor([[1.0000, 1.0000, 1.0000, 1.0000, 1.0000, 1.0000, 1.0000]],
       grad_fn=<SumBackward1>)
Size of covariance_matrix: torch.Size([1, 7, 7])
Size of covariance_matrix_prime: torch.Size([1, 7, 7])
cosineSimilarity tensor([[1.0000, 1.0000, 1.0000, 1.0000, 1.0000, 1.0000, 1.0000]],
       grad_fn=<SumBackward1>)
Size of covariance_matrix: torch.Size([1, 7, 7])
Size of covariance_matrix_prime: torch.Size([1, 7, 7])
cosineSimilarity tensor([[1.0000, 1.0000, 1.0000, 1.0000, 1.0000, 1.0000, 1.0000]],
       grad_fn=<SumBackward1>)
Size of covariance_matrix: torch.Size([1, 7, 7])
Size of covariance_matrix_prime: torch.Size([1, 7, 7])
cosineSimilarity tensor([[1.0000, 1.0000, 1.0000, 1.0000, 1.0000, 1.0000, 1.0000]],
       grad_fn=<SumBackward1>)
Size of covariance_matrix: torch.Size([1, 7, 7])
Size of covariance_matrix_prime: torch.Size([1, 7, 7])
cosineSimilarity tensor([[1.0000, 1.0000, 1.0000, 1.0000, 1.0000, 1.0000, 1.0000]],
       grad_fn=<SumBackward1>)
Size of covariance_matrix: torch.Size([1, 7, 7])
Size of covariance_matrix_prime: torch.Size([1, 7, 7])
cosineSimilarity tensor([[1.0000, 1.0000, 1.0000, 1.0000, 1.0000, 1.0000, 1.0000]],
       grad_fn=<SumBackward1>)
Size of covariance_matrix: torch.Size([1, 7, 7])
Size of covariance_matrix_prime: torch.Size([1, 7, 7])
cosineSimilarity tensor([[1.0000, 1.0000, 1.0000, 1.0000, 1.0000, 1.0000, 1.0000]],
       grad_fn=<SumBackward1>)
Size of covariance_matrix: torch.Size([1, 7, 7])
Size of covariance_matrix_prime: torch.Size([1, 7, 7])
cosineSimilarity tensor([[1.0000, 1.0000, 1.0000, 1.0000, 1.0000, 1.0000, 1.0000]],
       grad_fn=<SumBackward1>)
Size of covariance_matrix: torch.Size([1, 7, 7])
Size of covariance_matrix_prime: torch.Size([1, 7, 7])
cosineSimilarity tensor([[1.0000, 1.0000, 1.0000, 1.0000, 1.0000, 1.0000, 1.0000]],
       grad_fn=<SumBackward1>)
Size of covariance_matrix: torch.Size([1, 7, 7])
Size of covariance_matrix_prime: torch.Size([1, 7, 7])
cosineSimilarity tensor([[1.0000, 1.0000, 1.0000, 1.0000, 1.0000, 1.0000, 1.0000]],
       grad_fn=<SumBackward1>)
Size of covariance_matrix: torch.Size([1, 7, 7])
Size of covariance_matrix_prime: torch.Size([1, 7, 7])
cosineSimilarity tensor([[1.0000, 1.0000, 1.0000, 1.0000, 1.0000, 1.0000, 1.0000]],
       grad_fn=<SumBackward1>)
Size of covariance_matrix: torch.Size([1, 7, 7])
Size of covariance_matrix_prime: torch.Size([1, 7, 7])
cosineSimilarity tensor([[1.0000, 1.0000, 1.0000, 1.0000, 1.0000, 1.0000, 1.0000]],
       grad_fn=<SumBackward1>)
Size of covariance_matrix: torch.Size([1, 7, 7])
Size of covariance_matrix_prime: torch.Size([1, 7, 7])
cosineSimilarity tensor([[1.0000, 1.0000, 1.0000, 1.0000, 1.0000, 1.0000, 1.0000]],
       grad_fn=<SumBackward1>)
Size of covariance_matrix: torch.Size([1, 7, 7])
Size of covariance_matrix_prime: torch.Size([1, 7, 7])
cosineSimilarity tensor([[1.0000, 1.0000, 1.0000, 1.0000, 1.0000, 1.0000, 1.0000]],
       grad_fn=<SumBackward1>)
Size of covariance_matrix: torch.Size([1, 7, 7])
Size of covariance_matrix_prime: torch.Size([1, 7, 7])
cosineSimilarity tensor([[1.0000, 1.0000, 1.0000, 1.0000, 1.0000, 1.0000, 1.0000]],
       grad_fn=<SumBackward1>)
Size of covariance_matrix: torch.Size([1, 7, 7])
Size of covariance_matrix_prime: torch.Size([1, 7, 7])
cosineSimilarity tensor([[1.0000, 1.0000, 1.0000, 1.0000, 1.0000, 1.0000, 1.0000]],
       grad_fn=<SumBackward1>)
Size of covariance_matrix: torch.Size([1, 7, 7])
Size of covariance_matrix_prime: torch.Size([1, 7, 7])
cosineSimilarity tensor([[1.0000, 1.0000, 1.0000, 1.0000, 1.0000, 1.0000, 1.0000]],
       grad_fn=<SumBackward1>)
Size of covariance_matrix: torch.Size([1, 7, 7])
Size of covariance_matrix_prime: torch.Size([1, 7, 7])
cosineSimilarity tensor([[1.0000, 1.0000, 1.0000, 1.0000, 1.0000, 1.0000, 1.0000]],
       grad_fn=<SumBackward1>)
Size of covariance_matrix: torch.Size([1, 7, 7])
Size of covariance_matrix_prime: torch.Size([1, 7, 7])
cosineSimilarity tensor([[1.0000, 1.0000, 1.0000, 1.0000, 1.0000, 1.0000, 1.0000]],
       grad_fn=<SumBackward1>)
Size of covariance_matrix: torch.Size([1, 7, 7])
Size of covariance_matrix_prime: torch.Size([1, 7, 7])
cosineSimilarity tensor([[1.0000, 1.0000, 1.0000, 1.0000, 1.0000, 1.0000, 1.0000]],
       grad_fn=<SumBackward1>)
Size of covariance_matrix: torch.Size([1, 7, 7])
Size of covariance_matrix_prime: torch.Size([1, 7, 7])
cosineSimilarity tensor([[1.0000, 1.0000, 1.0000, 1.0000, 1.0000, 1.0000, 1.0000]],
       grad_fn=<SumBackward1>)
Size of covariance_matrix: torch.Size([1, 7, 7])
Size of covariance_matrix_prime: torch.Size([1, 7, 7])
cosineSimilarity tensor([[1.0000, 1.0000, 1.0000, 1.0000, 1.0000, 1.0000, 1.0000]],
       grad_fn=<SumBackward1>)
Size of covariance_matrix: torch.Size([1, 7, 7])
Size of covariance_matrix_prime: torch.Size([1, 7, 7])
cosineSimilarity tensor([[1.0000, 1.0000, 1.0000, 1.0000, 1.0000, 1.0000, 1.0000]],
       grad_fn=<SumBackward1>)
Size of covariance_matrix: torch.Size([1, 7, 7])
Size of covariance_matrix_prime: torch.Size([1, 7, 7])
cosineSimilarity tensor([[1.0000, 1.0000, 1.0000, 1.0000, 1.0000, 1.0000, 1.0000]],
       grad_fn=<SumBackward1>)
Size of covariance_matrix: torch.Size([1, 7, 7])
Size of covariance_matrix_prime: torch.Size([1, 7, 7])
cosineSimilarity tensor([[1.0000, 1.0000, 1.0000, 1.0000, 1.0000, 1.0000, 1.0000]],
       grad_fn=<SumBackward1>)
Size of covariance_matrix: torch.Size([1, 7, 7])
Size of covariance_matrix_prime: torch.Size([1, 7, 7])
cosineSimilarity tensor([[1.0000, 1.0000, 1.0000, 1.0000, 1.0000, 1.0000, 1.0000]],
       grad_fn=<SumBackward1>)
Size of covariance_matrix: torch.Size([1, 7, 7])
Size of covariance_matrix_prime: torch.Size([1, 7, 7])
cosineSimilarity tensor([[1.0000, 1.0000, 1.0000, 1.0000, 1.0000, 1.0000, 1.0000]],
       grad_fn=<SumBackward1>)
Size of covariance_matrix: torch.Size([1, 7, 7])
Size of covariance_matrix_prime: torch.Size([1, 7, 7])
cosineSimilarity tensor([[1.0000, 1.0000, 1.0000, 1.0000, 1.0000, 1.0000, 1.0000]],
       grad_fn=<SumBackward1>)
Size of covariance_matrix: torch.Size([1, 7, 7])
Size of covariance_matrix_prime: torch.Size([1, 7, 7])
cosineSimilarity tensor([[1.0000, 1.0000, 1.0000, 1.0000, 1.0000, 1.0000, 1.0000]],
       grad_fn=<SumBackward1>)
Size of covariance_matrix: torch.Size([1, 7, 7])
Size of covariance_matrix_prime: torch.Size([1, 7, 7])
cosineSimilarity tensor([[1.0000, 1.0000, 1.0000, 1.0000, 1.0000, 1.0000, 1.0000]],
       grad_fn=<SumBackward1>)
Size of covariance_matrix: torch.Size([1, 7, 7])
Size of covariance_matrix_prime: torch.Size([1, 7, 7])
cosineSimilarity tensor([[1.0000, 1.0000, 1.0000, 1.0000, 1.0000, 1.0000, 1.0000]],
       grad_fn=<SumBackward1>)
Size of covariance_matrix: torch.Size([1, 7, 7])
Size of covariance_matrix_prime: torch.Size([1, 7, 7])
cosineSimilarity tensor([[1.0000, 1.0000, 1.0000, 1.0000, 1.0000, 1.0000, 1.0000]],
       grad_fn=<SumBackward1>)
Size of covariance_matrix: torch.Size([1, 7, 7])
Size of covariance_matrix_prime: torch.Size([1, 7, 7])
cosineSimilarity tensor([[1.0000, 1.0000, 1.0000, 1.0000, 1.0000, 1.0000, 1.0000]],
       grad_fn=<SumBackward1>)
Size of covariance_matrix: torch.Size([1, 7, 7])
Size of covariance_matrix_prime: torch.Size([1, 7, 7])
cosineSimilarity tensor([[1.0000, 1.0000, 1.0000, 1.0000, 1.0000, 1.0000, 1.0000]],
       grad_fn=<SumBackward1>)
Size of covariance_matrix: torch.Size([1, 7, 7])
Size of covariance_matrix_prime: torch.Size([1, 7, 7])
cosineSimilarity tensor([[1.0000, 1.0000, 1.0000, 1.0000, 1.0000, 1.0000, 1.0000]],
       grad_fn=<SumBackward1>)
Size of covariance_matrix: torch.Size([1, 7, 7])
Size of covariance_matrix_prime: torch.Size([1, 7, 7])
cosineSimilarity tensor([[1.0000, 1.0000, 1.0000, 1.0000, 1.0000, 1.0000, 1.0000]],
       grad_fn=<SumBackward1>)
Size of covariance_matrix: torch.Size([1, 7, 7])
Size of covariance_matrix_prime: torch.Size([1, 7, 7])
cosineSimilarity tensor([[1.0000, 1.0000, 1.0000, 1.0000, 1.0000, 1.0000, 1.0000]],
       grad_fn=<SumBackward1>)
Size of covariance_matrix: torch.Size([1, 7, 7])
Size of covariance_matrix_prime: torch.Size([1, 7, 7])
cosineSimilarity tensor([[1.0000, 1.0000, 1.0000, 1.0000, 1.0000, 1.0000, 1.0000]],
       grad_fn=<SumBackward1>)
Size of covariance_matrix: torch.Size([1, 7, 7])
Size of covariance_matrix_prime: torch.Size([1, 7, 7])
cosineSimilarity tensor([[1.0000, 1.0000, 1.0000, 1.0000, 1.0000, 1.0000, 1.0000]],
       grad_fn=<SumBackward1>)
Size of covariance_matrix: torch.Size([1, 7, 7])
Size of covariance_matrix_prime: torch.Size([1, 7, 7])
cosineSimilarity tensor([[1.0000, 1.0000, 1.0000, 1.0000, 1.0000, 1.0000, 1.0000]],
       grad_fn=<SumBackward1>)
Size of covariance_matrix: torch.Size([1, 7, 7])
Size of covariance_matrix_prime: torch.Size([1, 7, 7])
cosineSimilarity tensor([[1.0000, 1.0000, 1.0000, 1.0000, 1.0000, 1.0000, 1.0000]],
       grad_fn=<SumBackward1>)
Size of covariance_matrix: torch.Size([1, 7, 7])
Size of covariance_matrix_prime: torch.Size([1, 7, 7])
cosineSimilarity tensor([[1.0000, 1.0000, 1.0000, 1.0000, 1.0000, 1.0000, 1.0000]],
       grad_fn=<SumBackward1>)
Size of covariance_matrix: torch.Size([1, 7, 7])
Size of covariance_matrix_prime: torch.Size([1, 7, 7])
cosineSimilarity tensor([[1.0000, 1.0000, 1.0000, 1.0000, 1.0000, 1.0000, 1.0000]],
       grad_fn=<SumBackward1>)
Size of covariance_matrix: torch.Size([1, 7, 7])
Size of covariance_matrix_prime: torch.Size([1, 7, 7])
cosineSimilarity tensor([[1.0000, 1.0000, 1.0000, 1.0000, 1.0000, 1.0000, 1.0000]],
       grad_fn=<SumBackward1>)
Size of covariance_matrix: torch.Size([1, 7, 7])
Size of covariance_matrix_prime: torch.Size([1, 7, 7])
cosineSimilarity tensor([[1.0000, 1.0000, 1.0000, 1.0000, 1.0000, 1.0000, 1.0000]],
       grad_fn=<SumBackward1>)
Size of covariance_matrix: torch.Size([1, 7, 7])
Size of covariance_matrix_prime: torch.Size([1, 7, 7])
cosineSimilarity tensor([[1.0000, 1.0000, 1.0000, 1.0000, 1.0000, 1.0000, 1.0000]],
       grad_fn=<SumBackward1>)
Size of covariance_matrix: torch.Size([1, 7, 7])
Size of covariance_matrix_prime: torch.Size([1, 7, 7])
cosineSimilarity tensor([[1.0000, 1.0000, 1.0000, 1.0000, 1.0000, 1.0000, 1.0000]],
       grad_fn=<SumBackward1>)
Size of covariance_matrix: torch.Size([1, 7, 7])
Size of covariance_matrix_prime: torch.Size([1, 7, 7])
cosineSimilarity tensor([[1.0000, 1.0000, 1.0000, 1.0000, 1.0000, 1.0000, 1.0000]],
       grad_fn=<SumBackward1>)
Size of covariance_matrix: torch.Size([1, 7, 7])
Size of covariance_matrix_prime: torch.Size([1, 7, 7])
cosineSimilarity tensor([[1.0000, 1.0000, 1.0000, 1.0000, 1.0000, 1.0000, 1.0000]],
       grad_fn=<SumBackward1>)
Size of covariance_matrix: torch.Size([1, 7, 7])
Size of covariance_matrix_prime: torch.Size([1, 7, 7])
cosineSimilarity tensor([[1.0000, 1.0000, 1.0000, 1.0000, 1.0000, 1.0000, 1.0000]],
       grad_fn=<SumBackward1>)
Size of covariance_matrix: torch.Size([1, 7, 7])
Size of covariance_matrix_prime: torch.Size([1, 7, 7])
cosineSimilarity tensor([[1.0000, 1.0000, 1.0000, 1.0000, 1.0000, 1.0000, 1.0000]],
       grad_fn=<SumBackward1>)
Size of covariance_matrix: torch.Size([1, 7, 7])
Size of covariance_matrix_prime: torch.Size([1, 7, 7])
cosineSimilarity tensor([[1.0000, 1.0000, 1.0000, 1.0000, 1.0000, 1.0000, 1.0000]],
       grad_fn=<SumBackward1>)
Size of covariance_matrix: torch.Size([1, 7, 7])
Size of covariance_matrix_prime: torch.Size([1, 7, 7])
cosineSimilarity tensor([[1.0000, 1.0000, 1.0000, 1.0000, 1.0000, 1.0000, 1.0000]],
       grad_fn=<SumBackward1>)
Size of covariance_matrix: torch.Size([1, 7, 7])
Size of covariance_matrix_prime: torch.Size([1, 7, 7])
cosineSimilarity tensor([[1.0000, 1.0000, 1.0000, 1.0000, 1.0000, 1.0000, 1.0000]],
       grad_fn=<SumBackward1>)
Size of covariance_matrix: torch.Size([1, 7, 7])
Size of covariance_matrix_prime: torch.Size([1, 7, 7])
cosineSimilarity tensor([[1.0000, 1.0000, 1.0000, 1.0000, 1.0000, 1.0000, 1.0000]],
       grad_fn=<SumBackward1>)
Size of covariance_matrix: torch.Size([1, 7, 7])
Size of covariance_matrix_prime: torch.Size([1, 7, 7])
cosineSimilarity tensor([[1.0000, 1.0000, 1.0000, 1.0000, 1.0000, 1.0000, 1.0000]],
       grad_fn=<SumBackward1>)
Size of covariance_matrix: torch.Size([1, 7, 7])
Size of covariance_matrix_prime: torch.Size([1, 7, 7])
cosineSimilarity tensor([[1.0000, 1.0000, 1.0000, 1.0000, 1.0000, 1.0000, 1.0000]],
       grad_fn=<SumBackward1>)
Size of covariance_matrix: torch.Size([1, 7, 7])
Size of covariance_matrix_prime: torch.Size([1, 7, 7])
cosineSimilarity tensor([[1.0000, 1.0000, 1.0000, 1.0000, 1.0000, 1.0000, 1.0000]],
       grad_fn=<SumBackward1>)
Size of covariance_matrix: torch.Size([1, 7, 7])
Size of covariance_matrix_prime: torch.Size([1, 7, 7])
cosineSimilarity tensor([[1.0000, 1.0000, 1.0000, 1.0000, 1.0000, 1.0000, 1.0000]],
       grad_fn=<SumBackward1>)
Size of covariance_matrix: torch.Size([1, 7, 7])
Size of covariance_matrix_prime: torch.Size([1, 7, 7])
cosineSimilarity tensor([[1.0000, 1.0000, 1.0000, 1.0000, 1.0000, 1.0000, 1.0000]],
       grad_fn=<SumBackward1>)
Size of covariance_matrix: torch.Size([1, 7, 7])
Size of covariance_matrix_prime: torch.Size([1, 7, 7])
cosineSimilarity tensor([[1.0000, 1.0000, 1.0000, 1.0000, 1.0000, 1.0000, 1.0000]],
       grad_fn=<SumBackward1>)
Size of covariance_matrix: torch.Size([1, 7, 7])
Size of covariance_matrix_prime: torch.Size([1, 7, 7])
cosineSimilarity tensor([[1.0000, 1.0000, 1.0000, 1.0000, 1.0000, 1.0000, 1.0000]],
       grad_fn=<SumBackward1>)
Size of covariance_matrix: torch.Size([1, 7, 7])
Size of covariance_matrix_prime: torch.Size([1, 7, 7])
cosineSimilarity tensor([[1.0000, 1.0000, 1.0000, 1.0000, 1.0000, 1.0000, 1.0000]],
       grad_fn=<SumBackward1>)
Size of covariance_matrix: torch.Size([1, 7, 7])
Size of covariance_matrix_prime: torch.Size([1, 7, 7])
cosineSimilarity tensor([[1.0000, 1.0000, 1.0000, 1.0000, 1.0000, 1.0000, 1.0000]],
       grad_fn=<SumBackward1>)
Size of covariance_matrix: torch.Size([1, 7, 7])
Size of covariance_matrix_prime: torch.Size([1, 7, 7])
cosineSimilarity tensor([[1.0000, 1.0000, 1.0000, 1.0000, 1.0000, 1.0000, 1.0000]],
       grad_fn=<SumBackward1>)
Size of covariance_matrix: torch.Size([1, 7, 7])
Size of covariance_matrix_prime: torch.Size([1, 7, 7])
cosineSimilarity tensor([[1.0000, 1.0000, 1.0000, 1.0000, 1.0000, 1.0000, 1.0000]],
       grad_fn=<SumBackward1>)
Size of covariance_matrix: torch.Size([1, 7, 7])
Size of covariance_matrix_prime: torch.Size([1, 7, 7])
cosineSimilarity tensor([[1.0000, 1.0000, 1.0000, 1.0000, 1.0000, 1.0000, 1.0000]],
       grad_fn=<SumBackward1>)
Size of covariance_matrix: torch.Size([1, 7, 7])
Size of covariance_matrix_prime: torch.Size([1, 7, 7])
cosineSimilarity tensor([[1.0000, 1.0000, 1.0000, 1.0000, 1.0000, 1.0000, 1.0000]],
       grad_fn=<SumBackward1>)
Size of covariance_matrix: torch.Size([1, 7, 7])
Size of covariance_matrix_prime: torch.Size([1, 7, 7])
cosineSimilarity tensor([[1.0000, 1.0000, 1.0000, 1.0000, 1.0000, 1.0000, 1.0000]],
       grad_fn=<SumBackward1>)
Size of covariance_matrix: torch.Size([1, 7, 7])
Size of covariance_matrix_prime: torch.Size([1, 7, 7])
cosineSimilarity tensor([[1.0000, 1.0000, 1.0000, 1.0000, 1.0000, 1.0000, 1.0000]],
       grad_fn=<SumBackward1>)
Size of covariance_matrix: torch.Size([1, 7, 7])
Size of covariance_matrix_prime: torch.Size([1, 7, 7])
cosineSimilarity tensor([[nan, nan, nan, nan, nan, nan, nan]], grad_fn=<SumBackward1>)
Size of covariance_matrix: torch.Size([1, 7, 7])
Size of covariance_matrix_prime: torch.Size([1, 7, 7])
cosineSimilarity tensor([[1.0000, 1.0000, 1.0000, 1.0000, 1.0000, 1.0000, 1.0000]],
       grad_fn=<SumBackward1>)
Size of covariance_matrix: torch.Size([1, 7, 7])
Size of covariance_matrix_prime: torch.Size([1, 7, 7])
cosineSimilarity tensor([[1.0000, 1.0000, 1.0000, 1.0000, 1.0000, 1.0000, 1.0000]],
       grad_fn=<SumBackward1>)
Size of covariance_matrix: torch.Size([1, 7, 7])
Size of covariance_matrix_prime: torch.Size([1, 7, 7])
cosineSimilarity tensor([[1.0000, 1.0000, 1.0000, 1.0000, 1.0000, 1.0000, 1.0000]],
       grad_fn=<SumBackward1>)
Size of covariance_matrix: torch.Size([1, 7, 7])
Size of covariance_matrix_prime: torch.Size([1, 7, 7])
cosineSimilarity tensor([[1.0000, 1.0000, 1.0000, 1.0000, 1.0000, 1.0000, 1.0000]],
       grad_fn=<SumBackward1>)
Size of covariance_matrix: torch.Size([1, 7, 7])
Size of covariance_matrix_prime: torch.Size([1, 7, 7])
cosineSimilarity tensor([[1.0000, 1.0000, 1.0000, 1.0000, 1.0000, 1.0000, 1.0000]],
       grad_fn=<SumBackward1>)
Size of covariance_matrix: torch.Size([1, 7, 7])
Size of covariance_matrix_prime: torch.Size([1, 7, 7])
cosineSimilarity tensor([[1.0000, 1.0000, 1.0000, 1.0000, 1.0000, 1.0000, 1.0000]],
       grad_fn=<SumBackward1>)
Size of covariance_matrix: torch.Size([1, 7, 7])
Size of covariance_matrix_prime: torch.Size([1, 7, 7])
cosineSimilarity tensor([[1.0000, 1.0000, 1.0000, 1.0000, 1.0000, 1.0000, 1.0000]],
       grad_fn=<SumBackward1>)
Size of covariance_matrix: torch.Size([1, 7, 7])
Size of covariance_matrix_prime: torch.Size([1, 7, 7])
cosineSimilarity tensor([[1.0000, 1.0000, 1.0000, 1.0000, 1.0000, 1.0000, 1.0000]],
       grad_fn=<SumBackward1>)
Size of covariance_matrix: torch.Size([1, 7, 7])
Size of covariance_matrix_prime: torch.Size([1, 7, 7])
cosineSimilarity tensor([[1.0000, 1.0000, 1.0000, 1.0000, 1.0000, 1.0000, 1.0000]],
       grad_fn=<SumBackward1>)
Size of covariance_matrix: torch.Size([1, 7, 7])
Size of covariance_matrix_prime: torch.Size([1, 7, 7])
cosineSimilarity tensor([[1.0000, 1.0000, 1.0000, 1.0000, 1.0000, 1.0000, 1.0000]],
       grad_fn=<SumBackward1>)
Size of covariance_matrix: torch.Size([1, 7, 7])
Size of covariance_matrix_prime: torch.Size([1, 7, 7])
cosineSimilarity tensor([[1.0000, 1.0000, 1.0000, 1.0000, 1.0000, 1.0000, 1.0000]],
       grad_fn=<SumBackward1>)
Size of covariance_matrix: torch.Size([1, 7, 7])
Size of covariance_matrix_prime: torch.Size([1, 7, 7])
cosineSimilarity tensor([[nan, nan, nan, nan, nan, nan, nan]], grad_fn=<SumBackward1>)
Size of covariance_matrix: torch.Size([1, 7, 7])
Size of covariance_matrix_prime: torch.Size([1, 7, 7])
cosineSimilarity tensor([[1.0000, 1.0000, 1.0000, 1.0000, 1.0000, 1.0000, 1.0000]],
       grad_fn=<SumBackward1>)
Size of covariance_matrix: torch.Size([1, 7, 7])
Size of covariance_matrix_prime: torch.Size([1, 7, 7])
cosineSimilarity tensor([[1.0000, 1.0000, 1.0000, 1.0000, 1.0000, 1.0000, 1.0000]],
       grad_fn=<SumBackward1>)
Size of covariance_matrix: torch.Size([1, 7, 7])
Size of covariance_matrix_prime: torch.Size([1, 7, 7])
cosineSimilarity tensor([[1.0000, 1.0000, 1.0000, 1.0000, 1.0000, 1.0000, 1.0000]],
       grad_fn=<SumBackward1>)
Size of covariance_matrix: torch.Size([1, 7, 7])
Size of covariance_matrix_prime: torch.Size([1, 7, 7])
cosineSimilarity tensor([[1.0000, 1.0000, 1.0000, 1.0000, 1.0000, 1.0000, 1.0000]],
       grad_fn=<SumBackward1>)
Size of covariance_matrix: torch.Size([1, 7, 7])
Size of covariance_matrix_prime: torch.Size([1, 7, 7])
cosineSimilarity tensor([[1.0000, 1.0000, 1.0000, 1.0000, 1.0000, 1.0000, 1.0000]],
       grad_fn=<SumBackward1>)
Size of covariance_matrix: torch.Size([1, 7, 7])
Size of covariance_matrix_prime: torch.Size([1, 7, 7])
cosineSimilarity tensor([[1.0000, 1.0000, 1.0000, 1.0000, 1.0000, 1.0000, 1.0000]],
       grad_fn=<SumBackward1>)
Size of covariance_matrix: torch.Size([1, 7, 7])
Size of covariance_matrix_prime: torch.Size([1, 7, 7])
cosineSimilarity tensor([[1.0000, 1.0000, 1.0000, 1.0000, 1.0000, 1.0000, 1.0000]],
       grad_fn=<SumBackward1>)
Size of covariance_matrix: torch.Size([1, 7, 7])
Size of covariance_matrix_prime: torch.Size([1, 7, 7])
cosineSimilarity tensor([[1.0000, 1.0000, 1.0000, 1.0000, 1.0000, 1.0000, 1.0000]],
       grad_fn=<SumBackward1>)
Size of covariance_matrix: torch.Size([1, 7, 7])
Size of covariance_matrix_prime: torch.Size([1, 7, 7])
cosineSimilarity tensor([[1.0000, 1.0000, 1.0000, 1.0000, 1.0000, 1.0000, 1.0000]],
       grad_fn=<SumBackward1>)
Size of covariance_matrix: torch.Size([1, 7, 7])
Size of covariance_matrix_prime: torch.Size([1, 7, 7])
cosineSimilarity tensor([[1.0000, 1.0000, 1.0000, 1.0000, 1.0000, 1.0000, 1.0000]],
       grad_fn=<SumBackward1>)
Size of covariance_matrix: torch.Size([1, 7, 7])
Size of covariance_matrix_prime: torch.Size([1, 7, 7])
cosineSimilarity tensor([[1.0000, 1.0000, 1.0000, 1.0000, 1.0000, 1.0000, 1.0000]],
       grad_fn=<SumBackward1>)
Size of covariance_matrix: torch.Size([1, 7, 7])
Size of covariance_matrix_prime: torch.Size([1, 7, 7])
cosineSimilarity tensor([[1.0000, 1.0000, 1.0000, 1.0000, 1.0000, 1.0000, 1.0000]],
       grad_fn=<SumBackward1>)
Size of covariance_matrix: torch.Size([1, 7, 7])
Size of covariance_matrix_prime: torch.Size([1, 7, 7])
cosineSimilarity tensor([[1.0000, 1.0000, 1.0000, 1.0000, 1.0000, 1.0000, 1.0000]],
       grad_fn=<SumBackward1>)
Size of covariance_matrix: torch.Size([1, 7, 7])
Size of covariance_matrix_prime: torch.Size([1, 7, 7])
cosineSimilarity tensor([[1.0000, 1.0000, 1.0000, 1.0000, 1.0000, 1.0000, 1.0000]],
       grad_fn=<SumBackward1>)
Size of covariance_matrix: torch.Size([1, 7, 7])
Size of covariance_matrix_prime: torch.Size([1, 7, 7])
cosineSimilarity tensor([[1.0000, 1.0000, 1.0000, 1.0000, 1.0000, 1.0000, 1.0000]],
       grad_fn=<SumBackward1>)
Size of covariance_matrix: torch.Size([1, 7, 7])
Size of covariance_matrix_prime: torch.Size([1, 7, 7])
cosineSimilarity tensor([[1.0000, 1.0000, 1.0000, 1.0000, 1.0000, 1.0000, 1.0000]],
       grad_fn=<SumBackward1>)
Size of covariance_matrix: torch.Size([1, 7, 7])
Size of covariance_matrix_prime: torch.Size([1, 7, 7])
cosineSimilarity tensor([[1.0000, 1.0000, 1.0000, 1.0000, 1.0000, 1.0000, 1.0000]],
       grad_fn=<SumBackward1>)
Size of covariance_matrix: torch.Size([1, 7, 7])
Size of covariance_matrix_prime: torch.Size([1, 7, 7])
cosineSimilarity tensor([[1.0000, 1.0000, 1.0000, 1.0000, 1.0000, 1.0000, 1.0000]],
       grad_fn=<SumBackward1>)
Size of covariance_matrix: torch.Size([1, 7, 7])
Size of covariance_matrix_prime: torch.Size([1, 7, 7])
cosineSimilarity tensor([[1.0000, 1.0000, 1.0000, 1.0000, 1.0000, 1.0000, 1.0000]],
       grad_fn=<SumBackward1>)
Size of covariance_matrix: torch.Size([1, 7, 7])
Size of covariance_matrix_prime: torch.Size([1, 7, 7])
cosineSimilarity tensor([[1.0000, 1.0000, 1.0000, 1.0000, 1.0000, 1.0000, 1.0000]],
       grad_fn=<SumBackward1>)
Size of covariance_matrix: torch.Size([1, 7, 7])
Size of covariance_matrix_prime: torch.Size([1, 7, 7])
cosineSimilarity tensor([[1.0000, 1.0000, 1.0000, 1.0000, 1.0000, 1.0000, 1.0000]],
       grad_fn=<SumBackward1>)
Size of covariance_matrix: torch.Size([1, 7, 7])
Size of covariance_matrix_prime: torch.Size([1, 7, 7])
cosineSimilarity tensor([[1.0000, 1.0000, 1.0000, 1.0000, 1.0000, 1.0000, 1.0000]],
       grad_fn=<SumBackward1>)
Size of covariance_matrix: torch.Size([1, 7, 7])
Size of covariance_matrix_prime: torch.Size([1, 7, 7])
cosineSimilarity tensor([[1.0000, 1.0000, 1.0000, 1.0000, 1.0000, 1.0000, 1.0000]],
       grad_fn=<SumBackward1>)
Size of covariance_matrix: torch.Size([1, 7, 7])
Size of covariance_matrix_prime: torch.Size([1, 7, 7])
cosineSimilarity tensor([[1.0000, 1.0000, 1.0000, 1.0000, 1.0000, 1.0000, 1.0000]],
       grad_fn=<SumBackward1>)
Size of covariance_matrix: torch.Size([1, 7, 7])
Size of covariance_matrix_prime: torch.Size([1, 7, 7])
cosineSimilarity tensor([[1.0000, 1.0000, 1.0000, 1.0000, 1.0000, 1.0000, 1.0000]],
       grad_fn=<SumBackward1>)
Size of covariance_matrix: torch.Size([1, 7, 7])
Size of covariance_matrix_prime: torch.Size([1, 7, 7])
cosineSimilarity tensor([[1.0000, 1.0000, 1.0000, 1.0000, 1.0000, 1.0000, 1.0000]],
       grad_fn=<SumBackward1>)
Size of covariance_matrix: torch.Size([1, 7, 7])
Size of covariance_matrix_prime: torch.Size([1, 7, 7])
cosineSimilarity tensor([[1.0000, 1.0000, 1.0000, 1.0000, 1.0000, 1.0000, 1.0000]],
       grad_fn=<SumBackward1>)
Size of covariance_matrix: torch.Size([1, 7, 7])
Size of covariance_matrix_prime: torch.Size([1, 7, 7])
cosineSimilarity tensor([[1.0000, 1.0000, 1.0000, 1.0000, 1.0000, 1.0000, 1.0000]],
       grad_fn=<SumBackward1>)
Size of covariance_matrix: torch.Size([1, 7, 7])
Size of covariance_matrix_prime: torch.Size([1, 7, 7])
cosineSimilarity tensor([[1.0000, 1.0000, 1.0000, 1.0000, 1.0000, 1.0000, 1.0000]],
       grad_fn=<SumBackward1>)
Size of covariance_matrix: torch.Size([1, 7, 7])
Size of covariance_matrix_prime: torch.Size([1, 7, 7])
cosineSimilarity tensor([[1.0000, 1.0000, 1.0000, 1.0000, 1.0000, 1.0000, 1.0000]],
       grad_fn=<SumBackward1>)
Size of covariance_matrix: torch.Size([1, 7, 7])
Size of covariance_matrix_prime: torch.Size([1, 7, 7])
cosineSimilarity tensor([[1.0000, 1.0000, 1.0000, 1.0000, 1.0000, 1.0000, 1.0000]],
       grad_fn=<SumBackward1>)
Size of covariance_matrix: torch.Size([1, 7, 7])
Size of covariance_matrix_prime: torch.Size([1, 7, 7])
cosineSimilarity tensor([[1.0000, 1.0000, 1.0000, 1.0000, 1.0000, 1.0000, 1.0000]],
       grad_fn=<SumBackward1>)
Size of covariance_matrix: torch.Size([1, 7, 7])
Size of covariance_matrix_prime: torch.Size([1, 7, 7])
cosineSimilarity tensor([[1.0000, 1.0000, 1.0000, 1.0000, 1.0000, 1.0000, 1.0000]],
       grad_fn=<SumBackward1>)
Size of covariance_matrix: torch.Size([1, 7, 7])
Size of covariance_matrix_prime: torch.Size([1, 7, 7])
cosineSimilarity tensor([[1.0000, 1.0000, 1.0000, 1.0000, 1.0000, 1.0000, 1.0000]],
       grad_fn=<SumBackward1>)
Size of covariance_matrix: torch.Size([1, 7, 7])
Size of covariance_matrix_prime: torch.Size([1, 7, 7])
cosineSimilarity tensor([[1.0000, 1.0000, 1.0000, 1.0000, 1.0000, 1.0000, 1.0000]],
       grad_fn=<SumBackward1>)
Size of covariance_matrix: torch.Size([1, 7, 7])
Size of covariance_matrix_prime: torch.Size([1, 7, 7])
cosineSimilarity tensor([[1.0000, 1.0000, 1.0000, 1.0000, 1.0000, 1.0000, 1.0000]],
       grad_fn=<SumBackward1>)
Size of covariance_matrix: torch.Size([1, 7, 7])
Size of covariance_matrix_prime: torch.Size([1, 7, 7])
cosineSimilarity tensor([[1.0000, 1.0000, 1.0000, 1.0000, 1.0000, 1.0000, 1.0000]],
       grad_fn=<SumBackward1>)
Size of covariance_matrix: torch.Size([1, 7, 7])
Size of covariance_matrix_prime: torch.Size([1, 7, 7])
cosineSimilarity tensor([[1.0000, 1.0000, 1.0000, 1.0000, 1.0000, 1.0000, 1.0000]],
       grad_fn=<SumBackward1>)
Size of covariance_matrix: torch.Size([1, 7, 7])
Size of covariance_matrix_prime: torch.Size([1, 7, 7])
cosineSimilarity tensor([[1.0000, 1.0000, 1.0000, 1.0000, 1.0000, 1.0000, 1.0000]],
       grad_fn=<SumBackward1>)
Size of covariance_matrix: torch.Size([1, 7, 7])
Size of covariance_matrix_prime: torch.Size([1, 7, 7])
cosineSimilarity tensor([[1.0000, 1.0000, 1.0000, 1.0000, 1.0000, 1.0000, 1.0000]],
       grad_fn=<SumBackward1>)
Size of covariance_matrix: torch.Size([1, 7, 7])
Size of covariance_matrix_prime: torch.Size([1, 7, 7])
cosineSimilarity tensor([[1.0000, 1.0000, 1.0000, 1.0000, 1.0000, 1.0000, 1.0000]],
       grad_fn=<SumBackward1>)
Size of covariance_matrix: torch.Size([1, 7, 7])
Size of covariance_matrix_prime: torch.Size([1, 7, 7])
cosineSimilarity tensor([[1.0000, 1.0000, 1.0000, 1.0000, 1.0000, 1.0000, 1.0000]],
       grad_fn=<SumBackward1>)
Size of covariance_matrix: torch.Size([1, 7, 7])
Size of covariance_matrix_prime: torch.Size([1, 7, 7])
cosineSimilarity tensor([[1.0000, 1.0000, 1.0000, 1.0000, 1.0000, 1.0000, 1.0000]],
       grad_fn=<SumBackward1>)
Size of covariance_matrix: torch.Size([1, 7, 7])
Size of covariance_matrix_prime: torch.Size([1, 7, 7])
cosineSimilarity tensor([[1.0000, 1.0000, 1.0000, 1.0000, 1.0000, 1.0000, 1.0000]],
       grad_fn=<SumBackward1>)
Size of covariance_matrix: torch.Size([1, 7, 7])
Size of covariance_matrix_prime: torch.Size([1, 7, 7])
cosineSimilarity tensor([[1.0000, 1.0000, 1.0000, 1.0000, 1.0000, 1.0000, 1.0000]],
       grad_fn=<SumBackward1>)
Size of covariance_matrix: torch.Size([1, 7, 7])
Size of covariance_matrix_prime: torch.Size([1, 7, 7])
cosineSimilarity tensor([[1.0000, 1.0000, 1.0000, 1.0000, 1.0000, 1.0000, 1.0000]],
       grad_fn=<SumBackward1>)
Size of covariance_matrix: torch.Size([1, 7, 7])
Size of covariance_matrix_prime: torch.Size([1, 7, 7])
cosineSimilarity tensor([[1.0000, 1.0000, 1.0000, 1.0000, 1.0000, 1.0000, 1.0000]],
       grad_fn=<SumBackward1>)
Size of covariance_matrix: torch.Size([1, 7, 7])
Size of covariance_matrix_prime: torch.Size([1, 7, 7])
cosineSimilarity tensor([[1.0000, 1.0000, 1.0000, 1.0000, 1.0000, 1.0000, 1.0000]],
       grad_fn=<SumBackward1>)
Size of covariance_matrix: torch.Size([1, 7, 7])
Size of covariance_matrix_prime: torch.Size([1, 7, 7])
cosineSimilarity tensor([[1.0000, 1.0000, 1.0000, 1.0000, 1.0000, 1.0000, 1.0000]],
       grad_fn=<SumBackward1>)
Size of covariance_matrix: torch.Size([1, 7, 7])
Size of covariance_matrix_prime: torch.Size([1, 7, 7])
cosineSimilarity tensor([[1.0000, 1.0000, 1.0000, 1.0000, 1.0000, 1.0000, 1.0000]],
       grad_fn=<SumBackward1>)
Size of covariance_matrix: torch.Size([1, 7, 7])
Size of covariance_matrix_prime: torch.Size([1, 7, 7])
cosineSimilarity tensor([[1.0000, 1.0000, 1.0000, 1.0000, 1.0000, 1.0000, 1.0000]],
       grad_fn=<SumBackward1>)
Size of covariance_matrix: torch.Size([1, 7, 7])
Size of covariance_matrix_prime: torch.Size([1, 7, 7])
cosineSimilarity tensor([[1.0000, 1.0000, 1.0000, 1.0000, 1.0000, 1.0000, 1.0000]],
       grad_fn=<SumBackward1>)
Size of covariance_matrix: torch.Size([1, 7, 7])
Size of covariance_matrix_prime: torch.Size([1, 7, 7])
cosineSimilarity tensor([[1.0000, 1.0000, 1.0000, 1.0000, 1.0000, 1.0000, 1.0000]],
       grad_fn=<SumBackward1>)
Size of covariance_matrix: torch.Size([1, 7, 7])
Size of covariance_matrix_prime: torch.Size([1, 7, 7])
cosineSimilarity tensor([[1.0000, 1.0000, 1.0000, 1.0000, 1.0000, 1.0000, 1.0000]],
       grad_fn=<SumBackward1>)
Size of covariance_matrix: torch.Size([1, 7, 7])
Size of covariance_matrix_prime: torch.Size([1, 7, 7])
cosineSimilarity tensor([[1.0000, 1.0000, 1.0000, 1.0000, 1.0000, 1.0000, 1.0000]],
       grad_fn=<SumBackward1>)
Size of covariance_matrix: torch.Size([1, 7, 7])
Size of covariance_matrix_prime: torch.Size([1, 7, 7])
cosineSimilarity tensor([[1.0000, 1.0000, 1.0000, 1.0000, 1.0000, 1.0000, 1.0000]],
       grad_fn=<SumBackward1>)
Size of covariance_matrix: torch.Size([1, 7, 7])
Size of covariance_matrix_prime: torch.Size([1, 7, 7])
cosineSimilarity tensor([[1.0000, 1.0000, 1.0000, 1.0000, 1.0000, 1.0000, 1.0000]],
       grad_fn=<SumBackward1>)
Size of covariance_matrix: torch.Size([1, 7, 7])
Size of covariance_matrix_prime: torch.Size([1, 7, 7])
cosineSimilarity tensor([[1.0000, 1.0000, 1.0000, 1.0000, 1.0000, 1.0000, 1.0000]],
       grad_fn=<SumBackward1>)
Size of covariance_matrix: torch.Size([1, 7, 7])
Size of covariance_matrix_prime: torch.Size([1, 7, 7])
cosineSimilarity tensor([[1.0000, 1.0000, 1.0000, 1.0000, 1.0000, 1.0000, 1.0000]],
       grad_fn=<SumBackward1>)
Size of covariance_matrix: torch.Size([1, 7, 7])
Size of covariance_matrix_prime: torch.Size([1, 7, 7])
cosineSimilarity tensor([[1.0000, 1.0000, 1.0000, 1.0000, 1.0000, 1.0000, 1.0000]],
       grad_fn=<SumBackward1>)
Size of covariance_matrix: torch.Size([1, 7, 7])
Size of covariance_matrix_prime: torch.Size([1, 7, 7])
cosineSimilarity tensor([[1.0000, 1.0000, 1.0000, 1.0000, 1.0000, 1.0000, 1.0000]],
       grad_fn=<SumBackward1>)
Size of covariance_matrix: torch.Size([1, 7, 7])
Size of covariance_matrix_prime: torch.Size([1, 7, 7])
cosineSimilarity tensor([[1.0000, 1.0000, 1.0000, 1.0000, 1.0000, 1.0000, 1.0000]],
       grad_fn=<SumBackward1>)
Size of covariance_matrix: torch.Size([1, 7, 7])
Size of covariance_matrix_prime: torch.Size([1, 7, 7])
cosineSimilarity tensor([[1.0000, 1.0000, 1.0000, 1.0000, 1.0000, 1.0000, 1.0000]],
       grad_fn=<SumBackward1>)
Size of covariance_matrix: torch.Size([1, 7, 7])
Size of covariance_matrix_prime: torch.Size([1, 7, 7])
cosineSimilarity tensor([[1.0000, 1.0000, 1.0000, 1.0000, 1.0000, 1.0000, 1.0000]],
       grad_fn=<SumBackward1>)
Size of covariance_matrix: torch.Size([1, 7, 7])
Size of covariance_matrix_prime: torch.Size([1, 7, 7])
cosineSimilarity tensor([[1.0000, 1.0000, 1.0000, 1.0000, 1.0000, 1.0000, 1.0000]],
       grad_fn=<SumBackward1>)
Size of covariance_matrix: torch.Size([1, 7, 7])
Size of covariance_matrix_prime: torch.Size([1, 7, 7])
cosineSimilarity tensor([[1.0000, 1.0000, 1.0000, 1.0000, 1.0000, 1.0000, 1.0000]],
       grad_fn=<SumBackward1>)
Size of covariance_matrix: torch.Size([1, 7, 7])
Size of covariance_matrix_prime: torch.Size([1, 7, 7])
cosineSimilarity tensor([[1.0000, 1.0000, 1.0000, 1.0000, 1.0000, 1.0000, 1.0000]],
       grad_fn=<SumBackward1>)
Size of covariance_matrix: torch.Size([1, 7, 7])
Size of covariance_matrix_prime: torch.Size([1, 7, 7])
cosineSimilarity tensor([[1.0000, 1.0000, 1.0000, 1.0000, 1.0000, 1.0000, 1.0000]],
       grad_fn=<SumBackward1>)
Size of covariance_matrix: torch.Size([1, 7, 7])
Size of covariance_matrix_prime: torch.Size([1, 7, 7])
cosineSimilarity tensor([[1.0000, 1.0000, 1.0000, 1.0000, 1.0000, 1.0000, 1.0000]],
       grad_fn=<SumBackward1>)
Size of covariance_matrix: torch.Size([1, 7, 7])
Size of covariance_matrix_prime: torch.Size([1, 7, 7])
cosineSimilarity tensor([[1.0000, 1.0000, 1.0000, 1.0000, 1.0000, 1.0000, 1.0000]],
       grad_fn=<SumBackward1>)
Size of covariance_matrix: torch.Size([1, 7, 7])
Size of covariance_matrix_prime: torch.Size([1, 7, 7])
cosineSimilarity tensor([[1.0000, 1.0000, 1.0000, 1.0000, 1.0000, 1.0000, 1.0000]],
       grad_fn=<SumBackward1>)
Size of covariance_matrix: torch.Size([1, 7, 7])
Size of covariance_matrix_prime: torch.Size([1, 7, 7])
cosineSimilarity tensor([[1.0000, 1.0000, 1.0000, 1.0000, 1.0000, 1.0000, 1.0000]],
       grad_fn=<SumBackward1>)
Size of covariance_matrix: torch.Size([1, 7, 7])
Size of covariance_matrix_prime: torch.Size([1, 7, 7])
cosineSimilarity tensor([[1.0000, 1.0000, 1.0000, 1.0000, 1.0000, 1.0000, 1.0000]],
       grad_fn=<SumBackward1>)
Size of covariance_matrix: torch.Size([1, 7, 7])
Size of covariance_matrix_prime: torch.Size([1, 7, 7])
cosineSimilarity tensor([[1.0000, 1.0000, 1.0000, 1.0000, 1.0000, 1.0000, 1.0000]],
       grad_fn=<SumBackward1>)
Size of covariance_matrix: torch.Size([1, 7, 7])
Size of covariance_matrix_prime: torch.Size([1, 7, 7])
cosineSimilarity tensor([[1.0000, 1.0000, 1.0000, 1.0000, 1.0000, 1.0000, 1.0000]],
       grad_fn=<SumBackward1>)
Size of covariance_matrix: torch.Size([1, 7, 7])
Size of covariance_matrix_prime: torch.Size([1, 7, 7])
cosineSimilarity tensor([[1.0000, 1.0000, 1.0000, 1.0000, 1.0000, 1.0000, 1.0000]],
       grad_fn=<SumBackward1>)
Size of covariance_matrix: torch.Size([1, 7, 7])
Size of covariance_matrix_prime: torch.Size([1, 7, 7])
cosineSimilarity tensor([[1.0000, 1.0000, 1.0000, 1.0000, 1.0000, 1.0000, 1.0000]],
       grad_fn=<SumBackward1>)
Size of covariance_matrix: torch.Size([1, 7, 7])
Size of covariance_matrix_prime: torch.Size([1, 7, 7])
cosineSimilarity tensor([[1.0000, 1.0000, 1.0000, 1.0000, 1.0000, 1.0000, 1.0000]],
       grad_fn=<SumBackward1>)
Size of covariance_matrix: torch.Size([1, 7, 7])
Size of covariance_matrix_prime: torch.Size([1, 7, 7])
cosineSimilarity tensor([[1.0000, 1.0000, 1.0000, 1.0000, 1.0000, 1.0000, 1.0000]],
       grad_fn=<SumBackward1>)
Size of covariance_matrix: torch.Size([1, 7, 7])
Size of covariance_matrix_prime: torch.Size([1, 7, 7])
cosineSimilarity tensor([[1.0000, 1.0000, 1.0000, 1.0000, 1.0000, 1.0000, 1.0000]],
       grad_fn=<SumBackward1>)
Size of covariance_matrix: torch.Size([1, 7, 7])
Size of covariance_matrix_prime: torch.Size([1, 7, 7])
cosineSimilarity tensor([[1.0000, 1.0000, 1.0000, 1.0000, 1.0000, 1.0000, 1.0000]],
       grad_fn=<SumBackward1>)
Size of covariance_matrix: torch.Size([1, 7, 7])
Size of covariance_matrix_prime: torch.Size([1, 7, 7])
cosineSimilarity tensor([[1.0000, 1.0000, 1.0000, 1.0000, 1.0000, 1.0000, 1.0000]],
       grad_fn=<SumBackward1>)
Size of covariance_matrix: torch.Size([1, 7, 7])
Size of covariance_matrix_prime: torch.Size([1, 7, 7])
cosineSimilarity tensor([[1.0000, 1.0000, 1.0000, 1.0000, 1.0000, 1.0000, 1.0000]],
       grad_fn=<SumBackward1>)
Size of covariance_matrix: torch.Size([1, 7, 7])
Size of covariance_matrix_prime: torch.Size([1, 7, 7])
cosineSimilarity tensor([[1.0000, 1.0000, 1.0000, 1.0000, 1.0000, 1.0000, 1.0000]],
       grad_fn=<SumBackward1>)
Size of covariance_matrix: torch.Size([1, 7, 7])
Size of covariance_matrix_prime: torch.Size([1, 7, 7])
cosineSimilarity tensor([[1.0000, 1.0000, 1.0000, 1.0000, 1.0000, 1.0000, 1.0000]],
       grad_fn=<SumBackward1>)
Size of covariance_matrix: torch.Size([1, 7, 7])
Size of covariance_matrix_prime: torch.Size([1, 7, 7])
cosineSimilarity tensor([[1.0000, 1.0000, 1.0000, 1.0000, 1.0000, 1.0000, 1.0000]],
       grad_fn=<SumBackward1>)
Size of covariance_matrix: torch.Size([1, 7, 7])
Size of covariance_matrix_prime: torch.Size([1, 7, 7])
cosineSimilarity tensor([[1.0000, 1.0000, 1.0000, 1.0000, 1.0000, 1.0000, 1.0000]],
       grad_fn=<SumBackward1>)
Size of covariance_matrix: torch.Size([1, 7, 7])
Size of covariance_matrix_prime: torch.Size([1, 7, 7])
cosineSimilarity tensor([[1.0000, 1.0000, 1.0000, 1.0000, 1.0000, 1.0000, 1.0000]],
       grad_fn=<SumBackward1>)
Size of covariance_matrix: torch.Size([1, 7, 7])
Size of covariance_matrix_prime: torch.Size([1, 7, 7])
cosineSimilarity tensor([[1.0000, 1.0000, 1.0000, 1.0000, 1.0000, 1.0000, 1.0000]],
       grad_fn=<SumBackward1>)
Size of covariance_matrix: torch.Size([1, 7, 7])
Size of covariance_matrix_prime: torch.Size([1, 7, 7])
cosineSimilarity tensor([[1.0000, 1.0000, 1.0000, 1.0000, 1.0000, 1.0000, 1.0000]],
       grad_fn=<SumBackward1>)
Size of covariance_matrix: torch.Size([1, 7, 7])
Size of covariance_matrix_prime: torch.Size([1, 7, 7])
cosineSimilarity tensor([[1.0000, 1.0000, 1.0000, 1.0000, 1.0000, 1.0000, 1.0000]],
       grad_fn=<SumBackward1>)
Size of covariance_matrix: torch.Size([1, 7, 7])
Size of covariance_matrix_prime: torch.Size([1, 7, 7])
cosineSimilarity tensor([[1.0000, 1.0000, 1.0000, 1.0000, 1.0000, 1.0000, 1.0000]],
       grad_fn=<SumBackward1>)
Size of covariance_matrix: torch.Size([1, 7, 7])
Size of covariance_matrix_prime: torch.Size([1, 7, 7])
cosineSimilarity tensor([[1.0000, 1.0000, 1.0000, 1.0000, 1.0000, 1.0000, 1.0000]],
       grad_fn=<SumBackward1>)
Size of covariance_matrix: torch.Size([1, 7, 7])
Size of covariance_matrix_prime: torch.Size([1, 7, 7])
cosineSimilarity tensor([[1.0000, 1.0000, 1.0000, 1.0000, 1.0000, 1.0000, 1.0000]],
       grad_fn=<SumBackward1>)
Size of covariance_matrix: torch.Size([1, 7, 7])
Size of covariance_matrix_prime: torch.Size([1, 7, 7])
cosineSimilarity tensor([[1.0000, 1.0000, 1.0000, 1.0000, 1.0000, 1.0000, 1.0000]],
       grad_fn=<SumBackward1>)
Size of covariance_matrix: torch.Size([1, 7, 7])
Size of covariance_matrix_prime: torch.Size([1, 7, 7])
cosineSimilarity tensor([[1.0000, 1.0000, 1.0000, 1.0000, 1.0000, 1.0000, 1.0000]],
       grad_fn=<SumBackward1>)
Size of covariance_matrix: torch.Size([1, 7, 7])
Size of covariance_matrix_prime: torch.Size([1, 7, 7])
cosineSimilarity tensor([[1.0000, 1.0000, 1.0000, 1.0000, 1.0000, 1.0000, 1.0000]],
       grad_fn=<SumBackward1>)
Size of covariance_matrix: torch.Size([1, 7, 7])
Size of covariance_matrix_prime: torch.Size([1, 7, 7])
cosineSimilarity tensor([[nan, nan, nan, nan, nan, nan, nan]], grad_fn=<SumBackward1>)
Size of covariance_matrix: torch.Size([1, 7, 7])
Size of covariance_matrix_prime: torch.Size([1, 7, 7])
cosineSimilarity tensor([[1.0000, 1.0000, 1.0000, 1.0000, 1.0000, 1.0000, 1.0000]],
       grad_fn=<SumBackward1>)
Size of covariance_matrix: torch.Size([1, 7, 7])
Size of covariance_matrix_prime: torch.Size([1, 7, 7])
cosineSimilarity tensor([[1.0000, 1.0000, 1.0000, 1.0000, 1.0000, 1.0000, 1.0000]],
       grad_fn=<SumBackward1>)
Size of covariance_matrix: torch.Size([1, 7, 7])
Size of covariance_matrix_prime: torch.Size([1, 7, 7])
cosineSimilarity tensor([[1.0000, 1.0000, 1.0000, 1.0000, 1.0000, 1.0000, 1.0000]],
       grad_fn=<SumBackward1>)
Size of covariance_matrix: torch.Size([1, 7, 7])
Size of covariance_matrix_prime: torch.Size([1, 7, 7])
cosineSimilarity tensor([[1.0000, 1.0000, 1.0000, 1.0000, 1.0000, 1.0000, 1.0000]],
       grad_fn=<SumBackward1>)
Size of covariance_matrix: torch.Size([1, 7, 7])
Size of covariance_matrix_prime: torch.Size([1, 7, 7])
cosineSimilarity tensor([[1.0000, 1.0000, 1.0000, 1.0000, 1.0000, 1.0000, 1.0000]],
       grad_fn=<SumBackward1>)
Size of covariance_matrix: torch.Size([1, 7, 7])
Size of covariance_matrix_prime: torch.Size([1, 7, 7])
cosineSimilarity tensor([[1.0000, 1.0000, 1.0000, 1.0000, 1.0000, 1.0000, 1.0000]],
       grad_fn=<SumBackward1>)
Size of covariance_matrix: torch.Size([1, 7, 7])
Size of covariance_matrix_prime: torch.Size([1, 7, 7])
cosineSimilarity tensor([[1.0000, 1.0000, 1.0000, 1.0000, 1.0000, 1.0000, 1.0000]],
       grad_fn=<SumBackward1>)
Size of covariance_matrix: torch.Size([1, 7, 7])
Size of covariance_matrix_prime: torch.Size([1, 7, 7])
cosineSimilarity tensor([[1.0000, 1.0000, 1.0000, 1.0000, 1.0000, 1.0000, 1.0000]],
       grad_fn=<SumBackward1>)
Size of covariance_matrix: torch.Size([1, 7, 7])
Size of covariance_matrix_prime: torch.Size([1, 7, 7])
cosineSimilarity tensor([[1.0000, 1.0000, 1.0000, 1.0000, 1.0000, 1.0000, 1.0000]],
       grad_fn=<SumBackward1>)
Size of covariance_matrix: torch.Size([1, 7, 7])
Size of covariance_matrix_prime: torch.Size([1, 7, 7])
cosineSimilarity tensor([[1.0000, 1.0000, 1.0000, 1.0000, 1.0000, 1.0000, 1.0000]],
       grad_fn=<SumBackward1>)
Size of covariance_matrix: torch.Size([1, 7, 7])
Size of covariance_matrix_prime: torch.Size([1, 7, 7])
cosineSimilarity tensor([[1.0000, 1.0000, 1.0000, 1.0000, 1.0000, 1.0000, 1.0000]],
       grad_fn=<SumBackward1>)
Size of covariance_matrix: torch.Size([1, 7, 7])
Size of covariance_matrix_prime: torch.Size([1, 7, 7])
cosineSimilarity tensor([[1.0000, 1.0000, 1.0000, 1.0000, 1.0000, 1.0000, 1.0000]],
       grad_fn=<SumBackward1>)
Size of covariance_matrix: torch.Size([1, 7, 7])
Size of covariance_matrix_prime: torch.Size([1, 7, 7])
cosineSimilarity tensor([[nan, nan, nan, nan, nan, nan, nan]], grad_fn=<SumBackward1>)
Size of covariance_matrix: torch.Size([1, 7, 7])
Size of covariance_matrix_prime: torch.Size([1, 7, 7])
cosineSimilarity tensor([[1.0000, 1.0000, 1.0000, 1.0000, 1.0000, 1.0000, 1.0000]],
       grad_fn=<SumBackward1>)
Size of covariance_matrix: torch.Size([1, 7, 7])
Size of covariance_matrix_prime: torch.Size([1, 7, 7])
cosineSimilarity tensor([[1.0000, 1.0000, 1.0000, 1.0000, 1.0000, 1.0000, 1.0000]],
       grad_fn=<SumBackward1>)
Size of covariance_matrix: torch.Size([1, 7, 7])
Size of covariance_matrix_prime: torch.Size([1, 7, 7])
cosineSimilarity tensor([[1.0000, 1.0000, 1.0000, 1.0000, 1.0000, 1.0000, 1.0000]],
       grad_fn=<SumBackward1>)
Size of covariance_matrix: torch.Size([1, 7, 7])
Size of covariance_matrix_prime: torch.Size([1, 7, 7])
cosineSimilarity tensor([[1.0000, 1.0000, 1.0000, 1.0000, 1.0000, 1.0000, 1.0000]],
       grad_fn=<SumBackward1>)
Size of covariance_matrix: torch.Size([1, 7, 7])
Size of covariance_matrix_prime: torch.Size([1, 7, 7])
cosineSimilarity tensor([[1.0000, 1.0000, 1.0000, 1.0000, 1.0000, 1.0000, 1.0000]],
       grad_fn=<SumBackward1>)
Size of covariance_matrix: torch.Size([1, 7, 7])
Size of covariance_matrix_prime: torch.Size([1, 7, 7])
cosineSimilarity tensor([[1.0000, 1.0000, 1.0000, 1.0000, 1.0000, 1.0000, 1.0000]],
       grad_fn=<SumBackward1>)
Size of covariance_matrix: torch.Size([1, 7, 7])
Size of covariance_matrix_prime: torch.Size([1, 7, 7])
cosineSimilarity tensor([[1.0000, 1.0000, 1.0000, 1.0000, 1.0000, 1.0000, 1.0000]],
       grad_fn=<SumBackward1>)
Size of covariance_matrix: torch.Size([1, 7, 7])
Size of covariance_matrix_prime: torch.Size([1, 7, 7])
cosineSimilarity tensor([[1.0000, 1.0000, 1.0000, 1.0000, 1.0000, 1.0000, 1.0000]],
       grad_fn=<SumBackward1>)
Size of covariance_matrix: torch.Size([1, 7, 7])
Size of covariance_matrix_prime: torch.Size([1, 7, 7])
cosineSimilarity tensor([[1.0000, 1.0000, 1.0000, 1.0000, 1.0000, 1.0000, 1.0000]],
       grad_fn=<SumBackward1>)
Size of covariance_matrix: torch.Size([1, 7, 7])
Size of covariance_matrix_prime: torch.Size([1, 7, 7])
cosineSimilarity tensor([[1.0000, 1.0000, 1.0000, 1.0000, 1.0000, 1.0000, 1.0000]],
       grad_fn=<SumBackward1>)
Size of covariance_matrix: torch.Size([1, 7, 7])
Size of covariance_matrix_prime: torch.Size([1, 7, 7])
cosineSimilarity tensor([[1.0000, 1.0000, 1.0000, 1.0000, 1.0000, 1.0000, 1.0000]],
       grad_fn=<SumBackward1>)
Size of covariance_matrix: torch.Size([1, 7, 7])
Size of covariance_matrix_prime: torch.Size([1, 7, 7])
cosineSimilarity tensor([[1.0000, 1.0000, 1.0000, 1.0000, 1.0000, 1.0000, 1.0000]],
       grad_fn=<SumBackward1>)
Size of covariance_matrix: torch.Size([1, 7, 7])
Size of covariance_matrix_prime: torch.Size([1, 7, 7])
cosineSimilarity tensor([[1.0000, 1.0000, 1.0000, 1.0000, 1.0000, 1.0000, 1.0000]],
       grad_fn=<SumBackward1>)
Size of covariance_matrix: torch.Size([1, 7, 7])
Size of covariance_matrix_prime: torch.Size([1, 7, 7])
cosineSimilarity tensor([[1.0000, 1.0000, 1.0000, 1.0000, 1.0000, 1.0000, 1.0000]],
       grad_fn=<SumBackward1>)
Size of covariance_matrix: torch.Size([1, 7, 7])
Size of covariance_matrix_prime: torch.Size([1, 7, 7])
cosineSimilarity tensor([[1.0000, 1.0000, 1.0000, 1.0000, 1.0000, 1.0000, 1.0000]],
       grad_fn=<SumBackward1>)
Size of covariance_matrix: torch.Size([1, 7, 7])
Size of covariance_matrix_prime: torch.Size([1, 7, 7])
cosineSimilarity tensor([[1.0000, 1.0000, 1.0000, 1.0000, 1.0000, 1.0000, 1.0000]],
       grad_fn=<SumBackward1>)
Size of covariance_matrix: torch.Size([1, 7, 7])
Size of covariance_matrix_prime: torch.Size([1, 7, 7])
cosineSimilarity tensor([[1.0000, 1.0000, 1.0000, 1.0000, 1.0000, 1.0000, 1.0000]],
       grad_fn=<SumBackward1>)
Size of covariance_matrix: torch.Size([1, 7, 7])
Size of covariance_matrix_prime: torch.Size([1, 7, 7])
cosineSimilarity tensor([[1.0000, 1.0000, 1.0000, 1.0000, 1.0000, 1.0000, 1.0000]],
       grad_fn=<SumBackward1>)
Size of covariance_matrix: torch.Size([1, 7, 7])
Size of covariance_matrix_prime: torch.Size([1, 7, 7])
cosineSimilarity tensor([[1.0000, 1.0000, 1.0000, 1.0000, 1.0000, 1.0000, 1.0000]],
       grad_fn=<SumBackward1>)
Size of covariance_matrix: torch.Size([1, 7, 7])
Size of covariance_matrix_prime: torch.Size([1, 7, 7])
cosineSimilarity tensor([[1.0000, 1.0000, 1.0000, 1.0000, 1.0000, 1.0000, 1.0000]],
       grad_fn=<SumBackward1>)
Size of covariance_matrix: torch.Size([1, 7, 7])
Size of covariance_matrix_prime: torch.Size([1, 7, 7])
cosineSimilarity tensor([[1.0000, 1.0000, 1.0000, 1.0000, 1.0000, 1.0000, 1.0000]],
       grad_fn=<SumBackward1>)
Size of covariance_matrix: torch.Size([1, 7, 7])
Size of covariance_matrix_prime: torch.Size([1, 7, 7])
cosineSimilarity tensor([[1.0000, 1.0000, 1.0000, 1.0000, 1.0000, 1.0000, 1.0000]],
       grad_fn=<SumBackward1>)
Size of covariance_matrix: torch.Size([1, 7, 7])
Size of covariance_matrix_prime: torch.Size([1, 7, 7])
cosineSimilarity tensor([[1.0000, 1.0000, 1.0000, 1.0000, 1.0000, 1.0000, 1.0000]],
       grad_fn=<SumBackward1>)
Size of covariance_matrix: torch.Size([1, 7, 7])
Size of covariance_matrix_prime: torch.Size([1, 7, 7])
cosineSimilarity tensor([[1.0000, 1.0000, 1.0000, 1.0000, 1.0000, 1.0000, 1.0000]],
       grad_fn=<SumBackward1>)
Size of covariance_matrix: torch.Size([1, 7, 7])
Size of covariance_matrix_prime: torch.Size([1, 7, 7])
cosineSimilarity tensor([[1.0000, 1.0000, 1.0000, 1.0000, 1.0000, 1.0000, 1.0000]],
       grad_fn=<SumBackward1>)
Size of covariance_matrix: torch.Size([1, 7, 7])
Size of covariance_matrix_prime: torch.Size([1, 7, 7])
cosineSimilarity tensor([[1.0000, 1.0000, 1.0000, 1.0000, 1.0000, 1.0000, 1.0000]],
       grad_fn=<SumBackward1>)
Size of covariance_matrix: torch.Size([1, 7, 7])
Size of covariance_matrix_prime: torch.Size([1, 7, 7])
cosineSimilarity tensor([[1.0000, 1.0000, 1.0000, 1.0000, 1.0000, 1.0000, 1.0000]],
       grad_fn=<SumBackward1>)
Size of covariance_matrix: torch.Size([1, 7, 7])
Size of covariance_matrix_prime: torch.Size([1, 7, 7])
cosineSimilarity tensor([[1.0000, 1.0000, 1.0000, 1.0000, 1.0000, 1.0000, 1.0000]],
       grad_fn=<SumBackward1>)
Size of covariance_matrix: torch.Size([1, 7, 7])
Size of covariance_matrix_prime: torch.Size([1, 7, 7])
cosineSimilarity tensor([[1.0000, 1.0000, 1.0000, 1.0000, 1.0000, 1.0000, 1.0000]],
       grad_fn=<SumBackward1>)
Size of covariance_matrix: torch.Size([1, 7, 7])
Size of covariance_matrix_prime: torch.Size([1, 7, 7])
cosineSimilarity tensor([[1.0000, 1.0000, 1.0000, 1.0000, 1.0000, 1.0000, 1.0000]],
       grad_fn=<SumBackward1>)
Size of covariance_matrix: torch.Size([1, 7, 7])
Size of covariance_matrix_prime: torch.Size([1, 7, 7])
cosineSimilarity tensor([[1.0000, 1.0000, 1.0000, 1.0000, 1.0000, 1.0000, 1.0000]],
       grad_fn=<SumBackward1>)
Size of covariance_matrix: torch.Size([1, 7, 7])
Size of covariance_matrix_prime: torch.Size([1, 7, 7])
cosineSimilarity tensor([[1.0000, 1.0000, 1.0000, 1.0000, 1.0000, 1.0000, 1.0000]],
       grad_fn=<SumBackward1>)
Size of covariance_matrix: torch.Size([1, 7, 7])
Size of covariance_matrix_prime: torch.Size([1, 7, 7])
cosineSimilarity tensor([[1.0000, 1.0000, 1.0000, 1.0000, 1.0000, 1.0000, 1.0000]],
       grad_fn=<SumBackward1>)
Size of covariance_matrix: torch.Size([1, 7, 7])
Size of covariance_matrix_prime: torch.Size([1, 7, 7])
cosineSimilarity tensor([[1.0000, 1.0000, 1.0000, 1.0000, 1.0000, 1.0000, 1.0000]],
       grad_fn=<SumBackward1>)
Size of covariance_matrix: torch.Size([1, 7, 7])
Size of covariance_matrix_prime: torch.Size([1, 7, 7])
cosineSimilarity tensor([[1.0000, 1.0000, 1.0000, 1.0000, 1.0000, 1.0000, 1.0000]],
       grad_fn=<SumBackward1>)
Size of covariance_matrix: torch.Size([1, 7, 7])
Size of covariance_matrix_prime: torch.Size([1, 7, 7])
cosineSimilarity tensor([[1.0000, 1.0000, 1.0000, 1.0000, 1.0000, 1.0000, 1.0000]],
       grad_fn=<SumBackward1>)
Size of covariance_matrix: torch.Size([1, 7, 7])
Size of covariance_matrix_prime: torch.Size([1, 7, 7])
cosineSimilarity tensor([[1.0000, 1.0000, 1.0000, 1.0000, 1.0000, 1.0000, 1.0000]],
       grad_fn=<SumBackward1>)
Size of covariance_matrix: torch.Size([1, 7, 7])
Size of covariance_matrix_prime: torch.Size([1, 7, 7])
cosineSimilarity tensor([[1.0000, 1.0000, 1.0000, 1.0000, 1.0000, 1.0000, 1.0000]],
       grad_fn=<SumBackward1>)
Size of covariance_matrix: torch.Size([1, 7, 7])
Size of covariance_matrix_prime: torch.Size([1, 7, 7])
cosineSimilarity tensor([[1.0000, 1.0000, 1.0000, 1.0000, 1.0000, 1.0000, 1.0000]],
       grad_fn=<SumBackward1>)
Size of covariance_matrix: torch.Size([1, 7, 7])
Size of covariance_matrix_prime: torch.Size([1, 7, 7])
cosineSimilarity tensor([[1.0000, 1.0000, 1.0000, 1.0000, 1.0000, 1.0000, 1.0000]],
       grad_fn=<SumBackward1>)
Size of covariance_matrix: torch.Size([1, 7, 7])
Size of covariance_matrix_prime: torch.Size([1, 7, 7])
cosineSimilarity tensor([[1.0000, 1.0000, 1.0000, 1.0000, 1.0000, 1.0000, 1.0000]],
       grad_fn=<SumBackward1>)
Size of covariance_matrix: torch.Size([1, 7, 7])
Size of covariance_matrix_prime: torch.Size([1, 7, 7])
cosineSimilarity tensor([[1.0000, 1.0000, 1.0000, 1.0000, 1.0000, 1.0000, 1.0000]],
       grad_fn=<SumBackward1>)
Size of covariance_matrix: torch.Size([1, 7, 7])
Size of covariance_matrix_prime: torch.Size([1, 7, 7])
cosineSimilarity tensor([[1.0000, 1.0000, 1.0000, 1.0000, 1.0000, 1.0000, 1.0000]],
       grad_fn=<SumBackward1>)
Size of covariance_matrix: torch.Size([1, 7, 7])
Size of covariance_matrix_prime: torch.Size([1, 7, 7])
cosineSimilarity tensor([[1.0000, 1.0000, 1.0000, 1.0000, 1.0000, 1.0000, 1.0000]],
       grad_fn=<SumBackward1>)
Size of covariance_matrix: torch.Size([1, 7, 7])
Size of covariance_matrix_prime: torch.Size([1, 7, 7])
cosineSimilarity tensor([[1.0000, 1.0000, 1.0000, 1.0000, 1.0000, 1.0000, 1.0000]],
       grad_fn=<SumBackward1>)
Size of covariance_matrix: torch.Size([1, 7, 7])
Size of covariance_matrix_prime: torch.Size([1, 7, 7])
cosineSimilarity tensor([[1.0000, 1.0000, 1.0000, 1.0000, 1.0000, 1.0000, 1.0000]],
       grad_fn=<SumBackward1>)
Size of covariance_matrix: torch.Size([1, 7, 7])
Size of covariance_matrix_prime: torch.Size([1, 7, 7])
cosineSimilarity tensor([[1.0000, 1.0000, 1.0000, 1.0000, 1.0000, 1.0000, 1.0000]],
       grad_fn=<SumBackward1>)
Size of covariance_matrix: torch.Size([1, 7, 7])
Size of covariance_matrix_prime: torch.Size([1, 7, 7])
cosineSimilarity tensor([[1.0000, 1.0000, 1.0000, 1.0000, 1.0000, 1.0000, 1.0000]],
       grad_fn=<SumBackward1>)
Size of covariance_matrix: torch.Size([1, 7, 7])
Size of covariance_matrix_prime: torch.Size([1, 7, 7])
cosineSimilarity tensor([[1.0000, 1.0000, 1.0000, 1.0000, 1.0000, 1.0000, 1.0000]],
       grad_fn=<SumBackward1>)
Size of covariance_matrix: torch.Size([1, 7, 7])
Size of covariance_matrix_prime: torch.Size([1, 7, 7])
cosineSimilarity tensor([[1.0000, 1.0000, 1.0000, 1.0000, 1.0000, 1.0000, 1.0000]],
       grad_fn=<SumBackward1>)
Size of covariance_matrix: torch.Size([1, 7, 7])
Size of covariance_matrix_prime: torch.Size([1, 7, 7])
cosineSimilarity tensor([[1.0000, 1.0000, 1.0000, 1.0000, 1.0000, 1.0000, 1.0000]],
       grad_fn=<SumBackward1>)
Size of covariance_matrix: torch.Size([1, 7, 7])
Size of covariance_matrix_prime: torch.Size([1, 7, 7])
cosineSimilarity tensor([[1.0000, 1.0000, 1.0000, 1.0000, 1.0000, 1.0000, 1.0000]],
       grad_fn=<SumBackward1>)
Size of covariance_matrix: torch.Size([1, 7, 7])
Size of covariance_matrix_prime: torch.Size([1, 7, 7])
cosineSimilarity tensor([[1.0000, 1.0000, 1.0000, 1.0000, 1.0000, 1.0000, 1.0000]],
       grad_fn=<SumBackward1>)
Size of covariance_matrix: torch.Size([1, 7, 7])
Size of covariance_matrix_prime: torch.Size([1, 7, 7])
cosineSimilarity tensor([[1.0000, 1.0000, 1.0000, 1.0000, 1.0000, 1.0000, 1.0000]],
       grad_fn=<SumBackward1>)
Size of covariance_matrix: torch.Size([1, 7, 7])
Size of covariance_matrix_prime: torch.Size([1, 7, 7])
cosineSimilarity tensor([[1.0000, 1.0000, 1.0000, 1.0000, 1.0000, 1.0000, 1.0000]],
       grad_fn=<SumBackward1>)
Size of covariance_matrix: torch.Size([1, 7, 7])
Size of covariance_matrix_prime: torch.Size([1, 7, 7])
cosineSimilarity tensor([[1.0000, 1.0000, 1.0000, 1.0000, 1.0000, 1.0000, 1.0000]],
       grad_fn=<SumBackward1>)
Size of covariance_matrix: torch.Size([1, 7, 7])
Size of covariance_matrix_prime: torch.Size([1, 7, 7])
cosineSimilarity tensor([[1.0000, 1.0000, 1.0000, 1.0000, 1.0000, 1.0000, 1.0000]],
       grad_fn=<SumBackward1>)
Size of covariance_matrix: torch.Size([1, 7, 7])
Size of covariance_matrix_prime: torch.Size([1, 7, 7])
cosineSimilarity tensor([[1.0000, 1.0000, 1.0000, 1.0000, 1.0000, 1.0000, 1.0000]],
       grad_fn=<SumBackward1>)
Size of covariance_matrix: torch.Size([1, 7, 7])
Size of covariance_matrix_prime: torch.Size([1, 7, 7])
cosineSimilarity tensor([[1.0000, 1.0000, 1.0000, 1.0000, 1.0000, 1.0000, 1.0000]],
       grad_fn=<SumBackward1>)
Size of covariance_matrix: torch.Size([1, 7, 7])
Size of covariance_matrix_prime: torch.Size([1, 7, 7])
cosineSimilarity tensor([[1.0000, 1.0000, 1.0000, 1.0000, 1.0000, 1.0000, 1.0000]],
       grad_fn=<SumBackward1>)
Size of covariance_matrix: torch.Size([1, 7, 7])
Size of covariance_matrix_prime: torch.Size([1, 7, 7])
cosineSimilarity tensor([[1.0000, 1.0000, 1.0000, 1.0000, 1.0000, 1.0000, 1.0000]],
       grad_fn=<SumBackward1>)
Size of covariance_matrix: torch.Size([1, 7, 7])
Size of covariance_matrix_prime: torch.Size([1, 7, 7])
cosineSimilarity tensor([[1.0000, 1.0000, 1.0000, 1.0000, 1.0000, 1.0000, 1.0000]],
       grad_fn=<SumBackward1>)
Size of covariance_matrix: torch.Size([1, 7, 7])
Size of covariance_matrix_prime: torch.Size([1, 7, 7])
cosineSimilarity tensor([[1.0000, 1.0000, 1.0000, 1.0000, 1.0000, 1.0000, 1.0000]],
       grad_fn=<SumBackward1>)
Size of covariance_matrix: torch.Size([1, 7, 7])
Size of covariance_matrix_prime: torch.Size([1, 7, 7])
cosineSimilarity tensor([[1.0000, 1.0000, 1.0000, 1.0000, 1.0000, 1.0000, 1.0000]],
       grad_fn=<SumBackward1>)
Size of covariance_matrix: torch.Size([1, 7, 7])
Size of covariance_matrix_prime: torch.Size([1, 7, 7])
cosineSimilarity tensor([[1.0000, 1.0000, 1.0000, 1.0000, 1.0000, 1.0000, 1.0000]],
       grad_fn=<SumBackward1>)
Size of covariance_matrix: torch.Size([1, 7, 7])
Size of covariance_matrix_prime: torch.Size([1, 7, 7])
cosineSimilarity tensor([[1.0000, 1.0000, 1.0000, 1.0000, 1.0000, 1.0000, 1.0000]],
       grad_fn=<SumBackward1>)
Size of covariance_matrix: torch.Size([1, 7, 7])
Size of covariance_matrix_prime: torch.Size([1, 7, 7])
cosineSimilarity tensor([[1.0000, 1.0000, 1.0000, 1.0000, 1.0000, 1.0000, 1.0000]],
       grad_fn=<SumBackward1>)
Size of covariance_matrix: torch.Size([1, 7, 7])
Size of covariance_matrix_prime: torch.Size([1, 7, 7])
cosineSimilarity tensor([[1.0000, 1.0000, 1.0000, 1.0000, 1.0000, 1.0000, 1.0000]],
       grad_fn=<SumBackward1>)
Size of covariance_matrix: torch.Size([1, 7, 7])
Size of covariance_matrix_prime: torch.Size([1, 7, 7])
cosineSimilarity tensor([[1.0000, 1.0000, 1.0000, 1.0000, 1.0000, 1.0000, 1.0000]],
       grad_fn=<SumBackward1>)
Size of covariance_matrix: torch.Size([1, 7, 7])
Size of covariance_matrix_prime: torch.Size([1, 7, 7])
cosineSimilarity tensor([[1.0000, 1.0000, 1.0000, 1.0000, 1.0000, 1.0000, 1.0000]],
       grad_fn=<SumBackward1>)
Size of covariance_matrix: torch.Size([1, 7, 7])
Size of covariance_matrix_prime: torch.Size([1, 7, 7])
cosineSimilarity tensor([[1.0000, 1.0000, 1.0000, 1.0000, 1.0000, 1.0000, 1.0000]],
       grad_fn=<SumBackward1>)
Size of covariance_matrix: torch.Size([1, 7, 7])
Size of covariance_matrix_prime: torch.Size([1, 7, 7])
cosineSimilarity tensor([[1.0000, 1.0000, 1.0000, 1.0000, 1.0000, 1.0000, 1.0000]],
       grad_fn=<SumBackward1>)
Size of covariance_matrix: torch.Size([1, 7, 7])
Size of covariance_matrix_prime: torch.Size([1, 7, 7])
cosineSimilarity tensor([[1.0000, 1.0000, 1.0000, 1.0000, 1.0000, 1.0000, 1.0000]],
       grad_fn=<SumBackward1>)
Size of covariance_matrix: torch.Size([1, 7, 7])
Size of covariance_matrix_prime: torch.Size([1, 7, 7])
cosineSimilarity tensor([[1.0000, 1.0000, 1.0000, 1.0000, 1.0000, 1.0000, 1.0000]],
       grad_fn=<SumBackward1>)
Size of covariance_matrix: torch.Size([1, 7, 7])
Size of covariance_matrix_prime: torch.Size([1, 7, 7])
cosineSimilarity tensor([[1.0000, 1.0000, 1.0000, 1.0000, 1.0000, 1.0000, 1.0000]],
       grad_fn=<SumBackward1>)
Size of covariance_matrix: torch.Size([1, 7, 7])
Size of covariance_matrix_prime: torch.Size([1, 7, 7])
cosineSimilarity tensor([[1.0000, 1.0000, 1.0000, 1.0000, 1.0000, 1.0000, 1.0000]],
       grad_fn=<SumBackward1>)
Size of covariance_matrix: torch.Size([1, 7, 7])
Size of covariance_matrix_prime: torch.Size([1, 7, 7])
cosineSimilarity tensor([[1.0000, 1.0000, 1.0000, 1.0000, 1.0000, 1.0000, 1.0000]],
       grad_fn=<SumBackward1>)
Size of covariance_matrix: torch.Size([1, 7, 7])
Size of covariance_matrix_prime: torch.Size([1, 7, 7])
cosineSimilarity tensor([[1.0000, 1.0000, 1.0000, 1.0000, 1.0000, 1.0000, 1.0000]],
       grad_fn=<SumBackward1>)
Size of covariance_matrix: torch.Size([1, 7, 7])
Size of covariance_matrix_prime: torch.Size([1, 7, 7])
cosineSimilarity tensor([[1.0000, 1.0000, 1.0000, 1.0000, 1.0000, 1.0000, 1.0000]],
       grad_fn=<SumBackward1>)
Size of covariance_matrix: torch.Size([1, 7, 7])
Size of covariance_matrix_prime: torch.Size([1, 7, 7])
cosineSimilarity tensor([[1.0000, 1.0000, 1.0000, 1.0000, 1.0000, 1.0000, 1.0000]],
       grad_fn=<SumBackward1>)
Size of covariance_matrix: torch.Size([1, 7, 7])
Size of covariance_matrix_prime: torch.Size([1, 7, 7])
cosineSimilarity tensor([[1.0000, 1.0000, 1.0000, 1.0000, 1.0000, 1.0000, 1.0000]],
       grad_fn=<SumBackward1>)
Size of covariance_matrix: torch.Size([1, 7, 7])
Size of covariance_matrix_prime: torch.Size([1, 7, 7])
cosineSimilarity tensor([[1.0000, 1.0000, 1.0000, 1.0000, 1.0000, 1.0000, 1.0000]],
       grad_fn=<SumBackward1>)
Size of covariance_matrix: torch.Size([1, 7, 7])
Size of covariance_matrix_prime: torch.Size([1, 7, 7])
cosineSimilarity tensor([[1.0000, 1.0000, 1.0000, 1.0000, 1.0000, 1.0000, 1.0000]],
       grad_fn=<SumBackward1>)
Size of covariance_matrix: torch.Size([1, 7, 7])
Size of covariance_matrix_prime: torch.Size([1, 7, 7])
cosineSimilarity tensor([[1.0000, 1.0000, 1.0000, 1.0000, 1.0000, 1.0000, 1.0000]],
       grad_fn=<SumBackward1>)
Size of covariance_matrix: torch.Size([1, 7, 7])
Size of covariance_matrix_prime: torch.Size([1, 7, 7])
cosineSimilarity tensor([[1.0000, 1.0000, 1.0000, 1.0000, 1.0000, 1.0000, 1.0000]],
       grad_fn=<SumBackward1>)
Size of covariance_matrix: torch.Size([1, 7, 7])
Size of covariance_matrix_prime: torch.Size([1, 7, 7])
cosineSimilarity tensor([[1.0000, 1.0000, 1.0000, 1.0000, 1.0000, 1.0000, 1.0000]],
       grad_fn=<SumBackward1>)
Size of covariance_matrix: torch.Size([1, 7, 7])
Size of covariance_matrix_prime: torch.Size([1, 7, 7])
cosineSimilarity tensor([[1.0000, 1.0000, 1.0000, 1.0000, 1.0000, 1.0000, 1.0000]],
       grad_fn=<SumBackward1>)
Size of covariance_matrix: torch.Size([1, 7, 7])
Size of covariance_matrix_prime: torch.Size([1, 7, 7])
cosineSimilarity tensor([[1.0000, 1.0000, 1.0000, 1.0000, 1.0000, 1.0000, 1.0000]],
       grad_fn=<SumBackward1>)
Size of covariance_matrix: torch.Size([1, 7, 7])
Size of covariance_matrix_prime: torch.Size([1, 7, 7])
cosineSimilarity tensor([[1.0000, 1.0000, 1.0000, 1.0000, 1.0000, 1.0000, 1.0000]],
       grad_fn=<SumBackward1>)
Size of covariance_matrix: torch.Size([1, 7, 7])
Size of covariance_matrix_prime: torch.Size([1, 7, 7])
cosineSimilarity tensor([[1.0000, 1.0000, 1.0000, 1.0000, 1.0000, 1.0000, 1.0000]],
       grad_fn=<SumBackward1>)
Size of covariance_matrix: torch.Size([1, 7, 7])
Size of covariance_matrix_prime: torch.Size([1, 7, 7])
cosineSimilarity tensor([[1.0000, 1.0000, 1.0000, 1.0000, 1.0000, 1.0000, 1.0000]],
       grad_fn=<SumBackward1>)
Size of covariance_matrix: torch.Size([1, 7, 7])
Size of covariance_matrix_prime: torch.Size([1, 7, 7])
cosineSimilarity tensor([[1.0000, 1.0000, 1.0000, 1.0000, 1.0000, 1.0000, 1.0000]],
       grad_fn=<SumBackward1>)
Size of covariance_matrix: torch.Size([1, 7, 7])
Size of covariance_matrix_prime: torch.Size([1, 7, 7])
cosineSimilarity tensor([[1.0000, 1.0000, 1.0000, 1.0000, 1.0000, 1.0000, 1.0000]],
       grad_fn=<SumBackward1>)
Size of covariance_matrix: torch.Size([1, 7, 7])
Size of covariance_matrix_prime: torch.Size([1, 7, 7])
cosineSimilarity tensor([[1.0000, 1.0000, 1.0000, 1.0000, 1.0000, 1.0000, 1.0000]],
       grad_fn=<SumBackward1>)
Size of covariance_matrix: torch.Size([1, 7, 7])
Size of covariance_matrix_prime: torch.Size([1, 7, 7])
cosineSimilarity tensor([[1.0000, 1.0000, 1.0000, 1.0000, 1.0000, 1.0000, 1.0000]],
       grad_fn=<SumBackward1>)
Size of covariance_matrix: torch.Size([1, 7, 7])
Size of covariance_matrix_prime: torch.Size([1, 7, 7])
cosineSimilarity tensor([[1.0000, 1.0000, 1.0000, 1.0000, 1.0000, 1.0000, 1.0000]],
       grad_fn=<SumBackward1>)
Size of covariance_matrix: torch.Size([1, 7, 7])
Size of covariance_matrix_prime: torch.Size([1, 7, 7])
cosineSimilarity tensor([[1.0000, 1.0000, 1.0000, 1.0000, 1.0000, 1.0000, 1.0000]],
       grad_fn=<SumBackward1>)
Size of covariance_matrix: torch.Size([1, 7, 7])
Size of covariance_matrix_prime: torch.Size([1, 7, 7])
cosineSimilarity tensor([[1.0000, 1.0000, 1.0000, 1.0000, 1.0000, 1.0000, 1.0000]],
       grad_fn=<SumBackward1>)
Size of covariance_matrix: torch.Size([1, 7, 7])
Size of covariance_matrix_prime: torch.Size([1, 7, 7])
cosineSimilarity tensor([[nan, nan, nan, nan, nan, nan, nan]], grad_fn=<SumBackward1>)
Size of covariance_matrix: torch.Size([1, 7, 7])
Size of covariance_matrix_prime: torch.Size([1, 7, 7])
cosineSimilarity tensor([[1.0000, 1.0000, 1.0000, 1.0000, 1.0000, 1.0000, 1.0000]],
       grad_fn=<SumBackward1>)
Size of covariance_matrix: torch.Size([1, 7, 7])
Size of covariance_matrix_prime: torch.Size([1, 7, 7])
cosineSimilarity tensor([[1.0000, 1.0000, 1.0000, 1.0000, 1.0000, 1.0000, 1.0000]],
       grad_fn=<SumBackward1>)
Size of covariance_matrix: torch.Size([1, 7, 7])
Size of covariance_matrix_prime: torch.Size([1, 7, 7])
cosineSimilarity tensor([[1.0000, 1.0000, 1.0000, 1.0000, 1.0000, 1.0000, 1.0000]],
       grad_fn=<SumBackward1>)
Size of covariance_matrix: torch.Size([1, 7, 7])
Size of covariance_matrix_prime: torch.Size([1, 7, 7])
cosineSimilarity tensor([[1.0000, 1.0000, 1.0000, 1.0000, 1.0000, 1.0000, 1.0000]],
       grad_fn=<SumBackward1>)
Size of covariance_matrix: torch.Size([1, 7, 7])
Size of covariance_matrix_prime: torch.Size([1, 7, 7])
cosineSimilarity tensor([[1.0000, 1.0000, 1.0000, 1.0000, 1.0000, 1.0000, 1.0000]],
       grad_fn=<SumBackward1>)
Size of covariance_matrix: torch.Size([1, 7, 7])
Size of covariance_matrix_prime: torch.Size([1, 7, 7])
cosineSimilarity tensor([[1.0000, 1.0000, 1.0000, 1.0000, 1.0000, 1.0000, 1.0000]],
       grad_fn=<SumBackward1>)
Size of covariance_matrix: torch.Size([1, 7, 7])
Size of covariance_matrix_prime: torch.Size([1, 7, 7])
cosineSimilarity tensor([[1.0000, 1.0000, 1.0000, 1.0000, 1.0000, 1.0000, 1.0000]],
       grad_fn=<SumBackward1>)
Size of covariance_matrix: torch.Size([1, 7, 7])
Size of covariance_matrix_prime: torch.Size([1, 7, 7])
cosineSimilarity tensor([[1.0000, 1.0000, 1.0000, 1.0000, 1.0000, 1.0000, 1.0000]],
       grad_fn=<SumBackward1>)
Size of covariance_matrix: torch.Size([1, 7, 7])
Size of covariance_matrix_prime: torch.Size([1, 7, 7])
cosineSimilarity tensor([[1.0000, 1.0000, 1.0000, 1.0000, 1.0000, 1.0000, 1.0000]],
       grad_fn=<SumBackward1>)
Size of covariance_matrix: torch.Size([1, 7, 7])
Size of covariance_matrix_prime: torch.Size([1, 7, 7])
cosineSimilarity tensor([[1.0000, 1.0000, 1.0000, 1.0000, 1.0000, 1.0000, 1.0000]],
       grad_fn=<SumBackward1>)
Size of covariance_matrix: torch.Size([1, 7, 7])
Size of covariance_matrix_prime: torch.Size([1, 7, 7])
cosineSimilarity tensor([[1.0000, 1.0000, 1.0000, 1.0000, 1.0000, 1.0000, 1.0000]],
       grad_fn=<SumBackward1>)
Size of covariance_matrix: torch.Size([1, 7, 7])
Size of covariance_matrix_prime: torch.Size([1, 7, 7])
cosineSimilarity tensor([[nan, nan, nan, nan, nan, nan, nan]], grad_fn=<SumBackward1>)
Size of covariance_matrix: torch.Size([1, 7, 7])
Size of covariance_matrix_prime: torch.Size([1, 7, 7])
cosineSimilarity tensor([[1.0000, 1.0000, 1.0000, 1.0000, 1.0000, 1.0000, 1.0000]],
       grad_fn=<SumBackward1>)
Size of covariance_matrix: torch.Size([1, 7, 7])
Size of covariance_matrix_prime: torch.Size([1, 7, 7])
cosineSimilarity tensor([[1.0000, 1.0000, 1.0000, 1.0000, 1.0000, 1.0000, 1.0000]],
       grad_fn=<SumBackward1>)
Size of covariance_matrix: torch.Size([1, 7, 7])
Size of covariance_matrix_prime: torch.Size([1, 7, 7])
cosineSimilarity tensor([[1.0000, 1.0000, 1.0000, 1.0000, 1.0000, 1.0000, 1.0000]],
       grad_fn=<SumBackward1>)
Size of covariance_matrix: torch.Size([1, 7, 7])
Size of covariance_matrix_prime: torch.Size([1, 7, 7])
cosineSimilarity tensor([[1.0000, 1.0000, 1.0000, 1.0000, 1.0000, 1.0000, 1.0000]],
       grad_fn=<SumBackward1>)
Size of covariance_matrix: torch.Size([1, 7, 7])
Size of covariance_matrix_prime: torch.Size([1, 7, 7])
cosineSimilarity tensor([[1.0000, 1.0000, 1.0000, 1.0000, 1.0000, 1.0000, 1.0000]],
       grad_fn=<SumBackward1>)
Size of covariance_matrix: torch.Size([1, 7, 7])
Size of covariance_matrix_prime: torch.Size([1, 7, 7])
cosineSimilarity tensor([[1.0000, 1.0000, 1.0000, 1.0000, 1.0000, 1.0000, 1.0000]],
       grad_fn=<SumBackward1>)
Size of covariance_matrix: torch.Size([1, 7, 7])
Size of covariance_matrix_prime: torch.Size([1, 7, 7])
cosineSimilarity tensor([[1.0000, 1.0000, 1.0000, 1.0000, 1.0000, 1.0000, 1.0000]],
       grad_fn=<SumBackward1>)
Size of covariance_matrix: torch.Size([1, 7, 7])
Size of covariance_matrix_prime: torch.Size([1, 7, 7])
cosineSimilarity tensor([[1.0000, 1.0000, 1.0000, 1.0000, 1.0000, 1.0000, 1.0000]],
       grad_fn=<SumBackward1>)
Size of covariance_matrix: torch.Size([1, 7, 7])
Size of covariance_matrix_prime: torch.Size([1, 7, 7])
cosineSimilarity tensor([[1.0000, 1.0000, 1.0000, 1.0000, 1.0000, 1.0000, 1.0000]],
       grad_fn=<SumBackward1>)
Size of covariance_matrix: torch.Size([1, 7, 7])
Size of covariance_matrix_prime: torch.Size([1, 7, 7])
cosineSimilarity tensor([[1.0000, 1.0000, 1.0000, 1.0000, 1.0000, 1.0000, 1.0000]],
       grad_fn=<SumBackward1>)
Size of covariance_matrix: torch.Size([1, 7, 7])
Size of covariance_matrix_prime: torch.Size([1, 7, 7])
cosineSimilarity tensor([[1.0000, 1.0000, 1.0000, 1.0000, 1.0000, 1.0000, 1.0000]],
       grad_fn=<SumBackward1>)
Size of covariance_matrix: torch.Size([1, 7, 7])
Size of covariance_matrix_prime: torch.Size([1, 7, 7])
cosineSimilarity tensor([[1.0000, 1.0000, 1.0000, 1.0000, 1.0000, 1.0000, 1.0000]],
       grad_fn=<SumBackward1>)
Size of covariance_matrix: torch.Size([1, 7, 7])
Size of covariance_matrix_prime: torch.Size([1, 7, 7])
cosineSimilarity tensor([[1.0000, 1.0000, 1.0000, 1.0000, 1.0000, 1.0000, 1.0000]],
       grad_fn=<SumBackward1>)
Size of covariance_matrix: torch.Size([1, 7, 7])
Size of covariance_matrix_prime: torch.Size([1, 7, 7])
cosineSimilarity tensor([[1.0000, 1.0000, 1.0000, 1.0000, 1.0000, 1.0000, 1.0000]],
       grad_fn=<SumBackward1>)
Size of covariance_matrix: torch.Size([1, 7, 7])
Size of covariance_matrix_prime: torch.Size([1, 7, 7])
cosineSimilarity tensor([[1.0000, 1.0000, 1.0000, 1.0000, 1.0000, 1.0000, 1.0000]],
       grad_fn=<SumBackward1>)
Size of covariance_matrix: torch.Size([1, 7, 7])
Size of covariance_matrix_prime: torch.Size([1, 7, 7])
cosineSimilarity tensor([[1.0000, 1.0000, 1.0000, 1.0000, 1.0000, 1.0000, 1.0000]],
       grad_fn=<SumBackward1>)
Size of covariance_matrix: torch.Size([1, 7, 7])
Size of covariance_matrix_prime: torch.Size([1, 7, 7])
cosineSimilarity tensor([[1.0000, 1.0000, 1.0000, 1.0000, 1.0000, 1.0000, 1.0000]],
       grad_fn=<SumBackward1>)
Size of covariance_matrix: torch.Size([1, 7, 7])
Size of covariance_matrix_prime: torch.Size([1, 7, 7])
cosineSimilarity tensor([[1.0000, 1.0000, 1.0000, 1.0000, 1.0000, 1.0000, 1.0000]],
       grad_fn=<SumBackward1>)
Size of covariance_matrix: torch.Size([1, 7, 7])
Size of covariance_matrix_prime: torch.Size([1, 7, 7])
cosineSimilarity tensor([[1.0000, 1.0000, 1.0000, 1.0000, 1.0000, 1.0000, 1.0000]],
       grad_fn=<SumBackward1>)
Size of covariance_matrix: torch.Size([1, 7, 7])
Size of covariance_matrix_prime: torch.Size([1, 7, 7])
cosineSimilarity tensor([[1.0000, 1.0000, 1.0000, 1.0000, 1.0000, 1.0000, 1.0000]],
       grad_fn=<SumBackward1>)
Size of covariance_matrix: torch.Size([1, 7, 7])
Size of covariance_matrix_prime: torch.Size([1, 7, 7])
cosineSimilarity tensor([[1.0000, 1.0000, 1.0000, 1.0000, 1.0000, 1.0000, 1.0000]],
       grad_fn=<SumBackward1>)
Size of covariance_matrix: torch.Size([1, 7, 7])
Size of covariance_matrix_prime: torch.Size([1, 7, 7])
cosineSimilarity tensor([[1.0000, 1.0000, 1.0000, 1.0000, 1.0000, 1.0000, 1.0000]],
       grad_fn=<SumBackward1>)
Size of covariance_matrix: torch.Size([1, 7, 7])
Size of covariance_matrix_prime: torch.Size([1, 7, 7])
cosineSimilarity tensor([[1.0000, 1.0000, 1.0000, 1.0000, 1.0000, 1.0000, 1.0000]],
       grad_fn=<SumBackward1>)
Size of covariance_matrix: torch.Size([1, 7, 7])
Size of covariance_matrix_prime: torch.Size([1, 7, 7])
cosineSimilarity tensor([[1.0000, 1.0000, 1.0000, 1.0000, 1.0000, 1.0000, 1.0000]],
       grad_fn=<SumBackward1>)
Size of covariance_matrix: torch.Size([1, 7, 7])
Size of covariance_matrix_prime: torch.Size([1, 7, 7])
cosineSimilarity tensor([[1.0000, 1.0000, 1.0000, 1.0000, 1.0000, 1.0000, 1.0000]],
       grad_fn=<SumBackward1>)
Size of covariance_matrix: torch.Size([1, 7, 7])
Size of covariance_matrix_prime: torch.Size([1, 7, 7])
cosineSimilarity tensor([[1.0000, 1.0000, 1.0000, 1.0000, 1.0000, 1.0000, 1.0000]],
       grad_fn=<SumBackward1>)
Size of covariance_matrix: torch.Size([1, 7, 7])
Size of covariance_matrix_prime: torch.Size([1, 7, 7])
cosineSimilarity tensor([[1.0000, 1.0000, 1.0000, 1.0000, 1.0000, 1.0000, 1.0000]],
       grad_fn=<SumBackward1>)
Size of covariance_matrix: torch.Size([1, 7, 7])
Size of covariance_matrix_prime: torch.Size([1, 7, 7])
cosineSimilarity tensor([[1.0000, 1.0000, 1.0000, 1.0000, 1.0000, 1.0000, 1.0000]],
       grad_fn=<SumBackward1>)
Size of covariance_matrix: torch.Size([1, 7, 7])
Size of covariance_matrix_prime: torch.Size([1, 7, 7])
cosineSimilarity tensor([[1.0000, 1.0000, 1.0000, 1.0000, 1.0000, 1.0000, 1.0000]],
       grad_fn=<SumBackward1>)
Size of covariance_matrix: torch.Size([1, 7, 7])
Size of covariance_matrix_prime: torch.Size([1, 7, 7])
cosineSimilarity tensor([[1.0000, 1.0000, 1.0000, 1.0000, 1.0000, 1.0000, 1.0000]],
       grad_fn=<SumBackward1>)
Size of covariance_matrix: torch.Size([1, 7, 7])
Size of covariance_matrix_prime: torch.Size([1, 7, 7])
cosineSimilarity tensor([[1.0000, 1.0000, 1.0000, 1.0000, 1.0000, 1.0000, 1.0000]],
       grad_fn=<SumBackward1>)
Size of covariance_matrix: torch.Size([1, 7, 7])
Size of covariance_matrix_prime: torch.Size([1, 7, 7])
cosineSimilarity tensor([[1.0000, 1.0000, 1.0000, 1.0000, 1.0000, 1.0000, 1.0000]],
       grad_fn=<SumBackward1>)
Size of covariance_matrix: torch.Size([1, 7, 7])
Size of covariance_matrix_prime: torch.Size([1, 7, 7])
cosineSimilarity tensor([[1.0000, 1.0000, 1.0000, 1.0000, 1.0000, 1.0000, 1.0000]],
       grad_fn=<SumBackward1>)
Size of covariance_matrix: torch.Size([1, 7, 7])
Size of covariance_matrix_prime: torch.Size([1, 7, 7])
cosineSimilarity tensor([[1.0000, 1.0000, 1.0000, 1.0000, 1.0000, 1.0000, 1.0000]],
       grad_fn=<SumBackward1>)
Size of covariance_matrix: torch.Size([1, 7, 7])
Size of covariance_matrix_prime: torch.Size([1, 7, 7])
cosineSimilarity tensor([[1.0000, 1.0000, 1.0000, 1.0000, 1.0000, 1.0000, 1.0000]],
       grad_fn=<SumBackward1>)
Size of covariance_matrix: torch.Size([1, 7, 7])
Size of covariance_matrix_prime: torch.Size([1, 7, 7])
cosineSimilarity tensor([[1.0000, 1.0000, 1.0000, 1.0000, 1.0000, 1.0000, 1.0000]],
       grad_fn=<SumBackward1>)
Size of covariance_matrix: torch.Size([1, 7, 7])
Size of covariance_matrix_prime: torch.Size([1, 7, 7])
cosineSimilarity tensor([[1.0000, 1.0000, 1.0000, 1.0000, 1.0000, 1.0000, 1.0000]],
       grad_fn=<SumBackward1>)
Size of covariance_matrix: torch.Size([1, 7, 7])
Size of covariance_matrix_prime: torch.Size([1, 7, 7])
cosineSimilarity tensor([[1.0000, 1.0000, 1.0000, 1.0000, 1.0000, 1.0000, 1.0000]],
       grad_fn=<SumBackward1>)
Size of covariance_matrix: torch.Size([1, 7, 7])
Size of covariance_matrix_prime: torch.Size([1, 7, 7])
cosineSimilarity tensor([[1.0000, 1.0000, 1.0000, 1.0000, 1.0000, 1.0000, 1.0000]],
       grad_fn=<SumBackward1>)
Size of covariance_matrix: torch.Size([1, 7, 7])
Size of covariance_matrix_prime: torch.Size([1, 7, 7])
cosineSimilarity tensor([[1.0000, 1.0000, 1.0000, 1.0000, 1.0000, 1.0000, 1.0000]],
       grad_fn=<SumBackward1>)
Size of covariance_matrix: torch.Size([1, 7, 7])
Size of covariance_matrix_prime: torch.Size([1, 7, 7])
cosineSimilarity tensor([[1.0000, 1.0000, 1.0000, 1.0000, 1.0000, 1.0000, 1.0000]],
       grad_fn=<SumBackward1>)
Size of covariance_matrix: torch.Size([1, 7, 7])
Size of covariance_matrix_prime: torch.Size([1, 7, 7])
cosineSimilarity tensor([[1.0000, 1.0000, 1.0000, 1.0000, 1.0000, 1.0000, 1.0000]],
       grad_fn=<SumBackward1>)
Size of covariance_matrix: torch.Size([1, 7, 7])
Size of covariance_matrix_prime: torch.Size([1, 7, 7])
cosineSimilarity tensor([[1.0000, 1.0000, 1.0000, 1.0000, 1.0000, 1.0000, 1.0000]],
       grad_fn=<SumBackward1>)
Size of covariance_matrix: torch.Size([1, 7, 7])
Size of covariance_matrix_prime: torch.Size([1, 7, 7])
cosineSimilarity tensor([[1.0000, 1.0000, 1.0000, 1.0000, 1.0000, 1.0000, 1.0000]],
       grad_fn=<SumBackward1>)
Size of covariance_matrix: torch.Size([1, 7, 7])
Size of covariance_matrix_prime: torch.Size([1, 7, 7])
cosineSimilarity tensor([[1.0000, 1.0000, 1.0000, 1.0000, 1.0000, 1.0000, 1.0000]],
       grad_fn=<SumBackward1>)
Size of covariance_matrix: torch.Size([1, 7, 7])
Size of covariance_matrix_prime: torch.Size([1, 7, 7])
cosineSimilarity tensor([[1.0000, 1.0000, 1.0000, 1.0000, 1.0000, 1.0000, 1.0000]],
       grad_fn=<SumBackward1>)
Size of covariance_matrix: torch.Size([1, 7, 7])
Size of covariance_matrix_prime: torch.Size([1, 7, 7])
cosineSimilarity tensor([[1.0000, 1.0000, 1.0000, 1.0000, 1.0000, 1.0000, 1.0000]],
       grad_fn=<SumBackward1>)
Size of covariance_matrix: torch.Size([1, 7, 7])
Size of covariance_matrix_prime: torch.Size([1, 7, 7])
cosineSimilarity tensor([[1.0000, 1.0000, 1.0000, 1.0000, 1.0000, 1.0000, 1.0000]],
       grad_fn=<SumBackward1>)
Size of covariance_matrix: torch.Size([1, 7, 7])
Size of covariance_matrix_prime: torch.Size([1, 7, 7])
cosineSimilarity tensor([[1.0000, 1.0000, 1.0000, 1.0000, 1.0000, 1.0000, 1.0000]],
       grad_fn=<SumBackward1>)
Size of covariance_matrix: torch.Size([1, 7, 7])
Size of covariance_matrix_prime: torch.Size([1, 7, 7])
cosineSimilarity tensor([[1.0000, 1.0000, 1.0000, 1.0000, 1.0000, 1.0000, 1.0000]],
       grad_fn=<SumBackward1>)
Size of covariance_matrix: torch.Size([1, 7, 7])
Size of covariance_matrix_prime: torch.Size([1, 7, 7])
cosineSimilarity tensor([[1.0000, 1.0000, 1.0000, 1.0000, 1.0000, 1.0000, 1.0000]],
       grad_fn=<SumBackward1>)
Size of covariance_matrix: torch.Size([1, 7, 7])
Size of covariance_matrix_prime: torch.Size([1, 7, 7])
cosineSimilarity tensor([[1.0000, 1.0000, 1.0000, 1.0000, 1.0000, 1.0000, 1.0000]],
       grad_fn=<SumBackward1>)
Size of covariance_matrix: torch.Size([1, 7, 7])
Size of covariance_matrix_prime: torch.Size([1, 7, 7])
cosineSimilarity tensor([[1.0000, 1.0000, 1.0000, 1.0000, 1.0000, 1.0000, 1.0000]],
       grad_fn=<SumBackward1>)
Size of covariance_matrix: torch.Size([1, 7, 7])
Size of covariance_matrix_prime: torch.Size([1, 7, 7])
cosineSimilarity tensor([[1.0000, 1.0000, 1.0000, 1.0000, 1.0000, 1.0000, 1.0000]],
       grad_fn=<SumBackward1>)
Size of covariance_matrix: torch.Size([1, 7, 7])
Size of covariance_matrix_prime: torch.Size([1, 7, 7])
cosineSimilarity tensor([[1.0000, 1.0000, 1.0000, 1.0000, 1.0000, 1.0000, 1.0000]],
       grad_fn=<SumBackward1>)
Size of covariance_matrix: torch.Size([1, 7, 7])
Size of covariance_matrix_prime: torch.Size([1, 7, 7])
cosineSimilarity tensor([[1.0000, 1.0000, 1.0000, 1.0000, 1.0000, 1.0000, 1.0000]],
       grad_fn=<SumBackward1>)
Size of covariance_matrix: torch.Size([1, 7, 7])
Size of covariance_matrix_prime: torch.Size([1, 7, 7])
cosineSimilarity tensor([[1.0000, 1.0000, 1.0000, 1.0000, 1.0000, 1.0000, 1.0000]],
       grad_fn=<SumBackward1>)
Size of covariance_matrix: torch.Size([1, 7, 7])
Size of covariance_matrix_prime: torch.Size([1, 7, 7])
cosineSimilarity tensor([[1.0000, 1.0000, 1.0000, 1.0000, 1.0000, 1.0000, 1.0000]],
       grad_fn=<SumBackward1>)
Size of covariance_matrix: torch.Size([1, 7, 7])
Size of covariance_matrix_prime: torch.Size([1, 7, 7])
cosineSimilarity tensor([[1.0000, 1.0000, 1.0000, 1.0000, 1.0000, 1.0000, 1.0000]],
       grad_fn=<SumBackward1>)
Size of covariance_matrix: torch.Size([1, 7, 7])
Size of covariance_matrix_prime: torch.Size([1, 7, 7])
cosineSimilarity tensor([[1.0000, 1.0000, 1.0000, 1.0000, 1.0000, 1.0000, 1.0000]],
       grad_fn=<SumBackward1>)
Size of covariance_matrix: torch.Size([1, 7, 7])
Size of covariance_matrix_prime: torch.Size([1, 7, 7])
cosineSimilarity tensor([[1.0000, 1.0000, 1.0000, 1.0000, 1.0000, 1.0000, 1.0000]],
       grad_fn=<SumBackward1>)
Size of covariance_matrix: torch.Size([1, 7, 7])
Size of covariance_matrix_prime: torch.Size([1, 7, 7])
cosineSimilarity tensor([[1.0000, 1.0000, 1.0000, 1.0000, 1.0000, 1.0000, 1.0000]],
       grad_fn=<SumBackward1>)
Size of covariance_matrix: torch.Size([1, 7, 7])
Size of covariance_matrix_prime: torch.Size([1, 7, 7])
cosineSimilarity tensor([[1.0000, 1.0000, 1.0000, 1.0000, 1.0000, 1.0000, 1.0000]],
       grad_fn=<SumBackward1>)
Size of covariance_matrix: torch.Size([1, 7, 7])
Size of covariance_matrix_prime: torch.Size([1, 7, 7])
cosineSimilarity tensor([[1.0000, 1.0000, 1.0000, 1.0000, 1.0000, 1.0000, 1.0000]],
       grad_fn=<SumBackward1>)
Size of covariance_matrix: torch.Size([1, 7, 7])
Size of covariance_matrix_prime: torch.Size([1, 7, 7])
cosineSimilarity tensor([[1.0000, 1.0000, 1.0000, 1.0000, 1.0000, 1.0000, 1.0000]],
       grad_fn=<SumBackward1>)
Size of covariance_matrix: torch.Size([1, 7, 7])
Size of covariance_matrix_prime: torch.Size([1, 7, 7])
cosineSimilarity tensor([[1.0000, 1.0000, 1.0000, 1.0000, 1.0000, 1.0000, 1.0000]],
       grad_fn=<SumBackward1>)
Size of covariance_matrix: torch.Size([1, 7, 7])
Size of covariance_matrix_prime: torch.Size([1, 7, 7])
cosineSimilarity tensor([[1.0000, 1.0000, 1.0000, 1.0000, 1.0000, 1.0000, 1.0000]],
       grad_fn=<SumBackward1>)
Size of covariance_matrix: torch.Size([1, 7, 7])
Size of covariance_matrix_prime: torch.Size([1, 7, 7])
cosineSimilarity tensor([[1.0000, 1.0000, 1.0000, 1.0000, 1.0000, 1.0000, 1.0000]],
       grad_fn=<SumBackward1>)
Size of covariance_matrix: torch.Size([1, 7, 7])
Size of covariance_matrix_prime: torch.Size([1, 7, 7])
cosineSimilarity tensor([[1.0000, 1.0000, 1.0000, 1.0000, 1.0000, 1.0000, 1.0000]],
       grad_fn=<SumBackward1>)
Size of covariance_matrix: torch.Size([1, 7, 7])
Size of covariance_matrix_prime: torch.Size([1, 7, 7])
cosineSimilarity tensor([[1.0000, 1.0000, 1.0000, 1.0000, 1.0000, 1.0000, 1.0000]],
       grad_fn=<SumBackward1>)
Size of covariance_matrix: torch.Size([1, 7, 7])
Size of covariance_matrix_prime: torch.Size([1, 7, 7])
cosineSimilarity tensor([[1.0000, 1.0000, 1.0000, 1.0000, 1.0000, 1.0000, 1.0000]],
       grad_fn=<SumBackward1>)
Size of covariance_matrix: torch.Size([1, 7, 7])
Size of covariance_matrix_prime: torch.Size([1, 7, 7])
cosineSimilarity tensor([[1.0000, 1.0000, 1.0000, 1.0000, 1.0000, 1.0000, 1.0000]],
       grad_fn=<SumBackward1>)
Size of covariance_matrix: torch.Size([1, 7, 7])
Size of covariance_matrix_prime: torch.Size([1, 7, 7])
cosineSimilarity tensor([[1.0000, 1.0000, 1.0000, 1.0000, 1.0000, 1.0000, 1.0000]],
       grad_fn=<SumBackward1>)
Size of covariance_matrix: torch.Size([1, 7, 7])
Size of covariance_matrix_prime: torch.Size([1, 7, 7])
cosineSimilarity tensor([[1.0000, 1.0000, 1.0000, 1.0000, 1.0000, 1.0000, 1.0000]],
       grad_fn=<SumBackward1>)
Size of covariance_matrix: torch.Size([1, 7, 7])
Size of covariance_matrix_prime: torch.Size([1, 7, 7])
cosineSimilarity tensor([[1.0000, 1.0000, 1.0000, 1.0000, 1.0000, 1.0000, 1.0000]],
       grad_fn=<SumBackward1>)
Size of covariance_matrix: torch.Size([1, 7, 7])
Size of covariance_matrix_prime: torch.Size([1, 7, 7])
cosineSimilarity tensor([[1.0000, 1.0000, 1.0000, 1.0000, 1.0000, 1.0000, 1.0000]],
       grad_fn=<SumBackward1>)
Size of covariance_matrix: torch.Size([1, 7, 7])
Size of covariance_matrix_prime: torch.Size([1, 7, 7])
cosineSimilarity tensor([[1.0000, 1.0000, 1.0000, 1.0000, 1.0000, 1.0000, 1.0000]],
       grad_fn=<SumBackward1>)
Size of covariance_matrix: torch.Size([1, 7, 7])
Size of covariance_matrix_prime: torch.Size([1, 7, 7])
cosineSimilarity tensor([[1.0000, 1.0000, 1.0000, 1.0000, 1.0000, 1.0000, 1.0000]],
       grad_fn=<SumBackward1>)
Size of covariance_matrix: torch.Size([1, 7, 7])
Size of covariance_matrix_prime: torch.Size([1, 7, 7])
cosineSimilarity tensor([[1.0000, 1.0000, 1.0000, 1.0000, 1.0000, 1.0000, 1.0000]],
       grad_fn=<SumBackward1>)
Size of covariance_matrix: torch.Size([1, 7, 7])
Size of covariance_matrix_prime: torch.Size([1, 7, 7])
cosineSimilarity tensor([[1.0000, 1.0000, 1.0000, 1.0000, 1.0000, 1.0000, 1.0000]],
       grad_fn=<SumBackward1>)
Size of covariance_matrix: torch.Size([1, 7, 7])
Size of covariance_matrix_prime: torch.Size([1, 7, 7])
cosineSimilarity tensor([[1.0000, 1.0000, 1.0000, 1.0000, 1.0000, 1.0000, 1.0000]],
       grad_fn=<SumBackward1>)
Size of covariance_matrix: torch.Size([1, 7, 7])
Size of covariance_matrix_prime: torch.Size([1, 7, 7])
cosineSimilarity tensor([[1.0000, 1.0000, 1.0000, 1.0000, 1.0000, 1.0000, 1.0000]],
       grad_fn=<SumBackward1>)
Size of covariance_matrix: torch.Size([1, 7, 7])
Size of covariance_matrix_prime: torch.Size([1, 7, 7])
cosineSimilarity tensor([[1.0000, 1.0000, 1.0000, 1.0000, 1.0000, 1.0000, 1.0000]],
       grad_fn=<SumBackward1>)
Size of covariance_matrix: torch.Size([1, 7, 7])
Size of covariance_matrix_prime: torch.Size([1, 7, 7])
cosineSimilarity tensor([[1.0000, 1.0000, 1.0000, 1.0000, 1.0000, 1.0000, 1.0000]],
       grad_fn=<SumBackward1>)
Size of covariance_matrix: torch.Size([1, 7, 7])
Size of covariance_matrix_prime: torch.Size([1, 7, 7])
cosineSimilarity tensor([[1.0000, 1.0000, 1.0000, 1.0000, 1.0000, 1.0000, 1.0000]],
       grad_fn=<SumBackward1>)
Size of covariance_matrix: torch.Size([1, 7, 7])
Size of covariance_matrix_prime: torch.Size([1, 7, 7])
cosineSimilarity tensor([[1.0000, 1.0000, 1.0000, 1.0000, 1.0000, 1.0000, 1.0000]],
       grad_fn=<SumBackward1>)
Size of covariance_matrix: torch.Size([1, 7, 7])
Size of covariance_matrix_prime: torch.Size([1, 7, 7])
cosineSimilarity tensor([[1.0000, 1.0000, 1.0000, 1.0000, 1.0000, 1.0000, 1.0000]],
       grad_fn=<SumBackward1>)
Size of covariance_matrix: torch.Size([1, 7, 7])
Size of covariance_matrix_prime: torch.Size([1, 7, 7])
cosineSimilarity tensor([[1.0000, 1.0000, 1.0000, 1.0000, 1.0000, 1.0000, 1.0000]],
       grad_fn=<SumBackward1>)
Size of covariance_matrix: torch.Size([1, 7, 7])
Size of covariance_matrix_prime: torch.Size([1, 7, 7])
cosineSimilarity tensor([[1.0000, 1.0000, 1.0000, 1.0000, 1.0000, 1.0000, 1.0000]],
       grad_fn=<SumBackward1>)
Size of covariance_matrix: torch.Size([1, 7, 7])
Size of covariance_matrix_prime: torch.Size([1, 7, 7])
cosineSimilarity tensor([[1.0000, 1.0000, 1.0000, 1.0000, 1.0000, 1.0000, 1.0000]],
       grad_fn=<SumBackward1>)
Size of covariance_matrix: torch.Size([1, 7, 7])
Size of covariance_matrix_prime: torch.Size([1, 7, 7])
cosineSimilarity tensor([[1.0000, 1.0000, 1.0000, 1.0000, 1.0000, 1.0000, 1.0000]],
       grad_fn=<SumBackward1>)
Size of covariance_matrix: torch.Size([1, 7, 7])
Size of covariance_matrix_prime: torch.Size([1, 7, 7])
cosineSimilarity tensor([[1.0000, 1.0000, 1.0000, 1.0000, 1.0000, 1.0000, 1.0000]],
       grad_fn=<SumBackward1>)
Size of covariance_matrix: torch.Size([1, 7, 7])
Size of covariance_matrix_prime: torch.Size([1, 7, 7])
cosineSimilarity tensor([[1.0000, 1.0000, 1.0000, 1.0000, 1.0000, 1.0000, 1.0000]],
       grad_fn=<SumBackward1>)
Size of covariance_matrix: torch.Size([1, 7, 7])
Size of covariance_matrix_prime: torch.Size([1, 7, 7])
cosineSimilarity tensor([[1.0000, 1.0000, 1.0000, 1.0000, 1.0000, 1.0000, 1.0000]],
       grad_fn=<SumBackward1>)
Size of covariance_matrix: torch.Size([1, 7, 7])
Size of covariance_matrix_prime: torch.Size([1, 7, 7])
cosineSimilarity tensor([[1.0000, 1.0000, 1.0000, 1.0000, 1.0000, 1.0000, 1.0000]],
       grad_fn=<SumBackward1>)
Size of covariance_matrix: torch.Size([1, 7, 7])
Size of covariance_matrix_prime: torch.Size([1, 7, 7])
cosineSimilarity tensor([[nan, nan, nan, nan, nan, nan, nan]], grad_fn=<SumBackward1>)
Size of covariance_matrix: torch.Size([1, 7, 7])
Size of covariance_matrix_prime: torch.Size([1, 7, 7])
cosineSimilarity tensor([[1.0000, 1.0000, 1.0000, 1.0000, 1.0000, 1.0000, 1.0000]],
       grad_fn=<SumBackward1>)
Size of covariance_matrix: torch.Size([1, 7, 7])
Size of covariance_matrix_prime: torch.Size([1, 7, 7])
cosineSimilarity tensor([[1.0000, 1.0000, 1.0000, 1.0000, 1.0000, 1.0000, 1.0000]],
       grad_fn=<SumBackward1>)
Size of covariance_matrix: torch.Size([1, 7, 7])
Size of covariance_matrix_prime: torch.Size([1, 7, 7])
cosineSimilarity tensor([[1.0000, 1.0000, 1.0000, 1.0000, 1.0000, 1.0000, 1.0000]],
       grad_fn=<SumBackward1>)
Size of covariance_matrix: torch.Size([1, 7, 7])
Size of covariance_matrix_prime: torch.Size([1, 7, 7])
cosineSimilarity tensor([[1.0000, 1.0000, 1.0000, 1.0000, 1.0000, 1.0000, 1.0000]],
       grad_fn=<SumBackward1>)
Size of covariance_matrix: torch.Size([1, 7, 7])
Size of covariance_matrix_prime: torch.Size([1, 7, 7])
cosineSimilarity tensor([[1.0000, 1.0000, 1.0000, 1.0000, 1.0000, 1.0000, 1.0000]],
       grad_fn=<SumBackward1>)
Size of covariance_matrix: torch.Size([1, 7, 7])
Size of covariance_matrix_prime: torch.Size([1, 7, 7])
cosineSimilarity tensor([[1.0000, 1.0000, 1.0000, 1.0000, 1.0000, 1.0000, 1.0000]],
       grad_fn=<SumBackward1>)
Size of covariance_matrix: torch.Size([1, 7, 7])
Size of covariance_matrix_prime: torch.Size([1, 7, 7])
cosineSimilarity tensor([[1.0000, 1.0000, 1.0000, 1.0000, 1.0000, 1.0000, 1.0000]],
       grad_fn=<SumBackward1>)
Size of covariance_matrix: torch.Size([1, 7, 7])
Size of covariance_matrix_prime: torch.Size([1, 7, 7])
cosineSimilarity tensor([[1.0000, 1.0000, 1.0000, 1.0000, 1.0000, 1.0000, 1.0000]],
       grad_fn=<SumBackward1>)
Size of covariance_matrix: torch.Size([1, 7, 7])
Size of covariance_matrix_prime: torch.Size([1, 7, 7])
cosineSimilarity tensor([[1.0000, 1.0000, 1.0000, 1.0000, 1.0000, 1.0000, 1.0000]],
       grad_fn=<SumBackward1>)
Size of covariance_matrix: torch.Size([1, 7, 7])
Size of covariance_matrix_prime: torch.Size([1, 7, 7])
cosineSimilarity tensor([[1.0000, 1.0000, 1.0000, 1.0000, 1.0000, 1.0000, 1.0000]],
       grad_fn=<SumBackward1>)
Size of covariance_matrix: torch.Size([1, 7, 7])
Size of covariance_matrix_prime: torch.Size([1, 7, 7])
cosineSimilarity tensor([[1.0000, 1.0000, 1.0000, 1.0000, 1.0000, 1.0000, 1.0000]],
       grad_fn=<SumBackward1>)
Size of covariance_matrix: torch.Size([1, 7, 7])
Size of covariance_matrix_prime: torch.Size([1, 7, 7])
cosineSimilarity tensor([[1.0000, 1.0000, 1.0000, 1.0000, 1.0000, 1.0000, 1.0000]],
       grad_fn=<SumBackward1>)
Size of covariance_matrix: torch.Size([1, 7, 7])
Size of covariance_matrix_prime: torch.Size([1, 7, 7])
cosineSimilarity tensor([[nan, nan, nan, nan, nan, nan, nan]], grad_fn=<SumBackward1>)
Size of covariance_matrix: torch.Size([1, 7, 7])
Size of covariance_matrix_prime: torch.Size([1, 7, 7])
cosineSimilarity tensor([[1.0000, 1.0000, 1.0000, 1.0000, 1.0000, 1.0000, 1.0000]],
       grad_fn=<SumBackward1>)
Size of covariance_matrix: torch.Size([1, 7, 7])
Size of covariance_matrix_prime: torch.Size([1, 7, 7])
cosineSimilarity tensor([[1.0000, 1.0000, 1.0000, 1.0000, 1.0000, 1.0000, 1.0000]],
       grad_fn=<SumBackward1>)
Size of covariance_matrix: torch.Size([1, 7, 7])
Size of covariance_matrix_prime: torch.Size([1, 7, 7])
cosineSimilarity tensor([[1.0000, 1.0000, 1.0000, 1.0000, 1.0000, 1.0000, 1.0000]],
       grad_fn=<SumBackward1>)
Size of covariance_matrix: torch.Size([1, 7, 7])
Size of covariance_matrix_prime: torch.Size([1, 7, 7])
cosineSimilarity tensor([[1.0000, 1.0000, 1.0000, 1.0000, 1.0000, 1.0000, 1.0000]],
       grad_fn=<SumBackward1>)
Size of covariance_matrix: torch.Size([1, 7, 7])
Size of covariance_matrix_prime: torch.Size([1, 7, 7])
cosineSimilarity tensor([[1.0000, 1.0000, 1.0000, 1.0000, 1.0000, 1.0000, 1.0000]],
       grad_fn=<SumBackward1>)
Size of covariance_matrix: torch.Size([1, 7, 7])
Size of covariance_matrix_prime: torch.Size([1, 7, 7])
cosineSimilarity tensor([[1.0000, 1.0000, 1.0000, 1.0000, 1.0000, 1.0000, 1.0000]],
       grad_fn=<SumBackward1>)
Size of covariance_matrix: torch.Size([1, 7, 7])
Size of covariance_matrix_prime: torch.Size([1, 7, 7])
cosineSimilarity tensor([[1.0000, 1.0000, 1.0000, 1.0000, 1.0000, 1.0000, 1.0000]],
       grad_fn=<SumBackward1>)
Size of covariance_matrix: torch.Size([1, 7, 7])
Size of covariance_matrix_prime: torch.Size([1, 7, 7])
cosineSimilarity tensor([[1.0000, 1.0000, 1.0000, 1.0000, 1.0000, 1.0000, 1.0000]],
       grad_fn=<SumBackward1>)
Size of covariance_matrix: torch.Size([1, 7, 7])
Size of covariance_matrix_prime: torch.Size([1, 7, 7])
cosineSimilarity tensor([[1.0000, 1.0000, 1.0000, 1.0000, 1.0000, 1.0000, 1.0000]],
       grad_fn=<SumBackward1>)
Size of covariance_matrix: torch.Size([1, 7, 7])
Size of covariance_matrix_prime: torch.Size([1, 7, 7])
cosineSimilarity tensor([[1.0000, 1.0000, 1.0000, 1.0000, 1.0000, 1.0000, 1.0000]],
       grad_fn=<SumBackward1>)
Size of covariance_matrix: torch.Size([1, 7, 7])
Size of covariance_matrix_prime: torch.Size([1, 7, 7])
cosineSimilarity tensor([[1.0000, 1.0000, 1.0000, 1.0000, 1.0000, 1.0000, 1.0000]],
       grad_fn=<SumBackward1>)
Size of covariance_matrix: torch.Size([1, 7, 7])
Size of covariance_matrix_prime: torch.Size([1, 7, 7])
cosineSimilarity tensor([[1.0000, 1.0000, 1.0000, 1.0000, 1.0000, 1.0000, 1.0000]],
       grad_fn=<SumBackward1>)
Size of covariance_matrix: torch.Size([1, 7, 7])
Size of covariance_matrix_prime: torch.Size([1, 7, 7])
cosineSimilarity tensor([[1.0000, 1.0000, 1.0000, 1.0000, 1.0000, 1.0000, 1.0000]],
       grad_fn=<SumBackward1>)
Size of covariance_matrix: torch.Size([1, 7, 7])
Size of covariance_matrix_prime: torch.Size([1, 7, 7])
cosineSimilarity tensor([[1.0000, 1.0000, 1.0000, 1.0000, 1.0000, 1.0000, 1.0000]],
       grad_fn=<SumBackward1>)
Size of covariance_matrix: torch.Size([1, 7, 7])
Size of covariance_matrix_prime: torch.Size([1, 7, 7])
cosineSimilarity tensor([[1.0000, 1.0000, 1.0000, 1.0000, 1.0000, 1.0000, 1.0000]],
       grad_fn=<SumBackward1>)
Size of covariance_matrix: torch.Size([1, 7, 7])
Size of covariance_matrix_prime: torch.Size([1, 7, 7])
cosineSimilarity tensor([[1.0000, 1.0000, 1.0000, 1.0000, 1.0000, 1.0000, 1.0000]],
       grad_fn=<SumBackward1>)
Size of covariance_matrix: torch.Size([1, 7, 7])
Size of covariance_matrix_prime: torch.Size([1, 7, 7])
cosineSimilarity tensor([[1.0000, 1.0000, 1.0000, 1.0000, 1.0000, 1.0000, 1.0000]],
       grad_fn=<SumBackward1>)
Size of covariance_matrix: torch.Size([1, 7, 7])
Size of covariance_matrix_prime: torch.Size([1, 7, 7])
cosineSimilarity tensor([[1.0000, 1.0000, 1.0000, 1.0000, 1.0000, 1.0000, 1.0000]],
       grad_fn=<SumBackward1>)
Size of covariance_matrix: torch.Size([1, 7, 7])
Size of covariance_matrix_prime: torch.Size([1, 7, 7])
cosineSimilarity tensor([[1.0000, 1.0000, 1.0000, 1.0000, 1.0000, 1.0000, 1.0000]],
       grad_fn=<SumBackward1>)
Size of covariance_matrix: torch.Size([1, 7, 7])
Size of covariance_matrix_prime: torch.Size([1, 7, 7])
cosineSimilarity tensor([[1.0000, 1.0000, 1.0000, 1.0000, 1.0000, 1.0000, 1.0000]],
       grad_fn=<SumBackward1>)
Size of covariance_matrix: torch.Size([1, 7, 7])
Size of covariance_matrix_prime: torch.Size([1, 7, 7])
cosineSimilarity tensor([[1.0000, 1.0000, 1.0000, 1.0000, 1.0000, 1.0000, 1.0000]],
       grad_fn=<SumBackward1>)
Size of covariance_matrix: torch.Size([1, 7, 7])
Size of covariance_matrix_prime: torch.Size([1, 7, 7])
cosineSimilarity tensor([[1.0000, 1.0000, 1.0000, 1.0000, 1.0000, 1.0000, 1.0000]],
       grad_fn=<SumBackward1>)
Size of covariance_matrix: torch.Size([1, 7, 7])
Size of covariance_matrix_prime: torch.Size([1, 7, 7])
cosineSimilarity tensor([[1.0000, 1.0000, 1.0000, 1.0000, 1.0000, 1.0000, 1.0000]],
       grad_fn=<SumBackward1>)
Size of covariance_matrix: torch.Size([1, 7, 7])
Size of covariance_matrix_prime: torch.Size([1, 7, 7])
cosineSimilarity tensor([[1.0000, 1.0000, 1.0000, 1.0000, 1.0000, 1.0000, 1.0000]],
       grad_fn=<SumBackward1>)
Size of covariance_matrix: torch.Size([1, 7, 7])
Size of covariance_matrix_prime: torch.Size([1, 7, 7])
cosineSimilarity tensor([[1.0000, 1.0000, 1.0000, 1.0000, 1.0000, 1.0000, 1.0000]],
       grad_fn=<SumBackward1>)
Size of covariance_matrix: torch.Size([1, 7, 7])
Size of covariance_matrix_prime: torch.Size([1, 7, 7])
cosineSimilarity tensor([[1.0000, 1.0000, 1.0000, 1.0000, 1.0000, 1.0000, 1.0000]],
       grad_fn=<SumBackward1>)
Size of covariance_matrix: torch.Size([1, 7, 7])
Size of covariance_matrix_prime: torch.Size([1, 7, 7])
cosineSimilarity tensor([[1.0000, 1.0000, 1.0000, 1.0000, 1.0000, 1.0000, 1.0000]],
       grad_fn=<SumBackward1>)
Size of covariance_matrix: torch.Size([1, 7, 7])
Size of covariance_matrix_prime: torch.Size([1, 7, 7])
cosineSimilarity tensor([[1.0000, 1.0000, 1.0000, 1.0000, 1.0000, 1.0000, 1.0000]],
       grad_fn=<SumBackward1>)
Size of covariance_matrix: torch.Size([1, 7, 7])
Size of covariance_matrix_prime: torch.Size([1, 7, 7])
cosineSimilarity tensor([[1.0000, 1.0000, 1.0000, 1.0000, 1.0000, 1.0000, 1.0000]],
       grad_fn=<SumBackward1>)
Size of covariance_matrix: torch.Size([1, 7, 7])
Size of covariance_matrix_prime: torch.Size([1, 7, 7])
cosineSimilarity tensor([[1.0000, 1.0000, 1.0000, 1.0000, 1.0000, 1.0000, 1.0000]],
       grad_fn=<SumBackward1>)
Size of covariance_matrix: torch.Size([1, 7, 7])
Size of covariance_matrix_prime: torch.Size([1, 7, 7])
cosineSimilarity tensor([[1.0000, 1.0000, 1.0000, 1.0000, 1.0000, 1.0000, 1.0000]],
       grad_fn=<SumBackward1>)
Size of covariance_matrix: torch.Size([1, 7, 7])
Size of covariance_matrix_prime: torch.Size([1, 7, 7])
cosineSimilarity tensor([[1.0000, 1.0000, 1.0000, 1.0000, 1.0000, 1.0000, 1.0000]],
       grad_fn=<SumBackward1>)
Size of covariance_matrix: torch.Size([1, 7, 7])
Size of covariance_matrix_prime: torch.Size([1, 7, 7])
cosineSimilarity tensor([[1.0000, 1.0000, 1.0000, 1.0000, 1.0000, 1.0000, 1.0000]],
       grad_fn=<SumBackward1>)
Size of covariance_matrix: torch.Size([1, 7, 7])
Size of covariance_matrix_prime: torch.Size([1, 7, 7])
cosineSimilarity tensor([[1.0000, 1.0000, 1.0000, 1.0000, 1.0000, 1.0000, 1.0000]],
       grad_fn=<SumBackward1>)
Size of covariance_matrix: torch.Size([1, 7, 7])
Size of covariance_matrix_prime: torch.Size([1, 7, 7])
cosineSimilarity tensor([[1.0000, 1.0000, 1.0000, 1.0000, 1.0000, 1.0000, 1.0000]],
       grad_fn=<SumBackward1>)
Size of covariance_matrix: torch.Size([1, 7, 7])
Size of covariance_matrix_prime: torch.Size([1, 7, 7])
cosineSimilarity tensor([[1.0000, 1.0000, 1.0000, 1.0000, 1.0000, 1.0000, 1.0000]],
       grad_fn=<SumBackward1>)
Size of covariance_matrix: torch.Size([1, 7, 7])
Size of covariance_matrix_prime: torch.Size([1, 7, 7])
cosineSimilarity tensor([[1.0000, 1.0000, 1.0000, 1.0000, 1.0000, 1.0000, 1.0000]],
       grad_fn=<SumBackward1>)
Size of covariance_matrix: torch.Size([1, 7, 7])
Size of covariance_matrix_prime: torch.Size([1, 7, 7])
cosineSimilarity tensor([[1.0000, 1.0000, 1.0000, 1.0000, 1.0000, 1.0000, 1.0000]],
       grad_fn=<SumBackward1>)
Size of covariance_matrix: torch.Size([1, 7, 7])
Size of covariance_matrix_prime: torch.Size([1, 7, 7])
cosineSimilarity tensor([[1.0000, 1.0000, 1.0000, 1.0000, 1.0000, 1.0000, 1.0000]],
       grad_fn=<SumBackward1>)
Size of covariance_matrix: torch.Size([1, 7, 7])
Size of covariance_matrix_prime: torch.Size([1, 7, 7])
cosineSimilarity tensor([[1.0000, 1.0000, 1.0000, 1.0000, 1.0000, 1.0000, 1.0000]],
       grad_fn=<SumBackward1>)
Size of covariance_matrix: torch.Size([1, 7, 7])
Size of covariance_matrix_prime: torch.Size([1, 7, 7])
cosineSimilarity tensor([[1.0000, 1.0000, 1.0000, 1.0000, 1.0000, 1.0000, 1.0000]],
       grad_fn=<SumBackward1>)
Size of covariance_matrix: torch.Size([1, 7, 7])
Size of covariance_matrix_prime: torch.Size([1, 7, 7])
cosineSimilarity tensor([[1.0000, 1.0000, 1.0000, 1.0000, 1.0000, 1.0000, 1.0000]],
       grad_fn=<SumBackward1>)
Size of covariance_matrix: torch.Size([1, 7, 7])
Size of covariance_matrix_prime: torch.Size([1, 7, 7])
cosineSimilarity tensor([[1.0000, 1.0000, 1.0000, 1.0000, 1.0000, 1.0000, 1.0000]],
       grad_fn=<SumBackward1>)
Size of covariance_matrix: torch.Size([1, 7, 7])
Size of covariance_matrix_prime: torch.Size([1, 7, 7])
cosineSimilarity tensor([[1.0000, 1.0000, 1.0000, 1.0000, 1.0000, 1.0000, 1.0000]],
       grad_fn=<SumBackward1>)
Size of covariance_matrix: torch.Size([1, 7, 7])
Size of covariance_matrix_prime: torch.Size([1, 7, 7])
cosineSimilarity tensor([[1.0000, 1.0000, 1.0000, 1.0000, 1.0000, 1.0000, 1.0000]],
       grad_fn=<SumBackward1>)
Size of covariance_matrix: torch.Size([1, 7, 7])
Size of covariance_matrix_prime: torch.Size([1, 7, 7])
cosineSimilarity tensor([[1.0000, 1.0000, 1.0000, 1.0000, 1.0000, 1.0000, 1.0000]],
       grad_fn=<SumBackward1>)
Size of covariance_matrix: torch.Size([1, 7, 7])
Size of covariance_matrix_prime: torch.Size([1, 7, 7])
cosineSimilarity tensor([[1.0000, 1.0000, 1.0000, 1.0000, 1.0000, 1.0000, 1.0000]],
       grad_fn=<SumBackward1>)
Size of covariance_matrix: torch.Size([1, 7, 7])
Size of covariance_matrix_prime: torch.Size([1, 7, 7])
cosineSimilarity tensor([[1.0000, 1.0000, 1.0000, 1.0000, 1.0000, 1.0000, 1.0000]],
       grad_fn=<SumBackward1>)
Size of covariance_matrix: torch.Size([1, 7, 7])
Size of covariance_matrix_prime: torch.Size([1, 7, 7])
cosineSimilarity tensor([[1.0000, 1.0000, 1.0000, 1.0000, 1.0000, 1.0000, 1.0000]],
       grad_fn=<SumBackward1>)
Size of covariance_matrix: torch.Size([1, 7, 7])
Size of covariance_matrix_prime: torch.Size([1, 7, 7])
cosineSimilarity tensor([[1.0000, 1.0000, 1.0000, 1.0000, 1.0000, 1.0000, 1.0000]],
       grad_fn=<SumBackward1>)
Size of covariance_matrix: torch.Size([1, 7, 7])
Size of covariance_matrix_prime: torch.Size([1, 7, 7])
cosineSimilarity tensor([[1.0000, 1.0000, 1.0000, 1.0000, 1.0000, 1.0000, 1.0000]],
       grad_fn=<SumBackward1>)
Size of covariance_matrix: torch.Size([1, 7, 7])
Size of covariance_matrix_prime: torch.Size([1, 7, 7])
cosineSimilarity tensor([[1.0000, 1.0000, 1.0000, 1.0000, 1.0000, 1.0000, 1.0000]],
       grad_fn=<SumBackward1>)
Size of covariance_matrix: torch.Size([1, 7, 7])
Size of covariance_matrix_prime: torch.Size([1, 7, 7])
cosineSimilarity tensor([[1.0000, 1.0000, 1.0000, 1.0000, 1.0000, 1.0000, 1.0000]],
       grad_fn=<SumBackward1>)
Size of covariance_matrix: torch.Size([1, 7, 7])
Size of covariance_matrix_prime: torch.Size([1, 7, 7])
cosineSimilarity tensor([[1.0000, 1.0000, 1.0000, 1.0000, 1.0000, 1.0000, 1.0000]],
       grad_fn=<SumBackward1>)
Size of covariance_matrix: torch.Size([1, 7, 7])
Size of covariance_matrix_prime: torch.Size([1, 7, 7])
cosineSimilarity tensor([[1.0000, 1.0000, 1.0000, 1.0000, 1.0000, 1.0000, 1.0000]],
       grad_fn=<SumBackward1>)
Size of covariance_matrix: torch.Size([1, 7, 7])
Size of covariance_matrix_prime: torch.Size([1, 7, 7])
cosineSimilarity tensor([[1.0000, 1.0000, 1.0000, 1.0000, 1.0000, 1.0000, 1.0000]],
       grad_fn=<SumBackward1>)
Size of covariance_matrix: torch.Size([1, 7, 7])
Size of covariance_matrix_prime: torch.Size([1, 7, 7])
cosineSimilarity tensor([[1.0000, 1.0000, 1.0000, 1.0000, 1.0000, 1.0000, 1.0000]],
       grad_fn=<SumBackward1>)
Size of covariance_matrix: torch.Size([1, 7, 7])
Size of covariance_matrix_prime: torch.Size([1, 7, 7])
cosineSimilarity tensor([[1.0000, 1.0000, 1.0000, 1.0000, 1.0000, 1.0000, 1.0000]],
       grad_fn=<SumBackward1>)
Size of covariance_matrix: torch.Size([1, 7, 7])
Size of covariance_matrix_prime: torch.Size([1, 7, 7])
cosineSimilarity tensor([[1.0000, 1.0000, 1.0000, 1.0000, 1.0000, 1.0000, 1.0000]],
       grad_fn=<SumBackward1>)
Size of covariance_matrix: torch.Size([1, 7, 7])
Size of covariance_matrix_prime: torch.Size([1, 7, 7])
cosineSimilarity tensor([[1.0000, 1.0000, 1.0000, 1.0000, 1.0000, 1.0000, 1.0000]],
       grad_fn=<SumBackward1>)
Size of covariance_matrix: torch.Size([1, 7, 7])
Size of covariance_matrix_prime: torch.Size([1, 7, 7])
cosineSimilarity tensor([[1.0000, 1.0000, 1.0000, 1.0000, 1.0000, 1.0000, 1.0000]],
       grad_fn=<SumBackward1>)
Size of covariance_matrix: torch.Size([1, 7, 7])
Size of covariance_matrix_prime: torch.Size([1, 7, 7])
cosineSimilarity tensor([[1.0000, 1.0000, 1.0000, 1.0000, 1.0000, 1.0000, 1.0000]],
       grad_fn=<SumBackward1>)
Size of covariance_matrix: torch.Size([1, 7, 7])
Size of covariance_matrix_prime: torch.Size([1, 7, 7])
cosineSimilarity tensor([[1.0000, 1.0000, 1.0000, 1.0000, 1.0000, 1.0000, 1.0000]],
       grad_fn=<SumBackward1>)
Size of covariance_matrix: torch.Size([1, 7, 7])
Size of covariance_matrix_prime: torch.Size([1, 7, 7])
cosineSimilarity tensor([[1.0000, 1.0000, 1.0000, 1.0000, 1.0000, 1.0000, 1.0000]],
       grad_fn=<SumBackward1>)
Size of covariance_matrix: torch.Size([1, 7, 7])
Size of covariance_matrix_prime: torch.Size([1, 7, 7])
cosineSimilarity tensor([[1.0000, 1.0000, 1.0000, 1.0000, 1.0000, 1.0000, 1.0000]],
       grad_fn=<SumBackward1>)
Size of covariance_matrix: torch.Size([1, 7, 7])
Size of covariance_matrix_prime: torch.Size([1, 7, 7])
cosineSimilarity tensor([[1.0000, 1.0000, 1.0000, 1.0000, 1.0000, 1.0000, 1.0000]],
       grad_fn=<SumBackward1>)
Size of covariance_matrix: torch.Size([1, 7, 7])
Size of covariance_matrix_prime: torch.Size([1, 7, 7])
cosineSimilarity tensor([[1.0000, 1.0000, 1.0000, 1.0000, 1.0000, 1.0000, 1.0000]],
       grad_fn=<SumBackward1>)
Size of covariance_matrix: torch.Size([1, 7, 7])
Size of covariance_matrix_prime: torch.Size([1, 7, 7])
cosineSimilarity tensor([[1.0000, 1.0000, 1.0000, 1.0000, 1.0000, 1.0000, 1.0000]],
       grad_fn=<SumBackward1>)
Size of covariance_matrix: torch.Size([1, 7, 7])
Size of covariance_matrix_prime: torch.Size([1, 7, 7])
cosineSimilarity tensor([[1.0000, 1.0000, 1.0000, 1.0000, 1.0000, 1.0000, 1.0000]],
       grad_fn=<SumBackward1>)
Size of covariance_matrix: torch.Size([1, 7, 7])
Size of covariance_matrix_prime: torch.Size([1, 7, 7])
cosineSimilarity tensor([[1.0000, 1.0000, 1.0000, 1.0000, 1.0000, 1.0000, 1.0000]],
       grad_fn=<SumBackward1>)
Size of covariance_matrix: torch.Size([1, 7, 7])
Size of covariance_matrix_prime: torch.Size([1, 7, 7])
cosineSimilarity tensor([[1.0000, 1.0000, 1.0000, 1.0000, 1.0000, 1.0000, 1.0000]],
       grad_fn=<SumBackward1>)
Size of covariance_matrix: torch.Size([1, 7, 7])
Size of covariance_matrix_prime: torch.Size([1, 7, 7])
cosineSimilarity tensor([[1.0000, 1.0000, 1.0000, 1.0000, 1.0000, 1.0000, 1.0000]],
       grad_fn=<SumBackward1>)
Size of covariance_matrix: torch.Size([1, 7, 7])
Size of covariance_matrix_prime: torch.Size([1, 7, 7])
cosineSimilarity tensor([[1.0000, 1.0000, 1.0000, 1.0000, 1.0000, 1.0000, 1.0000]],
       grad_fn=<SumBackward1>)
Size of covariance_matrix: torch.Size([1, 7, 7])
Size of covariance_matrix_prime: torch.Size([1, 7, 7])
cosineSimilarity tensor([[1.0000, 1.0000, 1.0000, 1.0000, 1.0000, 1.0000, 1.0000]],
       grad_fn=<SumBackward1>)
Size of covariance_matrix: torch.Size([1, 7, 7])
Size of covariance_matrix_prime: torch.Size([1, 7, 7])
cosineSimilarity tensor([[1.0000, 1.0000, 1.0000, 1.0000, 1.0000, 1.0000, 1.0000]],
       grad_fn=<SumBackward1>)
Size of covariance_matrix: torch.Size([1, 7, 7])
Size of covariance_matrix_prime: torch.Size([1, 7, 7])
cosineSimilarity tensor([[1.0000, 1.0000, 1.0000, 1.0000, 1.0000, 1.0000, 1.0000]],
       grad_fn=<SumBackward1>)
Size of covariance_matrix: torch.Size([1, 7, 7])
Size of covariance_matrix_prime: torch.Size([1, 7, 7])
cosineSimilarity tensor([[1.0000, 1.0000, 1.0000, 1.0000, 1.0000, 1.0000, 1.0000]],
       grad_fn=<SumBackward1>)
Size of covariance_matrix: torch.Size([1, 7, 7])
Size of covariance_matrix_prime: torch.Size([1, 7, 7])
cosineSimilarity tensor([[1.0000, 1.0000, 1.0000, 1.0000, 1.0000, 1.0000, 1.0000]],
       grad_fn=<SumBackward1>)
Size of covariance_matrix: torch.Size([1, 7, 7])
Size of covariance_matrix_prime: torch.Size([1, 7, 7])
cosineSimilarity tensor([[1.0000, 1.0000, 1.0000, 1.0000, 1.0000, 1.0000, 1.0000]],
       grad_fn=<SumBackward1>)
Size of covariance_matrix: torch.Size([1, 7, 7])
Size of covariance_matrix_prime: torch.Size([1, 7, 7])
cosineSimilarity tensor([[1.0000, 1.0000, 1.0000, 1.0000, 1.0000, 1.0000, 1.0000]],
       grad_fn=<SumBackward1>)
Size of covariance_matrix: torch.Size([1, 7, 7])
Size of covariance_matrix_prime: torch.Size([1, 7, 7])
cosineSimilarity tensor([[1.0000, 1.0000, 1.0000, 1.0000, 1.0000, 1.0000, 1.0000]],
       grad_fn=<SumBackward1>)
Size of covariance_matrix: torch.Size([1, 7, 7])
Size of covariance_matrix_prime: torch.Size([1, 7, 7])
cosineSimilarity tensor([[1.0000, 1.0000, 1.0000, 1.0000, 1.0000, 1.0000, 1.0000]],
       grad_fn=<SumBackward1>)
Size of covariance_matrix: torch.Size([1, 7, 7])
Size of covariance_matrix_prime: torch.Size([1, 7, 7])
cosineSimilarity tensor([[1.0000, 1.0000, 1.0000, 1.0000, 1.0000, 1.0000, 1.0000]],
       grad_fn=<SumBackward1>)
Size of covariance_matrix: torch.Size([1, 7, 7])
Size of covariance_matrix_prime: torch.Size([1, 7, 7])
cosineSimilarity tensor([[1.0000, 1.0000, 1.0000, 1.0000, 1.0000, 1.0000, 1.0000]],
       grad_fn=<SumBackward1>)
Size of covariance_matrix: torch.Size([1, 7, 7])
Size of covariance_matrix_prime: torch.Size([1, 7, 7])
cosineSimilarity tensor([[1.0000, 1.0000, 1.0000, 1.0000, 1.0000, 1.0000, 1.0000]],
       grad_fn=<SumBackward1>)
Size of covariance_matrix: torch.Size([1, 7, 7])
Size of covariance_matrix_prime: torch.Size([1, 7, 7])
cosineSimilarity tensor([[1.0000, 1.0000, 1.0000, 1.0000, 1.0000, 1.0000, 1.0000]],
       grad_fn=<SumBackward1>)
Size of covariance_matrix: torch.Size([1, 7, 7])
Size of covariance_matrix_prime: torch.Size([1, 7, 7])
cosineSimilarity tensor([[1.0000, 1.0000, 1.0000, 1.0000, 1.0000, 1.0000, 1.0000]],
       grad_fn=<SumBackward1>)
Size of covariance_matrix: torch.Size([1, 7, 7])
Size of covariance_matrix_prime: torch.Size([1, 7, 7])
cosineSimilarity tensor([[1.0000, 1.0000, 1.0000, 1.0000, 1.0000, 1.0000, 1.0000]],
       grad_fn=<SumBackward1>)
Size of covariance_matrix: torch.Size([1, 7, 7])
Size of covariance_matrix_prime: torch.Size([1, 7, 7])
cosineSimilarity tensor([[1.0000, 1.0000, 1.0000, 1.0000, 1.0000, 1.0000, 1.0000]],
       grad_fn=<SumBackward1>)
Size of covariance_matrix: torch.Size([1, 7, 7])
Size of covariance_matrix_prime: torch.Size([1, 7, 7])
cosineSimilarity tensor([[1.0000, 1.0000, 1.0000, 1.0000, 1.0000, 1.0000, 1.0000]],
       grad_fn=<SumBackward1>)
Size of covariance_matrix: torch.Size([1, 7, 7])
Size of covariance_matrix_prime: torch.Size([1, 7, 7])
cosineSimilarity tensor([[1.0000, 1.0000, 1.0000, 1.0000, 1.0000, 1.0000, 1.0000]],
       grad_fn=<SumBackward1>)
Size of covariance_matrix: torch.Size([1, 7, 7])
Size of covariance_matrix_prime: torch.Size([1, 7, 7])
cosineSimilarity tensor([[1.0000, 1.0000, 1.0000, 1.0000, 1.0000, 1.0000, 1.0000]],
       grad_fn=<SumBackward1>)
Size of covariance_matrix: torch.Size([1, 7, 7])
Size of covariance_matrix_prime: torch.Size([1, 7, 7])
cosineSimilarity tensor([[1.0000, 1.0000, 1.0000, 1.0000, 1.0000, 1.0000, 1.0000]],
       grad_fn=<SumBackward1>)
Size of covariance_matrix: torch.Size([1, 7, 7])
Size of covariance_matrix_prime: torch.Size([1, 7, 7])
cosineSimilarity tensor([[1.0000, 1.0000, 1.0000, 1.0000, 1.0000, 1.0000, 1.0000]],
       grad_fn=<SumBackward1>)
Size of covariance_matrix: torch.Size([1, 7, 7])
Size of covariance_matrix_prime: torch.Size([1, 7, 7])
cosineSimilarity tensor([[1.0000, 1.0000, 1.0000, 1.0000, 1.0000, 1.0000, 1.0000]],
       grad_fn=<SumBackward1>)
Size of covariance_matrix: torch.Size([1, 7, 7])
Size of covariance_matrix_prime: torch.Size([1, 7, 7])
cosineSimilarity tensor([[1.0000, 1.0000, 1.0000, 1.0000, 1.0000, 1.0000, 1.0000]],
       grad_fn=<SumBackward1>)
Size of covariance_matrix: torch.Size([1, 7, 7])
Size of covariance_matrix_prime: torch.Size([1, 7, 7])
cosineSimilarity tensor([[1.0000, 1.0000, 1.0000, 1.0000, 1.0000, 1.0000, 1.0000]],
       grad_fn=<SumBackward1>)
Size of covariance_matrix: torch.Size([1, 7, 7])
Size of covariance_matrix_prime: torch.Size([1, 7, 7])
cosineSimilarity tensor([[1.0000, 1.0000, 1.0000, 1.0000, 1.0000, 1.0000, 1.0000]],
       grad_fn=<SumBackward1>)
Size of covariance_matrix: torch.Size([1, 7, 7])
Size of covariance_matrix_prime: torch.Size([1, 7, 7])
cosineSimilarity tensor([[1.0000, 1.0000, 1.0000, 1.0000, 1.0000, 1.0000, 1.0000]],
       grad_fn=<SumBackward1>)
Size of covariance_matrix: torch.Size([1, 7, 7])
Size of covariance_matrix_prime: torch.Size([1, 7, 7])
cosineSimilarity tensor([[1.0000, 1.0000, 1.0000, 1.0000, 1.0000, 1.0000, 1.0000]],
       grad_fn=<SumBackward1>)
Size of covariance_matrix: torch.Size([1, 7, 7])
Size of covariance_matrix_prime: torch.Size([1, 7, 7])
cosineSimilarity tensor([[1.0000, 1.0000, 1.0000, 1.0000, 1.0000, 1.0000, 1.0000]],
       grad_fn=<SumBackward1>)
Size of covariance_matrix: torch.Size([1, 7, 7])
Size of covariance_matrix_prime: torch.Size([1, 7, 7])
cosineSimilarity tensor([[nan, nan, nan, nan, nan, nan, nan]], grad_fn=<SumBackward1>)
Size of covariance_matrix: torch.Size([1, 7, 7])
Size of covariance_matrix_prime: torch.Size([1, 7, 7])
cosineSimilarity tensor([[1.0000, 1.0000, 1.0000, 1.0000, 1.0000, 1.0000, 1.0000]],
       grad_fn=<SumBackward1>)
Size of covariance_matrix: torch.Size([1, 7, 7])
Size of covariance_matrix_prime: torch.Size([1, 7, 7])
cosineSimilarity tensor([[1.0000, 1.0000, 1.0000, 1.0000, 1.0000, 1.0000, 1.0000]],
       grad_fn=<SumBackward1>)
Size of covariance_matrix: torch.Size([1, 7, 7])
Size of covariance_matrix_prime: torch.Size([1, 7, 7])
cosineSimilarity tensor([[1.0000, 1.0000, 1.0000, 1.0000, 1.0000, 1.0000, 1.0000]],
       grad_fn=<SumBackward1>)
Size of covariance_matrix: torch.Size([1, 7, 7])
Size of covariance_matrix_prime: torch.Size([1, 7, 7])
cosineSimilarity tensor([[1.0000, 1.0000, 1.0000, 1.0000, 1.0000, 1.0000, 1.0000]],
       grad_fn=<SumBackward1>)
Size of covariance_matrix: torch.Size([1, 7, 7])
Size of covariance_matrix_prime: torch.Size([1, 7, 7])
cosineSimilarity tensor([[1.0000, 1.0000, 1.0000, 1.0000, 1.0000, 1.0000, 1.0000]],
       grad_fn=<SumBackward1>)
Size of covariance_matrix: torch.Size([1, 7, 7])
Size of covariance_matrix_prime: torch.Size([1, 7, 7])
cosineSimilarity tensor([[1.0000, 1.0000, 1.0000, 1.0000, 1.0000, 1.0000, 1.0000]],
       grad_fn=<SumBackward1>)
Size of covariance_matrix: torch.Size([1, 7, 7])
Size of covariance_matrix_prime: torch.Size([1, 7, 7])
cosineSimilarity tensor([[1.0000, 1.0000, 1.0000, 1.0000, 1.0000, 1.0000, 1.0000]],
       grad_fn=<SumBackward1>)
Size of covariance_matrix: torch.Size([1, 7, 7])
Size of covariance_matrix_prime: torch.Size([1, 7, 7])
cosineSimilarity tensor([[1.0000, 1.0000, 1.0000, 1.0000, 1.0000, 1.0000, 1.0000]],
       grad_fn=<SumBackward1>)
Size of covariance_matrix: torch.Size([1, 7, 7])
Size of covariance_matrix_prime: torch.Size([1, 7, 7])
cosineSimilarity tensor([[1.0000, 1.0000, 1.0000, 1.0000, 1.0000, 1.0000, 1.0000]],
       grad_fn=<SumBackward1>)
Size of covariance_matrix: torch.Size([1, 7, 7])
Size of covariance_matrix_prime: torch.Size([1, 7, 7])
cosineSimilarity tensor([[1.0000, 1.0000, 1.0000, 1.0000, 1.0000, 1.0000, 1.0000]],
       grad_fn=<SumBackward1>)
Size of covariance_matrix: torch.Size([1, 7, 7])
Size of covariance_matrix_prime: torch.Size([1, 7, 7])
cosineSimilarity tensor([[1.0000, 1.0000, 1.0000, 1.0000, 1.0000, 1.0000, 1.0000]],
       grad_fn=<SumBackward1>)
Size of covariance_matrix: torch.Size([1, 7, 7])
Size of covariance_matrix_prime: torch.Size([1, 7, 7])
cosineSimilarity tensor([[1.0000, 1.0000, 1.0000, 1.0000, 1.0000, 1.0000, 1.0000]],
       grad_fn=<SumBackward1>)
Size of covariance_matrix: torch.Size([1, 7, 7])
Size of covariance_matrix_prime: torch.Size([1, 7, 7])
cosineSimilarity tensor([[nan, nan, nan, nan, nan, nan, nan]], grad_fn=<SumBackward1>)
Size of covariance_matrix: torch.Size([1, 7, 7])
Size of covariance_matrix_prime: torch.Size([1, 7, 7])
cosineSimilarity tensor([[1.0000, 1.0000, 1.0000, 1.0000, 1.0000, 1.0000, 1.0000]],
       grad_fn=<SumBackward1>)
Size of covariance_matrix: torch.Size([1, 7, 7])
Size of covariance_matrix_prime: torch.Size([1, 7, 7])
cosineSimilarity tensor([[1.0000, 1.0000, 1.0000, 1.0000, 1.0000, 1.0000, 1.0000]],
       grad_fn=<SumBackward1>)
Size of covariance_matrix: torch.Size([1, 7, 7])
Size of covariance_matrix_prime: torch.Size([1, 7, 7])
cosineSimilarity tensor([[1.0000, 1.0000, 1.0000, 1.0000, 1.0000, 1.0000, 1.0000]],
       grad_fn=<SumBackward1>)
Size of covariance_matrix: torch.Size([1, 7, 7])
Size of covariance_matrix_prime: torch.Size([1, 7, 7])
cosineSimilarity tensor([[1.0000, 1.0000, 1.0000, 1.0000, 1.0000, 1.0000, 1.0000]],
       grad_fn=<SumBackward1>)
Size of covariance_matrix: torch.Size([1, 7, 7])
Size of covariance_matrix_prime: torch.Size([1, 7, 7])
cosineSimilarity tensor([[1.0000, 1.0000, 1.0000, 1.0000, 1.0000, 1.0000, 1.0000]],
       grad_fn=<SumBackward1>)
Size of covariance_matrix: torch.Size([1, 7, 7])
Size of covariance_matrix_prime: torch.Size([1, 7, 7])
cosineSimilarity tensor([[1.0000, 1.0000, 1.0000, 1.0000, 1.0000, 1.0000, 1.0000]],
       grad_fn=<SumBackward1>)
Size of covariance_matrix: torch.Size([1, 7, 7])
Size of covariance_matrix_prime: torch.Size([1, 7, 7])
cosineSimilarity tensor([[1.0000, 1.0000, 1.0000, 1.0000, 1.0000, 1.0000, 1.0000]],
       grad_fn=<SumBackward1>)
Size of covariance_matrix: torch.Size([1, 7, 7])
Size of covariance_matrix_prime: torch.Size([1, 7, 7])
cosineSimilarity tensor([[1.0000, 1.0000, 1.0000, 1.0000, 1.0000, 1.0000, 1.0000]],
       grad_fn=<SumBackward1>)
Size of covariance_matrix: torch.Size([1, 7, 7])
Size of covariance_matrix_prime: torch.Size([1, 7, 7])
cosineSimilarity tensor([[1.0000, 1.0000, 1.0000, 1.0000, 1.0000, 1.0000, 1.0000]],
       grad_fn=<SumBackward1>)
Size of covariance_matrix: torch.Size([1, 7, 7])
Size of covariance_matrix_prime: torch.Size([1, 7, 7])
cosineSimilarity tensor([[1.0000, 1.0000, 1.0000, 1.0000, 1.0000, 1.0000, 1.0000]],
       grad_fn=<SumBackward1>)
Size of covariance_matrix: torch.Size([1, 7, 7])
Size of covariance_matrix_prime: torch.Size([1, 7, 7])
cosineSimilarity tensor([[1.0000, 1.0000, 1.0000, 1.0000, 1.0000, 1.0000, 1.0000]],
       grad_fn=<SumBackward1>)
Size of covariance_matrix: torch.Size([1, 7, 7])
Size of covariance_matrix_prime: torch.Size([1, 7, 7])
cosineSimilarity tensor([[1.0000, 1.0000, 1.0000, 1.0000, 1.0000, 1.0000, 1.0000]],
       grad_fn=<SumBackward1>)
Size of covariance_matrix: torch.Size([1, 7, 7])
Size of covariance_matrix_prime: torch.Size([1, 7, 7])
cosineSimilarity tensor([[1.0000, 1.0000, 1.0000, 1.0000, 1.0000, 1.0000, 1.0000]],
       grad_fn=<SumBackward1>)
Size of covariance_matrix: torch.Size([1, 7, 7])
Size of covariance_matrix_prime: torch.Size([1, 7, 7])
cosineSimilarity tensor([[1.0000, 1.0000, 1.0000, 1.0000, 1.0000, 1.0000, 1.0000]],
       grad_fn=<SumBackward1>)
Size of covariance_matrix: torch.Size([1, 7, 7])
Size of covariance_matrix_prime: torch.Size([1, 7, 7])
cosineSimilarity tensor([[1.0000, 1.0000, 1.0000, 1.0000, 1.0000, 1.0000, 1.0000]],
       grad_fn=<SumBackward1>)
Size of covariance_matrix: torch.Size([1, 7, 7])
Size of covariance_matrix_prime: torch.Size([1, 7, 7])
cosineSimilarity tensor([[1.0000, 1.0000, 1.0000, 1.0000, 1.0000, 1.0000, 1.0000]],
       grad_fn=<SumBackward1>)
Size of covariance_matrix: torch.Size([1, 7, 7])
Size of covariance_matrix_prime: torch.Size([1, 7, 7])
cosineSimilarity tensor([[1.0000, 1.0000, 1.0000, 1.0000, 1.0000, 1.0000, 1.0000]],
       grad_fn=<SumBackward1>)
Size of covariance_matrix: torch.Size([1, 7, 7])
Size of covariance_matrix_prime: torch.Size([1, 7, 7])
cosineSimilarity tensor([[1.0000, 1.0000, 1.0000, 1.0000, 1.0000, 1.0000, 1.0000]],
       grad_fn=<SumBackward1>)
Size of covariance_matrix: torch.Size([1, 7, 7])
Size of covariance_matrix_prime: torch.Size([1, 7, 7])
cosineSimilarity tensor([[1.0000, 1.0000, 1.0000, 1.0000, 1.0000, 1.0000, 1.0000]],
       grad_fn=<SumBackward1>)
Size of covariance_matrix: torch.Size([1, 7, 7])
Size of covariance_matrix_prime: torch.Size([1, 7, 7])
cosineSimilarity tensor([[1.0000, 1.0000, 1.0000, 1.0000, 1.0000, 1.0000, 1.0000]],
       grad_fn=<SumBackward1>)
Size of covariance_matrix: torch.Size([1, 7, 7])
Size of covariance_matrix_prime: torch.Size([1, 7, 7])
cosineSimilarity tensor([[1.0000, 1.0000, 1.0000, 1.0000, 1.0000, 1.0000, 1.0000]],
       grad_fn=<SumBackward1>)
Size of covariance_matrix: torch.Size([1, 7, 7])
Size of covariance_matrix_prime: torch.Size([1, 7, 7])
cosineSimilarity tensor([[1.0000, 1.0000, 1.0000, 1.0000, 1.0000, 1.0000, 1.0000]],
       grad_fn=<SumBackward1>)
Size of covariance_matrix: torch.Size([1, 7, 7])
Size of covariance_matrix_prime: torch.Size([1, 7, 7])
cosineSimilarity tensor([[1.0000, 1.0000, 1.0000, 1.0000, 1.0000, 1.0000, 1.0000]],
       grad_fn=<SumBackward1>)
Size of covariance_matrix: torch.Size([1, 7, 7])
Size of covariance_matrix_prime: torch.Size([1, 7, 7])
cosineSimilarity tensor([[1.0000, 1.0000, 1.0000, 1.0000, 1.0000, 1.0000, 1.0000]],
       grad_fn=<SumBackward1>)
Size of covariance_matrix: torch.Size([1, 7, 7])
Size of covariance_matrix_prime: torch.Size([1, 7, 7])
cosineSimilarity tensor([[1.0000, 1.0000, 1.0000, 1.0000, 1.0000, 1.0000, 1.0000]],
       grad_fn=<SumBackward1>)
Size of covariance_matrix: torch.Size([1, 7, 7])
Size of covariance_matrix_prime: torch.Size([1, 7, 7])
cosineSimilarity tensor([[1.0000, 1.0000, 1.0000, 1.0000, 1.0000, 1.0000, 1.0000]],
       grad_fn=<SumBackward1>)
Size of covariance_matrix: torch.Size([1, 7, 7])
Size of covariance_matrix_prime: torch.Size([1, 7, 7])
cosineSimilarity tensor([[1.0000, 1.0000, 1.0000, 1.0000, 1.0000, 1.0000, 1.0000]],
       grad_fn=<SumBackward1>)
Size of covariance_matrix: torch.Size([1, 7, 7])
Size of covariance_matrix_prime: torch.Size([1, 7, 7])
cosineSimilarity tensor([[1.0000, 1.0000, 1.0000, 1.0000, 1.0000, 1.0000, 1.0000]],
       grad_fn=<SumBackward1>)
Size of covariance_matrix: torch.Size([1, 7, 7])
Size of covariance_matrix_prime: torch.Size([1, 7, 7])
cosineSimilarity tensor([[1.0000, 1.0000, 1.0000, 1.0000, 1.0000, 1.0000, 1.0000]],
       grad_fn=<SumBackward1>)
Size of covariance_matrix: torch.Size([1, 7, 7])
Size of covariance_matrix_prime: torch.Size([1, 7, 7])
cosineSimilarity tensor([[1.0000, 1.0000, 1.0000, 1.0000, 1.0000, 1.0000, 1.0000]],
       grad_fn=<SumBackward1>)
Size of covariance_matrix: torch.Size([1, 7, 7])
Size of covariance_matrix_prime: torch.Size([1, 7, 7])
cosineSimilarity tensor([[1.0000, 1.0000, 1.0000, 1.0000, 1.0000, 1.0000, 1.0000]],
       grad_fn=<SumBackward1>)
Size of covariance_matrix: torch.Size([1, 7, 7])
Size of covariance_matrix_prime: torch.Size([1, 7, 7])
cosineSimilarity tensor([[1.0000, 1.0000, 1.0000, 1.0000, 1.0000, 1.0000, 1.0000]],
       grad_fn=<SumBackward1>)
Size of covariance_matrix: torch.Size([1, 7, 7])
Size of covariance_matrix_prime: torch.Size([1, 7, 7])
cosineSimilarity tensor([[1.0000, 1.0000, 1.0000, 1.0000, 1.0000, 1.0000, 1.0000]],
       grad_fn=<SumBackward1>)
Size of covariance_matrix: torch.Size([1, 7, 7])
Size of covariance_matrix_prime: torch.Size([1, 7, 7])
cosineSimilarity tensor([[1.0000, 1.0000, 1.0000, 1.0000, 1.0000, 1.0000, 1.0000]],
       grad_fn=<SumBackward1>)
Size of covariance_matrix: torch.Size([1, 7, 7])
Size of covariance_matrix_prime: torch.Size([1, 7, 7])
cosineSimilarity tensor([[1.0000, 1.0000, 1.0000, 1.0000, 1.0000, 1.0000, 1.0000]],
       grad_fn=<SumBackward1>)
Size of covariance_matrix: torch.Size([1, 7, 7])
Size of covariance_matrix_prime: torch.Size([1, 7, 7])
cosineSimilarity tensor([[1.0000, 1.0000, 1.0000, 1.0000, 1.0000, 1.0000, 1.0000]],
       grad_fn=<SumBackward1>)
Size of covariance_matrix: torch.Size([1, 7, 7])
Size of covariance_matrix_prime: torch.Size([1, 7, 7])
cosineSimilarity tensor([[1.0000, 1.0000, 1.0000, 1.0000, 1.0000, 1.0000, 1.0000]],
       grad_fn=<SumBackward1>)
Size of covariance_matrix: torch.Size([1, 7, 7])
Size of covariance_matrix_prime: torch.Size([1, 7, 7])
cosineSimilarity tensor([[1.0000, 1.0000, 1.0000, 1.0000, 1.0000, 1.0000, 1.0000]],
       grad_fn=<SumBackward1>)
Size of covariance_matrix: torch.Size([1, 7, 7])
Size of covariance_matrix_prime: torch.Size([1, 7, 7])
cosineSimilarity tensor([[1.0000, 1.0000, 1.0000, 1.0000, 1.0000, 1.0000, 1.0000]],
       grad_fn=<SumBackward1>)
Size of covariance_matrix: torch.Size([1, 7, 7])
Size of covariance_matrix_prime: torch.Size([1, 7, 7])
cosineSimilarity tensor([[1.0000, 1.0000, 1.0000, 1.0000, 1.0000, 1.0000, 1.0000]],
       grad_fn=<SumBackward1>)
Size of covariance_matrix: torch.Size([1, 7, 7])
Size of covariance_matrix_prime: torch.Size([1, 7, 7])
cosineSimilarity tensor([[1.0000, 1.0000, 1.0000, 1.0000, 1.0000, 1.0000, 1.0000]],
       grad_fn=<SumBackward1>)
Size of covariance_matrix: torch.Size([1, 7, 7])
Size of covariance_matrix_prime: torch.Size([1, 7, 7])
cosineSimilarity tensor([[1.0000, 1.0000, 1.0000, 1.0000, 1.0000, 1.0000, 1.0000]],
       grad_fn=<SumBackward1>)
Size of covariance_matrix: torch.Size([1, 7, 7])
Size of covariance_matrix_prime: torch.Size([1, 7, 7])
cosineSimilarity tensor([[1.0000, 1.0000, 1.0000, 1.0000, 1.0000, 1.0000, 1.0000]],
       grad_fn=<SumBackward1>)
Size of covariance_matrix: torch.Size([1, 7, 7])
Size of covariance_matrix_prime: torch.Size([1, 7, 7])
cosineSimilarity tensor([[1.0000, 1.0000, 1.0000, 1.0000, 1.0000, 1.0000, 1.0000]],
       grad_fn=<SumBackward1>)
Size of covariance_matrix: torch.Size([1, 7, 7])
Size of covariance_matrix_prime: torch.Size([1, 7, 7])
cosineSimilarity tensor([[1.0000, 1.0000, 1.0000, 1.0000, 1.0000, 1.0000, 1.0000]],
       grad_fn=<SumBackward1>)
Size of covariance_matrix: torch.Size([1, 7, 7])
Size of covariance_matrix_prime: torch.Size([1, 7, 7])
cosineSimilarity tensor([[1.0000, 1.0000, 1.0000, 1.0000, 1.0000, 1.0000, 1.0000]],
       grad_fn=<SumBackward1>)
Size of covariance_matrix: torch.Size([1, 7, 7])
Size of covariance_matrix_prime: torch.Size([1, 7, 7])
cosineSimilarity tensor([[1.0000, 1.0000, 1.0000, 1.0000, 1.0000, 1.0000, 1.0000]],
       grad_fn=<SumBackward1>)
Size of covariance_matrix: torch.Size([1, 7, 7])
Size of covariance_matrix_prime: torch.Size([1, 7, 7])
cosineSimilarity tensor([[1.0000, 1.0000, 1.0000, 1.0000, 1.0000, 1.0000, 1.0000]],
       grad_fn=<SumBackward1>)
Size of covariance_matrix: torch.Size([1, 7, 7])
Size of covariance_matrix_prime: torch.Size([1, 7, 7])
cosineSimilarity tensor([[1.0000, 1.0000, 1.0000, 1.0000, 1.0000, 1.0000, 1.0000]],
       grad_fn=<SumBackward1>)
Size of covariance_matrix: torch.Size([1, 7, 7])
Size of covariance_matrix_prime: torch.Size([1, 7, 7])
cosineSimilarity tensor([[1.0000, 1.0000, 1.0000, 1.0000, 1.0000, 1.0000, 1.0000]],
       grad_fn=<SumBackward1>)
Size of covariance_matrix: torch.Size([1, 7, 7])
Size of covariance_matrix_prime: torch.Size([1, 7, 7])
cosineSimilarity tensor([[1.0000, 1.0000, 1.0000, 1.0000, 1.0000, 1.0000, 1.0000]],
       grad_fn=<SumBackward1>)
Size of covariance_matrix: torch.Size([1, 7, 7])
Size of covariance_matrix_prime: torch.Size([1, 7, 7])
cosineSimilarity tensor([[1.0000, 1.0000, 1.0000, 1.0000, 1.0000, 1.0000, 1.0000]],
       grad_fn=<SumBackward1>)
Size of covariance_matrix: torch.Size([1, 7, 7])
Size of covariance_matrix_prime: torch.Size([1, 7, 7])
cosineSimilarity tensor([[1.0000, 1.0000, 1.0000, 1.0000, 1.0000, 1.0000, 1.0000]],
       grad_fn=<SumBackward1>)
Size of covariance_matrix: torch.Size([1, 7, 7])
Size of covariance_matrix_prime: torch.Size([1, 7, 7])
cosineSimilarity tensor([[1.0000, 1.0000, 1.0000, 1.0000, 1.0000, 1.0000, 1.0000]],
       grad_fn=<SumBackward1>)
Size of covariance_matrix: torch.Size([1, 7, 7])
Size of covariance_matrix_prime: torch.Size([1, 7, 7])
cosineSimilarity tensor([[1.0000, 1.0000, 1.0000, 1.0000, 1.0000, 1.0000, 1.0000]],
       grad_fn=<SumBackward1>)
Size of covariance_matrix: torch.Size([1, 7, 7])
Size of covariance_matrix_prime: torch.Size([1, 7, 7])
cosineSimilarity tensor([[1.0000, 1.0000, 1.0000, 1.0000, 1.0000, 1.0000, 1.0000]],
       grad_fn=<SumBackward1>)
Size of covariance_matrix: torch.Size([1, 7, 7])
Size of covariance_matrix_prime: torch.Size([1, 7, 7])
cosineSimilarity tensor([[1.0000, 1.0000, 1.0000, 1.0000, 1.0000, 1.0000, 1.0000]],
       grad_fn=<SumBackward1>)
Size of covariance_matrix: torch.Size([1, 7, 7])
Size of covariance_matrix_prime: torch.Size([1, 7, 7])
cosineSimilarity tensor([[1.0000, 1.0000, 1.0000, 1.0000, 1.0000, 1.0000, 1.0000]],
       grad_fn=<SumBackward1>)
Size of covariance_matrix: torch.Size([1, 7, 7])
Size of covariance_matrix_prime: torch.Size([1, 7, 7])
cosineSimilarity tensor([[1.0000, 1.0000, 1.0000, 1.0000, 1.0000, 1.0000, 1.0000]],
       grad_fn=<SumBackward1>)
Size of covariance_matrix: torch.Size([1, 7, 7])
Size of covariance_matrix_prime: torch.Size([1, 7, 7])
cosineSimilarity tensor([[1.0000, 1.0000, 1.0000, 1.0000, 1.0000, 1.0000, 1.0000]],
       grad_fn=<SumBackward1>)
Size of covariance_matrix: torch.Size([1, 7, 7])
Size of covariance_matrix_prime: torch.Size([1, 7, 7])
cosineSimilarity tensor([[1.0000, 1.0000, 1.0000, 1.0000, 1.0000, 1.0000, 1.0000]],
       grad_fn=<SumBackward1>)
Size of covariance_matrix: torch.Size([1, 7, 7])
Size of covariance_matrix_prime: torch.Size([1, 7, 7])
cosineSimilarity tensor([[1.0000, 1.0000, 1.0000, 1.0000, 1.0000, 1.0000, 1.0000]],
       grad_fn=<SumBackward1>)
Size of covariance_matrix: torch.Size([1, 7, 7])
Size of covariance_matrix_prime: torch.Size([1, 7, 7])
cosineSimilarity tensor([[1.0000, 1.0000, 1.0000, 1.0000, 1.0000, 1.0000, 1.0000]],
       grad_fn=<SumBackward1>)
Size of covariance_matrix: torch.Size([1, 7, 7])
Size of covariance_matrix_prime: torch.Size([1, 7, 7])
cosineSimilarity tensor([[1.0000, 1.0000, 1.0000, 1.0000, 1.0000, 1.0000, 1.0000]],
       grad_fn=<SumBackward1>)
Size of covariance_matrix: torch.Size([1, 7, 7])
Size of covariance_matrix_prime: torch.Size([1, 7, 7])
cosineSimilarity tensor([[1.0000, 1.0000, 1.0000, 1.0000, 1.0000, 1.0000, 1.0000]],
       grad_fn=<SumBackward1>)
Size of covariance_matrix: torch.Size([1, 7, 7])
Size of covariance_matrix_prime: torch.Size([1, 7, 7])
cosineSimilarity tensor([[1.0000, 1.0000, 1.0000, 1.0000, 1.0000, 1.0000, 1.0000]],
       grad_fn=<SumBackward1>)
Size of covariance_matrix: torch.Size([1, 7, 7])
Size of covariance_matrix_prime: torch.Size([1, 7, 7])
cosineSimilarity tensor([[1.0000, 1.0000, 1.0000, 1.0000, 1.0000, 1.0000, 1.0000]],
       grad_fn=<SumBackward1>)
Size of covariance_matrix: torch.Size([1, 7, 7])
Size of covariance_matrix_prime: torch.Size([1, 7, 7])
cosineSimilarity tensor([[1.0000, 1.0000, 1.0000, 1.0000, 1.0000, 1.0000, 1.0000]],
       grad_fn=<SumBackward1>)
Size of covariance_matrix: torch.Size([1, 7, 7])
Size of covariance_matrix_prime: torch.Size([1, 7, 7])
cosineSimilarity tensor([[1.0000, 1.0000, 1.0000, 1.0000, 1.0000, 1.0000, 1.0000]],
       grad_fn=<SumBackward1>)
Size of covariance_matrix: torch.Size([1, 7, 7])
Size of covariance_matrix_prime: torch.Size([1, 7, 7])
cosineSimilarity tensor([[1.0000, 1.0000, 1.0000, 1.0000, 1.0000, 1.0000, 1.0000]],
       grad_fn=<SumBackward1>)
Size of covariance_matrix: torch.Size([1, 7, 7])
Size of covariance_matrix_prime: torch.Size([1, 7, 7])
cosineSimilarity tensor([[1.0000, 1.0000, 1.0000, 1.0000, 1.0000, 1.0000, 1.0000]],
       grad_fn=<SumBackward1>)
Size of covariance_matrix: torch.Size([1, 7, 7])
Size of covariance_matrix_prime: torch.Size([1, 7, 7])
cosineSimilarity tensor([[1.0000, 1.0000, 1.0000, 1.0000, 1.0000, 1.0000, 1.0000]],
       grad_fn=<SumBackward1>)
Size of covariance_matrix: torch.Size([1, 7, 7])
Size of covariance_matrix_prime: torch.Size([1, 7, 7])
cosineSimilarity tensor([[1.0000, 1.0000, 1.0000, 1.0000, 1.0000, 1.0000, 1.0000]],
       grad_fn=<SumBackward1>)
Size of covariance_matrix: torch.Size([1, 7, 7])
Size of covariance_matrix_prime: torch.Size([1, 7, 7])
cosineSimilarity tensor([[1.0000, 1.0000, 1.0000, 1.0000, 1.0000, 1.0000, 1.0000]],
       grad_fn=<SumBackward1>)
Size of covariance_matrix: torch.Size([1, 7, 7])
Size of covariance_matrix_prime: torch.Size([1, 7, 7])
cosineSimilarity tensor([[1.0000, 1.0000, 1.0000, 1.0000, 1.0000, 1.0000, 1.0000]],
       grad_fn=<SumBackward1>)
Size of covariance_matrix: torch.Size([1, 7, 7])
Size of covariance_matrix_prime: torch.Size([1, 7, 7])
cosineSimilarity tensor([[1.0000, 1.0000, 1.0000, 1.0000, 1.0000, 1.0000, 1.0000]],
       grad_fn=<SumBackward1>)
Size of covariance_matrix: torch.Size([1, 7, 7])
Size of covariance_matrix_prime: torch.Size([1, 7, 7])
cosineSimilarity tensor([[1.0000, 1.0000, 1.0000, 1.0000, 1.0000, 1.0000, 1.0000]],
       grad_fn=<SumBackward1>)
Size of covariance_matrix: torch.Size([1, 7, 7])
Size of covariance_matrix_prime: torch.Size([1, 7, 7])
cosineSimilarity tensor([[1.0000, 1.0000, 1.0000, 1.0000, 1.0000, 1.0000, 1.0000]],
       grad_fn=<SumBackward1>)
Size of covariance_matrix: torch.Size([1, 7, 7])
Size of covariance_matrix_prime: torch.Size([1, 7, 7])
cosineSimilarity tensor([[1.0000, 1.0000, 1.0000, 1.0000, 1.0000, 1.0000, 1.0000]],
       grad_fn=<SumBackward1>)
Size of covariance_matrix: torch.Size([1, 7, 7])
Size of covariance_matrix_prime: torch.Size([1, 7, 7])
cosineSimilarity tensor([[1.0000, 1.0000, 1.0000, 1.0000, 1.0000, 1.0000, 1.0000]],
       grad_fn=<SumBackward1>)
Size of covariance_matrix: torch.Size([1, 7, 7])
Size of covariance_matrix_prime: torch.Size([1, 7, 7])
cosineSimilarity tensor([[1.0000, 1.0000, 1.0000, 1.0000, 1.0000, 1.0000, 1.0000]],
       grad_fn=<SumBackward1>)
Size of covariance_matrix: torch.Size([1, 7, 7])
Size of covariance_matrix_prime: torch.Size([1, 7, 7])
cosineSimilarity tensor([[1.0000, 1.0000, 1.0000, 1.0000, 1.0000, 1.0000, 1.0000]],
       grad_fn=<SumBackward1>)
Size of covariance_matrix: torch.Size([1, 7, 7])
Size of covariance_matrix_prime: torch.Size([1, 7, 7])
cosineSimilarity tensor([[1.0000, 1.0000, 1.0000, 1.0000, 1.0000, 1.0000, 1.0000]],
       grad_fn=<SumBackward1>)
Size of covariance_matrix: torch.Size([1, 7, 7])
Size of covariance_matrix_prime: torch.Size([1, 7, 7])
cosineSimilarity tensor([[1.0000, 1.0000, 1.0000, 1.0000, 1.0000, 1.0000, 1.0000]],
       grad_fn=<SumBackward1>)
Size of covariance_matrix: torch.Size([1, 7, 7])
Size of covariance_matrix_prime: torch.Size([1, 7, 7])
cosineSimilarity tensor([[1.0000, 1.0000, 1.0000, 1.0000, 1.0000, 1.0000, 1.0000]],
       grad_fn=<SumBackward1>)
Size of covariance_matrix: torch.Size([1, 7, 7])
Size of covariance_matrix_prime: torch.Size([1, 7, 7])
cosineSimilarity tensor([[1.0000, 1.0000, 1.0000, 1.0000, 1.0000, 1.0000, 1.0000]],
       grad_fn=<SumBackward1>)
Size of covariance_matrix: torch.Size([1, 7, 7])
Size of covariance_matrix_prime: torch.Size([1, 7, 7])
cosineSimilarity tensor([[1.0000, 1.0000, 1.0000, 1.0000, 1.0000, 1.0000, 1.0000]],
       grad_fn=<SumBackward1>)
Size of covariance_matrix: torch.Size([1, 7, 7])
Size of covariance_matrix_prime: torch.Size([1, 7, 7])
cosineSimilarity tensor([[1.0000, 1.0000, 1.0000, 1.0000, 1.0000, 1.0000, 1.0000]],
       grad_fn=<SumBackward1>)
Size of covariance_matrix: torch.Size([1, 7, 7])
Size of covariance_matrix_prime: torch.Size([1, 7, 7])
cosineSimilarity tensor([[1.0000, 1.0000, 1.0000, 1.0000, 1.0000, 1.0000, 1.0000]],
       grad_fn=<SumBackward1>)
Size of covariance_matrix: torch.Size([1, 7, 7])
Size of covariance_matrix_prime: torch.Size([1, 7, 7])
cosineSimilarity tensor([[1.0000, 1.0000, 1.0000, 1.0000, 1.0000, 1.0000, 1.0000]],
       grad_fn=<SumBackward1>)
Size of covariance_matrix: torch.Size([1, 7, 7])
Size of covariance_matrix_prime: torch.Size([1, 7, 7])
cosineSimilarity tensor([[1.0000, 1.0000, 1.0000, 1.0000, 1.0000, 1.0000, 1.0000]],
       grad_fn=<SumBackward1>)
Size of covariance_matrix: torch.Size([1, 7, 7])
Size of covariance_matrix_prime: torch.Size([1, 7, 7])
cosineSimilarity tensor([[1.0000, 1.0000, 1.0000, 1.0000, 1.0000, 1.0000, 1.0000]],
       grad_fn=<SumBackward1>)
Size of covariance_matrix: torch.Size([1, 7, 7])
Size of covariance_matrix_prime: torch.Size([1, 7, 7])
cosineSimilarity tensor([[1.0000, 1.0000, 1.0000, 1.0000, 1.0000, 1.0000, 1.0000]],
       grad_fn=<SumBackward1>)
Size of covariance_matrix: torch.Size([1, 7, 7])
Size of covariance_matrix_prime: torch.Size([1, 7, 7])
cosineSimilarity tensor([[1.0000, 1.0000, 1.0000, 1.0000, 1.0000, 1.0000, 1.0000]],
       grad_fn=<SumBackward1>)
Size of covariance_matrix: torch.Size([1, 7, 7])
Size of covariance_matrix_prime: torch.Size([1, 7, 7])
cosineSimilarity tensor([[1.0000, 1.0000, 1.0000, 1.0000, 1.0000, 1.0000, 1.0000]],
       grad_fn=<SumBackward1>)
Size of covariance_matrix: torch.Size([1, 7, 7])
Size of covariance_matrix_prime: torch.Size([1, 7, 7])
cosineSimilarity tensor([[1.0000, 1.0000, 1.0000, 1.0000, 1.0000, 1.0000, 1.0000]],
       grad_fn=<SumBackward1>)
Size of covariance_matrix: torch.Size([1, 7, 7])
Size of covariance_matrix_prime: torch.Size([1, 7, 7])
cosineSimilarity tensor([[nan, nan, nan, nan, nan, nan, nan]], grad_fn=<SumBackward1>)
Size of covariance_matrix: torch.Size([1, 7, 7])
Size of covariance_matrix_prime: torch.Size([1, 7, 7])
cosineSimilarity tensor([[1.0000, 1.0000, 1.0000, 1.0000, 1.0000, 1.0000, 1.0000]],
       grad_fn=<SumBackward1>)
Size of covariance_matrix: torch.Size([1, 7, 7])
Size of covariance_matrix_prime: torch.Size([1, 7, 7])
cosineSimilarity tensor([[1.0000, 1.0000, 1.0000, 1.0000, 1.0000, 1.0000, 1.0000]],
       grad_fn=<SumBackward1>)
Size of covariance_matrix: torch.Size([1, 7, 7])
Size of covariance_matrix_prime: torch.Size([1, 7, 7])
cosineSimilarity tensor([[1.0000, 1.0000, 1.0000, 1.0000, 1.0000, 1.0000, 1.0000]],
       grad_fn=<SumBackward1>)
Size of covariance_matrix: torch.Size([1, 7, 7])
Size of covariance_matrix_prime: torch.Size([1, 7, 7])
cosineSimilarity tensor([[1.0000, 1.0000, 1.0000, 1.0000, 1.0000, 1.0000, 1.0000]],
       grad_fn=<SumBackward1>)
Size of covariance_matrix: torch.Size([1, 7, 7])
Size of covariance_matrix_prime: torch.Size([1, 7, 7])
cosineSimilarity tensor([[1.0000, 1.0000, 1.0000, 1.0000, 1.0000, 1.0000, 1.0000]],
       grad_fn=<SumBackward1>)
Size of covariance_matrix: torch.Size([1, 7, 7])
Size of covariance_matrix_prime: torch.Size([1, 7, 7])
cosineSimilarity tensor([[1.0000, 1.0000, 1.0000, 1.0000, 1.0000, 1.0000, 1.0000]],
       grad_fn=<SumBackward1>)
Size of covariance_matrix: torch.Size([1, 7, 7])
Size of covariance_matrix_prime: torch.Size([1, 7, 7])
cosineSimilarity tensor([[1.0000, 1.0000, 1.0000, 1.0000, 1.0000, 1.0000, 1.0000]],
       grad_fn=<SumBackward1>)
Size of covariance_matrix: torch.Size([1, 7, 7])
Size of covariance_matrix_prime: torch.Size([1, 7, 7])
cosineSimilarity tensor([[1.0000, 1.0000, 1.0000, 1.0000, 1.0000, 1.0000, 1.0000]],
       grad_fn=<SumBackward1>)
Size of covariance_matrix: torch.Size([1, 7, 7])
Size of covariance_matrix_prime: torch.Size([1, 7, 7])
cosineSimilarity tensor([[1.0000, 1.0000, 1.0000, 1.0000, 1.0000, 1.0000, 1.0000]],
       grad_fn=<SumBackward1>)
Size of covariance_matrix: torch.Size([1, 7, 7])
Size of covariance_matrix_prime: torch.Size([1, 7, 7])
cosineSimilarity tensor([[1.0000, 1.0000, 1.0000, 1.0000, 1.0000, 1.0000, 1.0000]],
       grad_fn=<SumBackward1>)
Size of covariance_matrix: torch.Size([1, 7, 7])
Size of covariance_matrix_prime: torch.Size([1, 7, 7])
cosineSimilarity tensor([[1.0000, 1.0000, 1.0000, 1.0000, 1.0000, 1.0000, 1.0000]],
       grad_fn=<SumBackward1>)
Size of covariance_matrix: torch.Size([1, 7, 7])
Size of covariance_matrix_prime: torch.Size([1, 7, 7])
cosineSimilarity tensor([[nan, nan, nan, nan, nan, nan, nan]], grad_fn=<SumBackward1>)
Size of covariance_matrix: torch.Size([1, 7, 7])
Size of covariance_matrix_prime: torch.Size([1, 7, 7])
cosineSimilarity tensor([[1.0000, 1.0000, 1.0000, 1.0000, 1.0000, 1.0000, 1.0000]],
       grad_fn=<SumBackward1>)
Size of covariance_matrix: torch.Size([1, 7, 7])
Size of covariance_matrix_prime: torch.Size([1, 7, 7])
cosineSimilarity tensor([[1.0000, 1.0000, 1.0000, 1.0000, 1.0000, 1.0000, 1.0000]],
       grad_fn=<SumBackward1>)
Size of covariance_matrix: torch.Size([1, 7, 7])
Size of covariance_matrix_prime: torch.Size([1, 7, 7])
cosineSimilarity tensor([[1.0000, 1.0000, 1.0000, 1.0000, 1.0000, 1.0000, 1.0000]],
       grad_fn=<SumBackward1>)
Size of covariance_matrix: torch.Size([1, 7, 7])
Size of covariance_matrix_prime: torch.Size([1, 7, 7])
cosineSimilarity tensor([[1.0000, 1.0000, 1.0000, 1.0000, 1.0000, 1.0000, 1.0000]],
       grad_fn=<SumBackward1>)
Size of covariance_matrix: torch.Size([1, 7, 7])
Size of covariance_matrix_prime: torch.Size([1, 7, 7])
cosineSimilarity tensor([[1.0000, 1.0000, 1.0000, 1.0000, 1.0000, 1.0000, 1.0000]],
       grad_fn=<SumBackward1>)
Size of covariance_matrix: torch.Size([1, 7, 7])
Size of covariance_matrix_prime: torch.Size([1, 7, 7])
cosineSimilarity tensor([[1.0000, 1.0000, 1.0000, 1.0000, 1.0000, 1.0000, 1.0000]],
       grad_fn=<SumBackward1>)
Size of covariance_matrix: torch.Size([1, 7, 7])
Size of covariance_matrix_prime: torch.Size([1, 7, 7])
cosineSimilarity tensor([[1.0000, 1.0000, 1.0000, 1.0000, 1.0000, 1.0000, 1.0000]],
       grad_fn=<SumBackward1>)
Size of covariance_matrix: torch.Size([1, 7, 7])
Size of covariance_matrix_prime: torch.Size([1, 7, 7])
cosineSimilarity tensor([[1.0000, 1.0000, 1.0000, 1.0000, 1.0000, 1.0000, 1.0000]],
       grad_fn=<SumBackward1>)
Size of covariance_matrix: torch.Size([1, 7, 7])
Size of covariance_matrix_prime: torch.Size([1, 7, 7])
cosineSimilarity tensor([[1.0000, 1.0000, 1.0000, 1.0000, 1.0000, 1.0000, 1.0000]],
       grad_fn=<SumBackward1>)
Size of covariance_matrix: torch.Size([1, 7, 7])
Size of covariance_matrix_prime: torch.Size([1, 7, 7])
cosineSimilarity tensor([[1.0000, 1.0000, 1.0000, 1.0000, 1.0000, 1.0000, 1.0000]],
       grad_fn=<SumBackward1>)
Size of covariance_matrix: torch.Size([1, 7, 7])
Size of covariance_matrix_prime: torch.Size([1, 7, 7])
cosineSimilarity tensor([[1.0000, 1.0000, 1.0000, 1.0000, 1.0000, 1.0000, 1.0000]],
       grad_fn=<SumBackward1>)
Size of covariance_matrix: torch.Size([1, 7, 7])
Size of covariance_matrix_prime: torch.Size([1, 7, 7])
cosineSimilarity tensor([[1.0000, 1.0000, 1.0000, 1.0000, 1.0000, 1.0000, 1.0000]],
       grad_fn=<SumBackward1>)
Size of covariance_matrix: torch.Size([1, 7, 7])
Size of covariance_matrix_prime: torch.Size([1, 7, 7])
cosineSimilarity tensor([[1.0000, 1.0000, 1.0000, 1.0000, 1.0000, 1.0000, 1.0000]],
       grad_fn=<SumBackward1>)
Size of covariance_matrix: torch.Size([1, 7, 7])
Size of covariance_matrix_prime: torch.Size([1, 7, 7])
cosineSimilarity tensor([[1.0000, 1.0000, 1.0000, 1.0000, 1.0000, 1.0000, 1.0000]],
       grad_fn=<SumBackward1>)
Size of covariance_matrix: torch.Size([1, 7, 7])
Size of covariance_matrix_prime: torch.Size([1, 7, 7])
cosineSimilarity tensor([[1.0000, 1.0000, 1.0000, 1.0000, 1.0000, 1.0000, 1.0000]],
       grad_fn=<SumBackward1>)
Size of covariance_matrix: torch.Size([1, 7, 7])
Size of covariance_matrix_prime: torch.Size([1, 7, 7])
cosineSimilarity tensor([[1.0000, 1.0000, 1.0000, 1.0000, 1.0000, 1.0000, 1.0000]],
       grad_fn=<SumBackward1>)
Size of covariance_matrix: torch.Size([1, 7, 7])
Size of covariance_matrix_prime: torch.Size([1, 7, 7])
cosineSimilarity tensor([[1.0000, 1.0000, 1.0000, 1.0000, 1.0000, 1.0000, 1.0000]],
       grad_fn=<SumBackward1>)
Size of covariance_matrix: torch.Size([1, 7, 7])
Size of covariance_matrix_prime: torch.Size([1, 7, 7])
cosineSimilarity tensor([[1.0000, 1.0000, 1.0000, 1.0000, 1.0000, 1.0000, 1.0000]],
       grad_fn=<SumBackward1>)
Size of covariance_matrix: torch.Size([1, 7, 7])
Size of covariance_matrix_prime: torch.Size([1, 7, 7])
cosineSimilarity tensor([[1.0000, 1.0000, 1.0000, 1.0000, 1.0000, 1.0000, 1.0000]],
       grad_fn=<SumBackward1>)
Size of covariance_matrix: torch.Size([1, 7, 7])
Size of covariance_matrix_prime: torch.Size([1, 7, 7])
cosineSimilarity tensor([[1.0000, 1.0000, 1.0000, 1.0000, 1.0000, 1.0000, 1.0000]],
       grad_fn=<SumBackward1>)
Size of covariance_matrix: torch.Size([1, 7, 7])
Size of covariance_matrix_prime: torch.Size([1, 7, 7])
cosineSimilarity tensor([[1.0000, 1.0000, 1.0000, 1.0000, 1.0000, 1.0000, 1.0000]],
       grad_fn=<SumBackward1>)
Size of covariance_matrix: torch.Size([1, 7, 7])
Size of covariance_matrix_prime: torch.Size([1, 7, 7])
cosineSimilarity tensor([[1.0000, 1.0000, 1.0000, 1.0000, 1.0000, 1.0000, 1.0000]],
       grad_fn=<SumBackward1>)
Size of covariance_matrix: torch.Size([1, 7, 7])
Size of covariance_matrix_prime: torch.Size([1, 7, 7])
cosineSimilarity tensor([[1.0000, 1.0000, 1.0000, 1.0000, 1.0000, 1.0000, 1.0000]],
       grad_fn=<SumBackward1>)
Size of covariance_matrix: torch.Size([1, 7, 7])
Size of covariance_matrix_prime: torch.Size([1, 7, 7])
cosineSimilarity tensor([[1.0000, 1.0000, 1.0000, 1.0000, 1.0000, 1.0000, 1.0000]],
       grad_fn=<SumBackward1>)
Size of covariance_matrix: torch.Size([1, 7, 7])
Size of covariance_matrix_prime: torch.Size([1, 7, 7])
cosineSimilarity tensor([[1.0000, 1.0000, 1.0000, 1.0000, 1.0000, 1.0000, 1.0000]],
       grad_fn=<SumBackward1>)
Size of covariance_matrix: torch.Size([1, 7, 7])
Size of covariance_matrix_prime: torch.Size([1, 7, 7])
cosineSimilarity tensor([[1.0000, 1.0000, 1.0000, 1.0000, 1.0000, 1.0000, 1.0000]],
       grad_fn=<SumBackward1>)
Size of covariance_matrix: torch.Size([1, 7, 7])
Size of covariance_matrix_prime: torch.Size([1, 7, 7])
cosineSimilarity tensor([[1.0000, 1.0000, 1.0000, 1.0000, 1.0000, 1.0000, 1.0000]],
       grad_fn=<SumBackward1>)
Size of covariance_matrix: torch.Size([1, 7, 7])
Size of covariance_matrix_prime: torch.Size([1, 7, 7])
cosineSimilarity tensor([[1.0000, 1.0000, 1.0000, 1.0000, 1.0000, 1.0000, 1.0000]],
       grad_fn=<SumBackward1>)
Size of covariance_matrix: torch.Size([1, 7, 7])
Size of covariance_matrix_prime: torch.Size([1, 7, 7])
cosineSimilarity tensor([[1.0000, 1.0000, 1.0000, 1.0000, 1.0000, 1.0000, 1.0000]],
       grad_fn=<SumBackward1>)
Size of covariance_matrix: torch.Size([1, 7, 7])
Size of covariance_matrix_prime: torch.Size([1, 7, 7])
cosineSimilarity tensor([[1.0000, 1.0000, 1.0000, 1.0000, 1.0000, 1.0000, 1.0000]],
       grad_fn=<SumBackward1>)
Size of covariance_matrix: torch.Size([1, 7, 7])
Size of covariance_matrix_prime: torch.Size([1, 7, 7])
cosineSimilarity tensor([[1.0000, 1.0000, 1.0000, 1.0000, 1.0000, 1.0000, 1.0000]],
       grad_fn=<SumBackward1>)
Size of covariance_matrix: torch.Size([1, 7, 7])
Size of covariance_matrix_prime: torch.Size([1, 7, 7])
cosineSimilarity tensor([[1.0000, 1.0000, 1.0000, 1.0000, 1.0000, 1.0000, 1.0000]],
       grad_fn=<SumBackward1>)
Size of covariance_matrix: torch.Size([1, 7, 7])
Size of covariance_matrix_prime: torch.Size([1, 7, 7])
cosineSimilarity tensor([[1.0000, 1.0000, 1.0000, 1.0000, 1.0000, 1.0000, 1.0000]],
       grad_fn=<SumBackward1>)
Size of covariance_matrix: torch.Size([1, 7, 7])
Size of covariance_matrix_prime: torch.Size([1, 7, 7])
cosineSimilarity tensor([[1.0000, 1.0000, 1.0000, 1.0000, 1.0000, 1.0000, 1.0000]],
       grad_fn=<SumBackward1>)
Size of covariance_matrix: torch.Size([1, 7, 7])
Size of covariance_matrix_prime: torch.Size([1, 7, 7])
cosineSimilarity tensor([[1.0000, 1.0000, 1.0000, 1.0000, 1.0000, 1.0000, 1.0000]],
       grad_fn=<SumBackward1>)
Size of covariance_matrix: torch.Size([1, 7, 7])
Size of covariance_matrix_prime: torch.Size([1, 7, 7])
cosineSimilarity tensor([[1.0000, 1.0000, 1.0000, 1.0000, 1.0000, 1.0000, 1.0000]],
       grad_fn=<SumBackward1>)
Size of covariance_matrix: torch.Size([1, 7, 7])
Size of covariance_matrix_prime: torch.Size([1, 7, 7])
cosineSimilarity tensor([[1.0000, 1.0000, 1.0000, 1.0000, 1.0000, 1.0000, 1.0000]],
       grad_fn=<SumBackward1>)
Size of covariance_matrix: torch.Size([1, 7, 7])
Size of covariance_matrix_prime: torch.Size([1, 7, 7])
cosineSimilarity tensor([[1.0000, 1.0000, 1.0000, 1.0000, 1.0000, 1.0000, 1.0000]],
       grad_fn=<SumBackward1>)
Size of covariance_matrix: torch.Size([1, 7, 7])
Size of covariance_matrix_prime: torch.Size([1, 7, 7])
cosineSimilarity tensor([[1.0000, 1.0000, 1.0000, 1.0000, 1.0000, 1.0000, 1.0000]],
       grad_fn=<SumBackward1>)
Size of covariance_matrix: torch.Size([1, 7, 7])
Size of covariance_matrix_prime: torch.Size([1, 7, 7])
cosineSimilarity tensor([[1.0000, 1.0000, 1.0000, 1.0000, 1.0000, 1.0000, 1.0000]],
       grad_fn=<SumBackward1>)
Size of covariance_matrix: torch.Size([1, 7, 7])
Size of covariance_matrix_prime: torch.Size([1, 7, 7])
cosineSimilarity tensor([[1.0000, 1.0000, 1.0000, 1.0000, 1.0000, 1.0000, 1.0000]],
       grad_fn=<SumBackward1>)
Size of covariance_matrix: torch.Size([1, 7, 7])
Size of covariance_matrix_prime: torch.Size([1, 7, 7])
cosineSimilarity tensor([[1.0000, 1.0000, 1.0000, 1.0000, 1.0000, 1.0000, 1.0000]],
       grad_fn=<SumBackward1>)
Size of covariance_matrix: torch.Size([1, 7, 7])
Size of covariance_matrix_prime: torch.Size([1, 7, 7])
cosineSimilarity tensor([[1.0000, 1.0000, 1.0000, 1.0000, 1.0000, 1.0000, 1.0000]],
       grad_fn=<SumBackward1>)
Size of covariance_matrix: torch.Size([1, 7, 7])
Size of covariance_matrix_prime: torch.Size([1, 7, 7])
cosineSimilarity tensor([[1.0000, 1.0000, 1.0000, 1.0000, 1.0000, 1.0000, 1.0000]],
       grad_fn=<SumBackward1>)
Size of covariance_matrix: torch.Size([1, 7, 7])
Size of covariance_matrix_prime: torch.Size([1, 7, 7])
cosineSimilarity tensor([[1.0000, 1.0000, 1.0000, 1.0000, 1.0000, 1.0000, 1.0000]],
       grad_fn=<SumBackward1>)
Size of covariance_matrix: torch.Size([1, 7, 7])
Size of covariance_matrix_prime: torch.Size([1, 7, 7])
cosineSimilarity tensor([[1.0000, 1.0000, 1.0000, 1.0000, 1.0000, 1.0000, 1.0000]],
       grad_fn=<SumBackward1>)
Size of covariance_matrix: torch.Size([1, 7, 7])
Size of covariance_matrix_prime: torch.Size([1, 7, 7])
cosineSimilarity tensor([[1.0000, 1.0000, 1.0000, 1.0000, 1.0000, 1.0000, 1.0000]],
       grad_fn=<SumBackward1>)
Size of covariance_matrix: torch.Size([1, 7, 7])
Size of covariance_matrix_prime: torch.Size([1, 7, 7])
cosineSimilarity tensor([[1.0000, 1.0000, 1.0000, 1.0000, 1.0000, 1.0000, 1.0000]],
       grad_fn=<SumBackward1>)
Size of covariance_matrix: torch.Size([1, 7, 7])
Size of covariance_matrix_prime: torch.Size([1, 7, 7])
cosineSimilarity tensor([[1.0000, 1.0000, 1.0000, 1.0000, 1.0000, 1.0000, 1.0000]],
       grad_fn=<SumBackward1>)
Size of covariance_matrix: torch.Size([1, 7, 7])
Size of covariance_matrix_prime: torch.Size([1, 7, 7])
cosineSimilarity tensor([[1.0000, 1.0000, 1.0000, 1.0000, 1.0000, 1.0000, 1.0000]],
       grad_fn=<SumBackward1>)
Size of covariance_matrix: torch.Size([1, 7, 7])
Size of covariance_matrix_prime: torch.Size([1, 7, 7])
cosineSimilarity tensor([[1.0000, 1.0000, 1.0000, 1.0000, 1.0000, 1.0000, 1.0000]],
       grad_fn=<SumBackward1>)
Size of covariance_matrix: torch.Size([1, 7, 7])
Size of covariance_matrix_prime: torch.Size([1, 7, 7])
cosineSimilarity tensor([[1.0000, 1.0000, 1.0000, 1.0000, 1.0000, 1.0000, 1.0000]],
       grad_fn=<SumBackward1>)
Size of covariance_matrix: torch.Size([1, 7, 7])
Size of covariance_matrix_prime: torch.Size([1, 7, 7])
cosineSimilarity tensor([[1.0000, 1.0000, 1.0000, 1.0000, 1.0000, 1.0000, 1.0000]],
       grad_fn=<SumBackward1>)
Size of covariance_matrix: torch.Size([1, 7, 7])
Size of covariance_matrix_prime: torch.Size([1, 7, 7])
cosineSimilarity tensor([[1.0000, 1.0000, 1.0000, 1.0000, 1.0000, 1.0000, 1.0000]],
       grad_fn=<SumBackward1>)
Size of covariance_matrix: torch.Size([1, 7, 7])
Size of covariance_matrix_prime: torch.Size([1, 7, 7])
cosineSimilarity tensor([[1.0000, 1.0000, 1.0000, 1.0000, 1.0000, 1.0000, 1.0000]],
       grad_fn=<SumBackward1>)
Size of covariance_matrix: torch.Size([1, 7, 7])
Size of covariance_matrix_prime: torch.Size([1, 7, 7])
cosineSimilarity tensor([[1.0000, 1.0000, 1.0000, 1.0000, 1.0000, 1.0000, 1.0000]],
       grad_fn=<SumBackward1>)
Size of covariance_matrix: torch.Size([1, 7, 7])
Size of covariance_matrix_prime: torch.Size([1, 7, 7])
cosineSimilarity tensor([[1.0000, 1.0000, 1.0000, 1.0000, 1.0000, 1.0000, 1.0000]],
       grad_fn=<SumBackward1>)
Size of covariance_matrix: torch.Size([1, 7, 7])
Size of covariance_matrix_prime: torch.Size([1, 7, 7])
cosineSimilarity tensor([[1.0000, 1.0000, 1.0000, 1.0000, 1.0000, 1.0000, 1.0000]],
       grad_fn=<SumBackward1>)
Size of covariance_matrix: torch.Size([1, 7, 7])
Size of covariance_matrix_prime: torch.Size([1, 7, 7])
cosineSimilarity tensor([[1.0000, 1.0000, 1.0000, 1.0000, 1.0000, 1.0000, 1.0000]],
       grad_fn=<SumBackward1>)
Size of covariance_matrix: torch.Size([1, 7, 7])
Size of covariance_matrix_prime: torch.Size([1, 7, 7])
cosineSimilarity tensor([[1.0000, 1.0000, 1.0000, 1.0000, 1.0000, 1.0000, 1.0000]],
       grad_fn=<SumBackward1>)
Size of covariance_matrix: torch.Size([1, 7, 7])
Size of covariance_matrix_prime: torch.Size([1, 7, 7])
cosineSimilarity tensor([[1.0000, 1.0000, 1.0000, 1.0000, 1.0000, 1.0000, 1.0000]],
       grad_fn=<SumBackward1>)
Size of covariance_matrix: torch.Size([1, 7, 7])
Size of covariance_matrix_prime: torch.Size([1, 7, 7])
cosineSimilarity tensor([[1.0000, 1.0000, 1.0000, 1.0000, 1.0000, 1.0000, 1.0000]],
       grad_fn=<SumBackward1>)
Size of covariance_matrix: torch.Size([1, 7, 7])
Size of covariance_matrix_prime: torch.Size([1, 7, 7])
cosineSimilarity tensor([[1.0000, 1.0000, 1.0000, 1.0000, 1.0000, 1.0000, 1.0000]],
       grad_fn=<SumBackward1>)
Size of covariance_matrix: torch.Size([1, 7, 7])
Size of covariance_matrix_prime: torch.Size([1, 7, 7])
cosineSimilarity tensor([[1.0000, 1.0000, 1.0000, 1.0000, 1.0000, 1.0000, 1.0000]],
       grad_fn=<SumBackward1>)
Size of covariance_matrix: torch.Size([1, 7, 7])
Size of covariance_matrix_prime: torch.Size([1, 7, 7])
cosineSimilarity tensor([[1.0000, 1.0000, 1.0000, 1.0000, 1.0000, 1.0000, 1.0000]],
       grad_fn=<SumBackward1>)
Size of covariance_matrix: torch.Size([1, 7, 7])
Size of covariance_matrix_prime: torch.Size([1, 7, 7])
cosineSimilarity tensor([[1.0000, 1.0000, 1.0000, 1.0000, 1.0000, 1.0000, 1.0000]],
       grad_fn=<SumBackward1>)
Size of covariance_matrix: torch.Size([1, 7, 7])
Size of covariance_matrix_prime: torch.Size([1, 7, 7])
cosineSimilarity tensor([[1.0000, 1.0000, 1.0000, 1.0000, 1.0000, 1.0000, 1.0000]],
       grad_fn=<SumBackward1>)
Size of covariance_matrix: torch.Size([1, 7, 7])
Size of covariance_matrix_prime: torch.Size([1, 7, 7])
cosineSimilarity tensor([[1.0000, 1.0000, 1.0000, 1.0000, 1.0000, 1.0000, 1.0000]],
       grad_fn=<SumBackward1>)
Size of covariance_matrix: torch.Size([1, 7, 7])
Size of covariance_matrix_prime: torch.Size([1, 7, 7])
cosineSimilarity tensor([[1.0000, 1.0000, 1.0000, 1.0000, 1.0000, 1.0000, 1.0000]],
       grad_fn=<SumBackward1>)
Size of covariance_matrix: torch.Size([1, 7, 7])
Size of covariance_matrix_prime: torch.Size([1, 7, 7])
cosineSimilarity tensor([[1.0000, 1.0000, 1.0000, 1.0000, 1.0000, 1.0000, 1.0000]],
       grad_fn=<SumBackward1>)
Size of covariance_matrix: torch.Size([1, 7, 7])
Size of covariance_matrix_prime: torch.Size([1, 7, 7])
cosineSimilarity tensor([[1.0000, 1.0000, 1.0000, 1.0000, 1.0000, 1.0000, 1.0000]],
       grad_fn=<SumBackward1>)
Size of covariance_matrix: torch.Size([1, 7, 7])
Size of covariance_matrix_prime: torch.Size([1, 7, 7])
cosineSimilarity tensor([[1.0000, 1.0000, 1.0000, 1.0000, 1.0000, 1.0000, 1.0000]],
       grad_fn=<SumBackward1>)
Size of covariance_matrix: torch.Size([1, 7, 7])
Size of covariance_matrix_prime: torch.Size([1, 7, 7])
cosineSimilarity tensor([[1.0000, 1.0000, 1.0000, 1.0000, 1.0000, 1.0000, 1.0000]],
       grad_fn=<SumBackward1>)
Size of covariance_matrix: torch.Size([1, 7, 7])
Size of covariance_matrix_prime: torch.Size([1, 7, 7])
cosineSimilarity tensor([[1.0000, 1.0000, 1.0000, 1.0000, 1.0000, 1.0000, 1.0000]],
       grad_fn=<SumBackward1>)
Size of covariance_matrix: torch.Size([1, 7, 7])
Size of covariance_matrix_prime: torch.Size([1, 7, 7])
cosineSimilarity tensor([[1.0000, 1.0000, 1.0000, 1.0000, 1.0000, 1.0000, 1.0000]],
       grad_fn=<SumBackward1>)
Size of covariance_matrix: torch.Size([1, 7, 7])
Size of covariance_matrix_prime: torch.Size([1, 7, 7])
cosineSimilarity tensor([[1.0000, 1.0000, 1.0000, 1.0000, 1.0000, 1.0000, 1.0000]],
       grad_fn=<SumBackward1>)
Size of covariance_matrix: torch.Size([1, 7, 7])
Size of covariance_matrix_prime: torch.Size([1, 7, 7])
cosineSimilarity tensor([[1.0000, 1.0000, 1.0000, 1.0000, 1.0000, 1.0000, 1.0000]],
       grad_fn=<SumBackward1>)
Size of covariance_matrix: torch.Size([1, 7, 7])
Size of covariance_matrix_prime: torch.Size([1, 7, 7])
cosineSimilarity tensor([[1.0000, 1.0000, 1.0000, 1.0000, 1.0000, 1.0000, 1.0000]],
       grad_fn=<SumBackward1>)
Size of covariance_matrix: torch.Size([1, 7, 7])
Size of covariance_matrix_prime: torch.Size([1, 7, 7])
cosineSimilarity tensor([[1.0000, 1.0000, 1.0000, 1.0000, 1.0000, 1.0000, 1.0000]],
       grad_fn=<SumBackward1>)
Size of covariance_matrix: torch.Size([1, 7, 7])
Size of covariance_matrix_prime: torch.Size([1, 7, 7])
cosineSimilarity tensor([[1.0000, 1.0000, 1.0000, 1.0000, 1.0000, 1.0000, 1.0000]],
       grad_fn=<SumBackward1>)
Size of covariance_matrix: torch.Size([1, 7, 7])
Size of covariance_matrix_prime: torch.Size([1, 7, 7])
cosineSimilarity tensor([[1.0000, 1.0000, 1.0000, 1.0000, 1.0000, 1.0000, 1.0000]],
       grad_fn=<SumBackward1>)
Size of covariance_matrix: torch.Size([1, 7, 7])
Size of covariance_matrix_prime: torch.Size([1, 7, 7])
cosineSimilarity tensor([[1.0000, 1.0000, 1.0000, 1.0000, 1.0000, 1.0000, 1.0000]],
       grad_fn=<SumBackward1>)
Size of covariance_matrix: torch.Size([1, 7, 7])
Size of covariance_matrix_prime: torch.Size([1, 7, 7])
cosineSimilarity tensor([[1.0000, 1.0000, 1.0000, 1.0000, 1.0000, 1.0000, 1.0000]],
       grad_fn=<SumBackward1>)
Size of covariance_matrix: torch.Size([1, 7, 7])
Size of covariance_matrix_prime: torch.Size([1, 7, 7])
cosineSimilarity tensor([[1.0000, 1.0000, 1.0000, 1.0000, 1.0000, 1.0000, 1.0000]],
       grad_fn=<SumBackward1>)
Size of covariance_matrix: torch.Size([1, 7, 7])
Size of covariance_matrix_prime: torch.Size([1, 7, 7])
cosineSimilarity tensor([[1.0000, 1.0000, 1.0000, 1.0000, 1.0000, 1.0000, 1.0000]],
       grad_fn=<SumBackward1>)
Size of covariance_matrix: torch.Size([1, 7, 7])
Size of covariance_matrix_prime: torch.Size([1, 7, 7])
cosineSimilarity tensor([[1.0000, 1.0000, 1.0000, 1.0000, 1.0000, 1.0000, 1.0000]],
       grad_fn=<SumBackward1>)
Size of covariance_matrix: torch.Size([1, 7, 7])
Size of covariance_matrix_prime: torch.Size([1, 7, 7])
cosineSimilarity tensor([[1.0000, 1.0000, 1.0000, 1.0000, 1.0000, 1.0000, 1.0000]],
       grad_fn=<SumBackward1>)
Size of covariance_matrix: torch.Size([1, 7, 7])
Size of covariance_matrix_prime: torch.Size([1, 7, 7])
cosineSimilarity tensor([[1.0000, 1.0000, 1.0000, 1.0000, 1.0000, 1.0000, 1.0000]],
       grad_fn=<SumBackward1>)
Size of covariance_matrix: torch.Size([1, 7, 7])
Size of covariance_matrix_prime: torch.Size([1, 7, 7])
cosineSimilarity tensor([[1.0000, 1.0000, 1.0000, 1.0000, 1.0000, 1.0000, 1.0000]],
       grad_fn=<SumBackward1>)
Size of covariance_matrix: torch.Size([1, 7, 7])
Size of covariance_matrix_prime: torch.Size([1, 7, 7])
cosineSimilarity tensor([[1.0000, 1.0000, 1.0000, 1.0000, 1.0000, 1.0000, 1.0000]],
       grad_fn=<SumBackward1>)
Size of covariance_matrix: torch.Size([1, 7, 7])
Size of covariance_matrix_prime: torch.Size([1, 7, 7])
cosineSimilarity tensor([[1.0000, 1.0000, 1.0000, 1.0000, 1.0000, 1.0000, 1.0000]],
       grad_fn=<SumBackward1>)
Size of covariance_matrix: torch.Size([1, 7, 7])
Size of covariance_matrix_prime: torch.Size([1, 7, 7])
cosineSimilarity tensor([[1.0000, 1.0000, 1.0000, 1.0000, 1.0000, 1.0000, 1.0000]],
       grad_fn=<SumBackward1>)
Size of covariance_matrix: torch.Size([1, 7, 7])
Size of covariance_matrix_prime: torch.Size([1, 7, 7])
cosineSimilarity tensor([[1.0000, 1.0000, 1.0000, 1.0000, 1.0000, 1.0000, 1.0000]],
       grad_fn=<SumBackward1>)
Size of covariance_matrix: torch.Size([1, 7, 7])
Size of covariance_matrix_prime: torch.Size([1, 7, 7])
cosineSimilarity tensor([[1.0000, 1.0000, 1.0000, 1.0000, 1.0000, 1.0000, 1.0000]],
       grad_fn=<SumBackward1>)
Size of covariance_matrix: torch.Size([1, 7, 7])
Size of covariance_matrix_prime: torch.Size([1, 7, 7])
cosineSimilarity tensor([[1.0000, 1.0000, 1.0000, 1.0000, 1.0000, 1.0000, 1.0000]],
       grad_fn=<SumBackward1>)
Size of covariance_matrix: torch.Size([1, 7, 7])
Size of covariance_matrix_prime: torch.Size([1, 7, 7])
cosineSimilarity tensor([[1.0000, 1.0000, 1.0000, 1.0000, 1.0000, 1.0000, 1.0000]],
       grad_fn=<SumBackward1>)
Size of covariance_matrix: torch.Size([1, 7, 7])
Size of covariance_matrix_prime: torch.Size([1, 7, 7])
cosineSimilarity tensor([[1.0000, 1.0000, 1.0000, 1.0000, 1.0000, 1.0000, 1.0000]],
       grad_fn=<SumBackward1>)
Size of covariance_matrix: torch.Size([1, 7, 7])
Size of covariance_matrix_prime: torch.Size([1, 7, 7])
cosineSimilarity tensor([[1.0000, 1.0000, 1.0000, 1.0000, 1.0000, 1.0000, 1.0000]],
       grad_fn=<SumBackward1>)
Size of covariance_matrix: torch.Size([1, 7, 7])
Size of covariance_matrix_prime: torch.Size([1, 7, 7])
cosineSimilarity tensor([[nan, nan, nan, nan, nan, nan, nan]], grad_fn=<SumBackward1>)
Size of covariance_matrix: torch.Size([1, 7, 7])
Size of covariance_matrix_prime: torch.Size([1, 7, 7])
cosineSimilarity tensor([[1.0000, 1.0000, 1.0000, 1.0000, 1.0000, 1.0000, 1.0000]],
       grad_fn=<SumBackward1>)
Size of covariance_matrix: torch.Size([1, 7, 7])
Size of covariance_matrix_prime: torch.Size([1, 7, 7])
cosineSimilarity tensor([[1.0000, 1.0000, 1.0000, 1.0000, 1.0000, 1.0000, 1.0000]],
       grad_fn=<SumBackward1>)
Size of covariance_matrix: torch.Size([1, 7, 7])
Size of covariance_matrix_prime: torch.Size([1, 7, 7])
cosineSimilarity tensor([[1.0000, 1.0000, 1.0000, 1.0000, 1.0000, 1.0000, 1.0000]],
       grad_fn=<SumBackward1>)
Size of covariance_matrix: torch.Size([1, 7, 7])
Size of covariance_matrix_prime: torch.Size([1, 7, 7])
cosineSimilarity tensor([[1.0000, 1.0000, 1.0000, 1.0000, 1.0000, 1.0000, 1.0000]],
       grad_fn=<SumBackward1>)
Size of covariance_matrix: torch.Size([1, 7, 7])
Size of covariance_matrix_prime: torch.Size([1, 7, 7])
cosineSimilarity tensor([[1.0000, 1.0000, 1.0000, 1.0000, 1.0000, 1.0000, 1.0000]],
       grad_fn=<SumBackward1>)
Size of covariance_matrix: torch.Size([1, 7, 7])
Size of covariance_matrix_prime: torch.Size([1, 7, 7])
cosineSimilarity tensor([[1.0000, 1.0000, 1.0000, 1.0000, 1.0000, 1.0000, 1.0000]],
       grad_fn=<SumBackward1>)
Size of covariance_matrix: torch.Size([1, 7, 7])
Size of covariance_matrix_prime: torch.Size([1, 7, 7])
cosineSimilarity tensor([[1.0000, 1.0000, 1.0000, 1.0000, 1.0000, 1.0000, 1.0000]],
       grad_fn=<SumBackward1>)
Size of covariance_matrix: torch.Size([1, 7, 7])
Size of covariance_matrix_prime: torch.Size([1, 7, 7])
cosineSimilarity tensor([[1.0000, 1.0000, 1.0000, 1.0000, 1.0000, 1.0000, 1.0000]],
       grad_fn=<SumBackward1>)
Size of covariance_matrix: torch.Size([1, 7, 7])
Size of covariance_matrix_prime: torch.Size([1, 7, 7])
cosineSimilarity tensor([[1.0000, 1.0000, 1.0000, 1.0000, 1.0000, 1.0000, 1.0000]],
       grad_fn=<SumBackward1>)
Size of covariance_matrix: torch.Size([1, 7, 7])
Size of covariance_matrix_prime: torch.Size([1, 7, 7])
cosineSimilarity tensor([[1.0000, 1.0000, 1.0000, 1.0000, 1.0000, 1.0000, 1.0000]],
       grad_fn=<SumBackward1>)
Size of covariance_matrix: torch.Size([1, 7, 7])
Size of covariance_matrix_prime: torch.Size([1, 7, 7])
cosineSimilarity tensor([[1.0000, 1.0000, 1.0000, 1.0000, 1.0000, 1.0000, 1.0000]],
       grad_fn=<SumBackward1>)
Size of covariance_matrix: torch.Size([1, 7, 7])
Size of covariance_matrix_prime: torch.Size([1, 7, 7])
cosineSimilarity tensor([[1.0000, 1.0000, 1.0000, 1.0000, 1.0000, 1.0000, 1.0000]],
       grad_fn=<SumBackward1>)
Size of covariance_matrix: torch.Size([1, 7, 7])
Size of covariance_matrix_prime: torch.Size([1, 7, 7])
cosineSimilarity tensor([[nan, nan, nan, nan, nan, nan, nan]], grad_fn=<SumBackward1>)
Size of covariance_matrix: torch.Size([1, 7, 7])
Size of covariance_matrix_prime: torch.Size([1, 7, 7])
cosineSimilarity tensor([[1.0000, 1.0000, 1.0000, 1.0000, 1.0000, 1.0000, 1.0000]],
       grad_fn=<SumBackward1>)
Size of covariance_matrix: torch.Size([1, 7, 7])
Size of covariance_matrix_prime: torch.Size([1, 7, 7])
cosineSimilarity tensor([[1.0000, 1.0000, 1.0000, 1.0000, 1.0000, 1.0000, 1.0000]],
       grad_fn=<SumBackward1>)
Size of covariance_matrix: torch.Size([1, 7, 7])
Size of covariance_matrix_prime: torch.Size([1, 7, 7])
cosineSimilarity tensor([[1.0000, 1.0000, 1.0000, 1.0000, 1.0000, 1.0000, 1.0000]],
       grad_fn=<SumBackward1>)
Size of covariance_matrix: torch.Size([1, 7, 7])
Size of covariance_matrix_prime: torch.Size([1, 7, 7])
cosineSimilarity tensor([[1.0000, 1.0000, 1.0000, 1.0000, 1.0000, 1.0000, 1.0000]],
       grad_fn=<SumBackward1>)
Size of covariance_matrix: torch.Size([1, 7, 7])
Size of covariance_matrix_prime: torch.Size([1, 7, 7])
cosineSimilarity tensor([[1.0000, 1.0000, 1.0000, 1.0000, 1.0000, 1.0000, 1.0000]],
       grad_fn=<SumBackward1>)
Size of covariance_matrix: torch.Size([1, 7, 7])
Size of covariance_matrix_prime: torch.Size([1, 7, 7])
cosineSimilarity tensor([[1.0000, 1.0000, 1.0000, 1.0000, 1.0000, 1.0000, 1.0000]],
       grad_fn=<SumBackward1>)
Size of covariance_matrix: torch.Size([1, 7, 7])
Size of covariance_matrix_prime: torch.Size([1, 7, 7])
cosineSimilarity tensor([[1.0000, 1.0000, 1.0000, 1.0000, 1.0000, 1.0000, 1.0000]],
       grad_fn=<SumBackward1>)
Size of covariance_matrix: torch.Size([1, 7, 7])
Size of covariance_matrix_prime: torch.Size([1, 7, 7])
cosineSimilarity tensor([[1.0000, 1.0000, 1.0000, 1.0000, 1.0000, 1.0000, 1.0000]],
       grad_fn=<SumBackward1>)
Size of covariance_matrix: torch.Size([1, 7, 7])
Size of covariance_matrix_prime: torch.Size([1, 7, 7])
cosineSimilarity tensor([[1.0000, 1.0000, 1.0000, 1.0000, 1.0000, 1.0000, 1.0000]],
       grad_fn=<SumBackward1>)
Size of covariance_matrix: torch.Size([1, 7, 7])
Size of covariance_matrix_prime: torch.Size([1, 7, 7])
cosineSimilarity tensor([[1.0000, 1.0000, 1.0000, 1.0000, 1.0000, 1.0000, 1.0000]],
       grad_fn=<SumBackward1>)
Size of covariance_matrix: torch.Size([1, 7, 7])
Size of covariance_matrix_prime: torch.Size([1, 7, 7])
cosineSimilarity tensor([[1.0000, 1.0000, 1.0000, 1.0000, 1.0000, 1.0000, 1.0000]],
       grad_fn=<SumBackward1>)
Size of covariance_matrix: torch.Size([1, 7, 7])
Size of covariance_matrix_prime: torch.Size([1, 7, 7])
cosineSimilarity tensor([[1.0000, 1.0000, 1.0000, 1.0000, 1.0000, 1.0000, 1.0000]],
       grad_fn=<SumBackward1>)
Size of covariance_matrix: torch.Size([1, 7, 7])
Size of covariance_matrix_prime: torch.Size([1, 7, 7])
cosineSimilarity tensor([[1.0000, 1.0000, 1.0000, 1.0000, 1.0000, 1.0000, 1.0000]],
       grad_fn=<SumBackward1>)
Size of covariance_matrix: torch.Size([1, 7, 7])
Size of covariance_matrix_prime: torch.Size([1, 7, 7])
cosineSimilarity tensor([[1.0000, 1.0000, 1.0000, 1.0000, 1.0000, 1.0000, 1.0000]],
       grad_fn=<SumBackward1>)
Size of covariance_matrix: torch.Size([1, 7, 7])
Size of covariance_matrix_prime: torch.Size([1, 7, 7])
cosineSimilarity tensor([[1.0000, 1.0000, 1.0000, 1.0000, 1.0000, 1.0000, 1.0000]],
       grad_fn=<SumBackward1>)
Size of covariance_matrix: torch.Size([1, 7, 7])
Size of covariance_matrix_prime: torch.Size([1, 7, 7])
cosineSimilarity tensor([[1.0000, 1.0000, 1.0000, 1.0000, 1.0000, 1.0000, 1.0000]],
       grad_fn=<SumBackward1>)
Size of covariance_matrix: torch.Size([1, 7, 7])
Size of covariance_matrix_prime: torch.Size([1, 7, 7])
cosineSimilarity tensor([[1.0000, 1.0000, 1.0000, 1.0000, 1.0000, 1.0000, 1.0000]],
       grad_fn=<SumBackward1>)
Size of covariance_matrix: torch.Size([1, 7, 7])
Size of covariance_matrix_prime: torch.Size([1, 7, 7])
cosineSimilarity tensor([[1.0000, 1.0000, 1.0000, 1.0000, 1.0000, 1.0000, 1.0000]],
       grad_fn=<SumBackward1>)
Size of covariance_matrix: torch.Size([1, 7, 7])
Size of covariance_matrix_prime: torch.Size([1, 7, 7])
cosineSimilarity tensor([[1.0000, 1.0000, 1.0000, 1.0000, 1.0000, 1.0000, 1.0000]],
       grad_fn=<SumBackward1>)
Size of covariance_matrix: torch.Size([1, 7, 7])
Size of covariance_matrix_prime: torch.Size([1, 7, 7])
cosineSimilarity tensor([[1.0000, 1.0000, 1.0000, 1.0000, 1.0000, 1.0000, 1.0000]],
       grad_fn=<SumBackward1>)
Size of covariance_matrix: torch.Size([1, 7, 7])
Size of covariance_matrix_prime: torch.Size([1, 7, 7])
cosineSimilarity tensor([[1.0000, 1.0000, 1.0000, 1.0000, 1.0000, 1.0000, 1.0000]],
       grad_fn=<SumBackward1>)
Size of covariance_matrix: torch.Size([1, 7, 7])
Size of covariance_matrix_prime: torch.Size([1, 7, 7])
cosineSimilarity tensor([[1.0000, 1.0000, 1.0000, 1.0000, 1.0000, 1.0000, 1.0000]],
       grad_fn=<SumBackward1>)
Size of covariance_matrix: torch.Size([1, 7, 7])
Size of covariance_matrix_prime: torch.Size([1, 7, 7])
cosineSimilarity tensor([[1.0000, 1.0000, 1.0000, 1.0000, 1.0000, 1.0000, 1.0000]],
       grad_fn=<SumBackward1>)
Size of covariance_matrix: torch.Size([1, 7, 7])
Size of covariance_matrix_prime: torch.Size([1, 7, 7])
cosineSimilarity tensor([[1.0000, 1.0000, 1.0000, 1.0000, 1.0000, 1.0000, 1.0000]],
       grad_fn=<SumBackward1>)
Size of covariance_matrix: torch.Size([1, 7, 7])
Size of covariance_matrix_prime: torch.Size([1, 7, 7])
cosineSimilarity tensor([[1.0000, 1.0000, 1.0000, 1.0000, 1.0000, 1.0000, 1.0000]],
       grad_fn=<SumBackward1>)
Size of covariance_matrix: torch.Size([1, 7, 7])
Size of covariance_matrix_prime: torch.Size([1, 7, 7])
cosineSimilarity tensor([[1.0000, 1.0000, 1.0000, 1.0000, 1.0000, 1.0000, 1.0000]],
       grad_fn=<SumBackward1>)
Size of covariance_matrix: torch.Size([1, 7, 7])
Size of covariance_matrix_prime: torch.Size([1, 7, 7])
cosineSimilarity tensor([[1.0000, 1.0000, 1.0000, 1.0000, 1.0000, 1.0000, 1.0000]],
       grad_fn=<SumBackward1>)
Size of covariance_matrix: torch.Size([1, 7, 7])
Size of covariance_matrix_prime: torch.Size([1, 7, 7])
cosineSimilarity tensor([[1.0000, 1.0000, 1.0000, 1.0000, 1.0000, 1.0000, 1.0000]],
       grad_fn=<SumBackward1>)
Size of covariance_matrix: torch.Size([1, 7, 7])
Size of covariance_matrix_prime: torch.Size([1, 7, 7])
cosineSimilarity tensor([[1.0000, 1.0000, 1.0000, 1.0000, 1.0000, 1.0000, 1.0000]],
       grad_fn=<SumBackward1>)
Size of covariance_matrix: torch.Size([1, 7, 7])
Size of covariance_matrix_prime: torch.Size([1, 7, 7])
cosineSimilarity tensor([[1.0000, 1.0000, 1.0000, 1.0000, 1.0000, 1.0000, 1.0000]],
       grad_fn=<SumBackward1>)
Size of covariance_matrix: torch.Size([1, 7, 7])
Size of covariance_matrix_prime: torch.Size([1, 7, 7])
cosineSimilarity tensor([[1.0000, 1.0000, 1.0000, 1.0000, 1.0000, 1.0000, 1.0000]],
       grad_fn=<SumBackward1>)
Size of covariance_matrix: torch.Size([1, 7, 7])
Size of covariance_matrix_prime: torch.Size([1, 7, 7])
cosineSimilarity tensor([[1.0000, 1.0000, 1.0000, 1.0000, 1.0000, 1.0000, 1.0000]],
       grad_fn=<SumBackward1>)
Size of covariance_matrix: torch.Size([1, 7, 7])
Size of covariance_matrix_prime: torch.Size([1, 7, 7])
cosineSimilarity tensor([[1.0000, 1.0000, 1.0000, 1.0000, 1.0000, 1.0000, 1.0000]],
       grad_fn=<SumBackward1>)
Size of covariance_matrix: torch.Size([1, 7, 7])
Size of covariance_matrix_prime: torch.Size([1, 7, 7])
cosineSimilarity tensor([[1.0000, 1.0000, 1.0000, 1.0000, 1.0000, 1.0000, 1.0000]],
       grad_fn=<SumBackward1>)
Size of covariance_matrix: torch.Size([1, 7, 7])
Size of covariance_matrix_prime: torch.Size([1, 7, 7])
cosineSimilarity tensor([[1.0000, 1.0000, 1.0000, 1.0000, 1.0000, 1.0000, 1.0000]],
       grad_fn=<SumBackward1>)
Size of covariance_matrix: torch.Size([1, 7, 7])
Size of covariance_matrix_prime: torch.Size([1, 7, 7])
cosineSimilarity tensor([[1.0000, 1.0000, 1.0000, 1.0000, 1.0000, 1.0000, 1.0000]],
       grad_fn=<SumBackward1>)
Size of covariance_matrix: torch.Size([1, 7, 7])
Size of covariance_matrix_prime: torch.Size([1, 7, 7])
cosineSimilarity tensor([[1.0000, 1.0000, 1.0000, 1.0000, 1.0000, 1.0000, 1.0000]],
       grad_fn=<SumBackward1>)
Size of covariance_matrix: torch.Size([1, 7, 7])
Size of covariance_matrix_prime: torch.Size([1, 7, 7])
cosineSimilarity tensor([[1.0000, 1.0000, 1.0000, 1.0000, 1.0000, 1.0000, 1.0000]],
       grad_fn=<SumBackward1>)
Size of covariance_matrix: torch.Size([1, 7, 7])
Size of covariance_matrix_prime: torch.Size([1, 7, 7])
cosineSimilarity tensor([[1.0000, 1.0000, 1.0000, 1.0000, 1.0000, 1.0000, 1.0000]],
       grad_fn=<SumBackward1>)
Size of covariance_matrix: torch.Size([1, 7, 7])
Size of covariance_matrix_prime: torch.Size([1, 7, 7])
cosineSimilarity tensor([[1.0000, 1.0000, 1.0000, 1.0000, 1.0000, 1.0000, 1.0000]],
       grad_fn=<SumBackward1>)
Size of covariance_matrix: torch.Size([1, 7, 7])
Size of covariance_matrix_prime: torch.Size([1, 7, 7])
cosineSimilarity tensor([[1.0000, 1.0000, 1.0000, 1.0000, 1.0000, 1.0000, 1.0000]],
       grad_fn=<SumBackward1>)
Size of covariance_matrix: torch.Size([1, 7, 7])
Size of covariance_matrix_prime: torch.Size([1, 7, 7])
cosineSimilarity tensor([[1.0000, 1.0000, 1.0000, 1.0000, 1.0000, 1.0000, 1.0000]],
       grad_fn=<SumBackward1>)
Size of covariance_matrix: torch.Size([1, 7, 7])
Size of covariance_matrix_prime: torch.Size([1, 7, 7])
cosineSimilarity tensor([[1.0000, 1.0000, 1.0000, 1.0000, 1.0000, 1.0000, 1.0000]],
       grad_fn=<SumBackward1>)
Size of covariance_matrix: torch.Size([1, 7, 7])
Size of covariance_matrix_prime: torch.Size([1, 7, 7])
cosineSimilarity tensor([[1.0000, 1.0000, 1.0000, 1.0000, 1.0000, 1.0000, 1.0000]],
       grad_fn=<SumBackward1>)
Size of covariance_matrix: torch.Size([1, 7, 7])
Size of covariance_matrix_prime: torch.Size([1, 7, 7])
cosineSimilarity tensor([[1.0000, 1.0000, 1.0000, 1.0000, 1.0000, 1.0000, 1.0000]],
       grad_fn=<SumBackward1>)
Size of covariance_matrix: torch.Size([1, 7, 7])
Size of covariance_matrix_prime: torch.Size([1, 7, 7])
cosineSimilarity tensor([[1.0000, 1.0000, 1.0000, 1.0000, 1.0000, 1.0000, 1.0000]],
       grad_fn=<SumBackward1>)
Size of covariance_matrix: torch.Size([1, 7, 7])
Size of covariance_matrix_prime: torch.Size([1, 7, 7])
cosineSimilarity tensor([[1.0000, 1.0000, 1.0000, 1.0000, 1.0000, 1.0000, 1.0000]],
       grad_fn=<SumBackward1>)
Size of covariance_matrix: torch.Size([1, 7, 7])
Size of covariance_matrix_prime: torch.Size([1, 7, 7])
cosineSimilarity tensor([[1.0000, 1.0000, 1.0000, 1.0000, 1.0000, 1.0000, 1.0000]],
       grad_fn=<SumBackward1>)
Size of covariance_matrix: torch.Size([1, 7, 7])
Size of covariance_matrix_prime: torch.Size([1, 7, 7])
cosineSimilarity tensor([[1.0000, 1.0000, 1.0000, 1.0000, 1.0000, 1.0000, 1.0000]],
       grad_fn=<SumBackward1>)
Size of covariance_matrix: torch.Size([1, 7, 7])
Size of covariance_matrix_prime: torch.Size([1, 7, 7])
cosineSimilarity tensor([[1.0000, 1.0000, 1.0000, 1.0000, 1.0000, 1.0000, 1.0000]],
       grad_fn=<SumBackward1>)
Size of covariance_matrix: torch.Size([1, 7, 7])
Size of covariance_matrix_prime: torch.Size([1, 7, 7])
cosineSimilarity tensor([[1.0000, 1.0000, 1.0000, 1.0000, 1.0000, 1.0000, 1.0000]],
       grad_fn=<SumBackward1>)
Size of covariance_matrix: torch.Size([1, 7, 7])
Size of covariance_matrix_prime: torch.Size([1, 7, 7])
cosineSimilarity tensor([[1.0000, 1.0000, 1.0000, 1.0000, 1.0000, 1.0000, 1.0000]],
       grad_fn=<SumBackward1>)
Size of covariance_matrix: torch.Size([1, 7, 7])
Size of covariance_matrix_prime: torch.Size([1, 7, 7])
cosineSimilarity tensor([[1.0000, 1.0000, 1.0000, 1.0000, 1.0000, 1.0000, 1.0000]],
       grad_fn=<SumBackward1>)
Size of covariance_matrix: torch.Size([1, 7, 7])
Size of covariance_matrix_prime: torch.Size([1, 7, 7])
cosineSimilarity tensor([[1.0000, 1.0000, 1.0000, 1.0000, 1.0000, 1.0000, 1.0000]],
       grad_fn=<SumBackward1>)
Size of covariance_matrix: torch.Size([1, 7, 7])
Size of covariance_matrix_prime: torch.Size([1, 7, 7])
cosineSimilarity tensor([[1.0000, 1.0000, 1.0000, 1.0000, 1.0000, 1.0000, 1.0000]],
       grad_fn=<SumBackward1>)
Size of covariance_matrix: torch.Size([1, 7, 7])
Size of covariance_matrix_prime: torch.Size([1, 7, 7])
cosineSimilarity tensor([[1.0000, 1.0000, 1.0000, 1.0000, 1.0000, 1.0000, 1.0000]],
       grad_fn=<SumBackward1>)
Size of covariance_matrix: torch.Size([1, 7, 7])
Size of covariance_matrix_prime: torch.Size([1, 7, 7])
cosineSimilarity tensor([[1.0000, 1.0000, 1.0000, 1.0000, 1.0000, 1.0000, 1.0000]],
       grad_fn=<SumBackward1>)
Size of covariance_matrix: torch.Size([1, 7, 7])
Size of covariance_matrix_prime: torch.Size([1, 7, 7])
cosineSimilarity tensor([[1.0000, 1.0000, 1.0000, 1.0000, 1.0000, 1.0000, 1.0000]],
       grad_fn=<SumBackward1>)
Size of covariance_matrix: torch.Size([1, 7, 7])
Size of covariance_matrix_prime: torch.Size([1, 7, 7])
cosineSimilarity tensor([[1.0000, 1.0000, 1.0000, 1.0000, 1.0000, 1.0000, 1.0000]],
       grad_fn=<SumBackward1>)
Size of covariance_matrix: torch.Size([1, 7, 7])
Size of covariance_matrix_prime: torch.Size([1, 7, 7])
cosineSimilarity tensor([[1.0000, 1.0000, 1.0000, 1.0000, 1.0000, 1.0000, 1.0000]],
       grad_fn=<SumBackward1>)
Size of covariance_matrix: torch.Size([1, 7, 7])
Size of covariance_matrix_prime: torch.Size([1, 7, 7])
cosineSimilarity tensor([[1.0000, 1.0000, 1.0000, 1.0000, 1.0000, 1.0000, 1.0000]],
       grad_fn=<SumBackward1>)
Size of covariance_matrix: torch.Size([1, 7, 7])
Size of covariance_matrix_prime: torch.Size([1, 7, 7])
cosineSimilarity tensor([[1.0000, 1.0000, 1.0000, 1.0000, 1.0000, 1.0000, 1.0000]],
       grad_fn=<SumBackward1>)
Size of covariance_matrix: torch.Size([1, 7, 7])
Size of covariance_matrix_prime: torch.Size([1, 7, 7])
cosineSimilarity tensor([[1.0000, 1.0000, 1.0000, 1.0000, 1.0000, 1.0000, 1.0000]],
       grad_fn=<SumBackward1>)
Size of covariance_matrix: torch.Size([1, 7, 7])
Size of covariance_matrix_prime: torch.Size([1, 7, 7])
cosineSimilarity tensor([[1.0000, 1.0000, 1.0000, 1.0000, 1.0000, 1.0000, 1.0000]],
       grad_fn=<SumBackward1>)
Size of covariance_matrix: torch.Size([1, 7, 7])
Size of covariance_matrix_prime: torch.Size([1, 7, 7])
cosineSimilarity tensor([[1.0000, 1.0000, 1.0000, 1.0000, 1.0000, 1.0000, 1.0000]],
       grad_fn=<SumBackward1>)
Size of covariance_matrix: torch.Size([1, 7, 7])
Size of covariance_matrix_prime: torch.Size([1, 7, 7])
cosineSimilarity tensor([[1.0000, 1.0000, 1.0000, 1.0000, 1.0000, 1.0000, 1.0000]],
       grad_fn=<SumBackward1>)
Size of covariance_matrix: torch.Size([1, 7, 7])
Size of covariance_matrix_prime: torch.Size([1, 7, 7])
cosineSimilarity tensor([[1.0000, 1.0000, 1.0000, 1.0000, 1.0000, 1.0000, 1.0000]],
       grad_fn=<SumBackward1>)
Size of covariance_matrix: torch.Size([1, 7, 7])
Size of covariance_matrix_prime: torch.Size([1, 7, 7])
cosineSimilarity tensor([[1.0000, 1.0000, 1.0000, 1.0000, 1.0000, 1.0000, 1.0000]],
       grad_fn=<SumBackward1>)
Size of covariance_matrix: torch.Size([1, 7, 7])
Size of covariance_matrix_prime: torch.Size([1, 7, 7])
cosineSimilarity tensor([[1.0000, 1.0000, 1.0000, 1.0000, 1.0000, 1.0000, 1.0000]],
       grad_fn=<SumBackward1>)
Size of covariance_matrix: torch.Size([1, 7, 7])
Size of covariance_matrix_prime: torch.Size([1, 7, 7])
cosineSimilarity tensor([[1.0000, 1.0000, 1.0000, 1.0000, 1.0000, 1.0000, 1.0000]],
       grad_fn=<SumBackward1>)
Size of covariance_matrix: torch.Size([1, 7, 7])
Size of covariance_matrix_prime: torch.Size([1, 7, 7])
cosineSimilarity tensor([[1.0000, 1.0000, 1.0000, 1.0000, 1.0000, 1.0000, 1.0000]],
       grad_fn=<SumBackward1>)
Size of covariance_matrix: torch.Size([1, 7, 7])
Size of covariance_matrix_prime: torch.Size([1, 7, 7])
cosineSimilarity tensor([[1.0000, 1.0000, 1.0000, 1.0000, 1.0000, 1.0000, 1.0000]],
       grad_fn=<SumBackward1>)
Size of covariance_matrix: torch.Size([1, 7, 7])
Size of covariance_matrix_prime: torch.Size([1, 7, 7])
cosineSimilarity tensor([[1.0000, 1.0000, 1.0000, 1.0000, 1.0000, 1.0000, 1.0000]],
       grad_fn=<SumBackward1>)
Size of covariance_matrix: torch.Size([1, 7, 7])
Size of covariance_matrix_prime: torch.Size([1, 7, 7])
cosineSimilarity tensor([[1.0000, 1.0000, 1.0000, 1.0000, 1.0000, 1.0000, 1.0000]],
       grad_fn=<SumBackward1>)
Size of covariance_matrix: torch.Size([1, 7, 7])
Size of covariance_matrix_prime: torch.Size([1, 7, 7])
cosineSimilarity tensor([[1.0000, 1.0000, 1.0000, 1.0000, 1.0000, 1.0000, 1.0000]],
       grad_fn=<SumBackward1>)
Size of covariance_matrix: torch.Size([1, 7, 7])
Size of covariance_matrix_prime: torch.Size([1, 7, 7])
cosineSimilarity tensor([[1.0000, 1.0000, 1.0000, 1.0000, 1.0000, 1.0000, 1.0000]],
       grad_fn=<SumBackward1>)
Size of covariance_matrix: torch.Size([1, 7, 7])
Size of covariance_matrix_prime: torch.Size([1, 7, 7])
cosineSimilarity tensor([[1.0000, 1.0000, 1.0000, 1.0000, 1.0000, 1.0000, 1.0000]],
       grad_fn=<SumBackward1>)
Size of covariance_matrix: torch.Size([1, 7, 7])
Size of covariance_matrix_prime: torch.Size([1, 7, 7])
cosineSimilarity tensor([[1.0000, 1.0000, 1.0000, 1.0000, 1.0000, 1.0000, 1.0000]],
       grad_fn=<SumBackward1>)
Size of covariance_matrix: torch.Size([1, 7, 7])
Size of covariance_matrix_prime: torch.Size([1, 7, 7])
cosineSimilarity tensor([[1.0000, 1.0000, 1.0000, 1.0000, 1.0000, 1.0000, 1.0000]],
       grad_fn=<SumBackward1>)
Size of covariance_matrix: torch.Size([1, 7, 7])
Size of covariance_matrix_prime: torch.Size([1, 7, 7])
cosineSimilarity tensor([[1.0000, 1.0000, 1.0000, 1.0000, 1.0000, 1.0000, 1.0000]],
       grad_fn=<SumBackward1>)
Size of covariance_matrix: torch.Size([1, 7, 7])
Size of covariance_matrix_prime: torch.Size([1, 7, 7])
cosineSimilarity tensor([[1.0000, 1.0000, 1.0000, 1.0000, 1.0000, 1.0000, 1.0000]],
       grad_fn=<SumBackward1>)
Size of covariance_matrix: torch.Size([1, 7, 7])
Size of covariance_matrix_prime: torch.Size([1, 7, 7])
cosineSimilarity tensor([[1.0000, 1.0000, 1.0000, 1.0000, 1.0000, 1.0000, 1.0000]],
       grad_fn=<SumBackward1>)
Size of covariance_matrix: torch.Size([1, 7, 7])
Size of covariance_matrix_prime: torch.Size([1, 7, 7])
cosineSimilarity tensor([[1.0000, 1.0000, 1.0000, 1.0000, 1.0000, 1.0000, 1.0000]],
       grad_fn=<SumBackward1>)
Size of covariance_matrix: torch.Size([1, 7, 7])
Size of covariance_matrix_prime: torch.Size([1, 7, 7])
cosineSimilarity tensor([[1.0000, 1.0000, 1.0000, 1.0000, 1.0000, 1.0000, 1.0000]],
       grad_fn=<SumBackward1>)
Size of covariance_matrix: torch.Size([1, 7, 7])
Size of covariance_matrix_prime: torch.Size([1, 7, 7])
cosineSimilarity tensor([[1.0000, 1.0000, 1.0000, 1.0000, 1.0000, 1.0000, 1.0000]],
       grad_fn=<SumBackward1>)
Size of covariance_matrix: torch.Size([1, 7, 7])
Size of covariance_matrix_prime: torch.Size([1, 7, 7])
cosineSimilarity tensor([[1.0000, 1.0000, 1.0000, 1.0000, 1.0000, 1.0000, 1.0000]],
       grad_fn=<SumBackward1>)
Size of covariance_matrix: torch.Size([1, 7, 7])
Size of covariance_matrix_prime: torch.Size([1, 7, 7])
cosineSimilarity tensor([[1.0000, 1.0000, 1.0000, 1.0000, 1.0000, 1.0000, 1.0000]],
       grad_fn=<SumBackward1>)
Size of covariance_matrix: torch.Size([1, 7, 7])
Size of covariance_matrix_prime: torch.Size([1, 7, 7])
cosineSimilarity tensor([[1.0000, 1.0000, 1.0000, 1.0000, 1.0000, 1.0000, 1.0000]],
       grad_fn=<SumBackward1>)
Size of covariance_matrix: torch.Size([1, 7, 7])
Size of covariance_matrix_prime: torch.Size([1, 7, 7])
cosineSimilarity tensor([[1.0000, 1.0000, 1.0000, 1.0000, 1.0000, 1.0000, 1.0000]],
       grad_fn=<SumBackward1>)
Size of covariance_matrix: torch.Size([1, 7, 7])
Size of covariance_matrix_prime: torch.Size([1, 7, 7])
cosineSimilarity tensor([[1.0000, 1.0000, 1.0000, 1.0000, 1.0000, 1.0000, 1.0000]],
       grad_fn=<SumBackward1>)
Size of covariance_matrix: torch.Size([1, 7, 7])
Size of covariance_matrix_prime: torch.Size([1, 7, 7])
cosineSimilarity tensor([[1.0000, 1.0000, 1.0000, 1.0000, 1.0000, 1.0000, 1.0000]],
       grad_fn=<SumBackward1>)
Size of covariance_matrix: torch.Size([1, 7, 7])
Size of covariance_matrix_prime: torch.Size([1, 7, 7])
cosineSimilarity tensor([[1.0000, 1.0000, 1.0000, 1.0000, 1.0000, 1.0000, 1.0000]],
       grad_fn=<SumBackward1>)
Size of covariance_matrix: torch.Size([1, 7, 7])
Size of covariance_matrix_prime: torch.Size([1, 7, 7])
cosineSimilarity tensor([[1.0000, 1.0000, 1.0000, 1.0000, 1.0000, 1.0000, 1.0000]],
       grad_fn=<SumBackward1>)
Size of covariance_matrix: torch.Size([1, 7, 7])
Size of covariance_matrix_prime: torch.Size([1, 7, 7])
cosineSimilarity tensor([[1.0000, 1.0000, 1.0000, 1.0000, 1.0000, 1.0000, 1.0000]],
       grad_fn=<SumBackward1>)
Size of covariance_matrix: torch.Size([1, 7, 7])
Size of covariance_matrix_prime: torch.Size([1, 7, 7])
cosineSimilarity tensor([[1.0000, 1.0000, 1.0000, 1.0000, 1.0000, 1.0000, 1.0000]],
       grad_fn=<SumBackward1>)
Size of covariance_matrix: torch.Size([1, 7, 7])
Size of covariance_matrix_prime: torch.Size([1, 7, 7])
cosineSimilarity tensor([[1.0000, 1.0000, 1.0000, 1.0000, 1.0000, 1.0000, 1.0000]],
       grad_fn=<SumBackward1>)
Size of covariance_matrix: torch.Size([1, 7, 7])
Size of covariance_matrix_prime: torch.Size([1, 7, 7])
cosineSimilarity tensor([[1.0000, 1.0000, 1.0000, 1.0000, 1.0000, 1.0000, 1.0000]],
       grad_fn=<SumBackward1>)
Size of covariance_matrix: torch.Size([1, 7, 7])
Size of covariance_matrix_prime: torch.Size([1, 7, 7])
cosineSimilarity tensor([[1.0000, 1.0000, 1.0000, 1.0000, 1.0000, 1.0000, 1.0000]],
       grad_fn=<SumBackward1>)
Size of covariance_matrix: torch.Size([1, 7, 7])
Size of covariance_matrix_prime: torch.Size([1, 7, 7])
cosineSimilarity tensor([[nan, nan, nan, nan, nan, nan, nan]], grad_fn=<SumBackward1>)
Size of covariance_matrix: torch.Size([1, 7, 7])
Size of covariance_matrix_prime: torch.Size([1, 7, 7])
cosineSimilarity tensor([[1.0000, 1.0000, 1.0000, 1.0000, 1.0000, 1.0000, 1.0000]],
       grad_fn=<SumBackward1>)
Size of covariance_matrix: torch.Size([1, 7, 7])
Size of covariance_matrix_prime: torch.Size([1, 7, 7])
cosineSimilarity tensor([[1.0000, 1.0000, 1.0000, 1.0000, 1.0000, 1.0000, 1.0000]],
       grad_fn=<SumBackward1>)
Size of covariance_matrix: torch.Size([1, 7, 7])
Size of covariance_matrix_prime: torch.Size([1, 7, 7])
cosineSimilarity tensor([[1.0000, 1.0000, 1.0000, 1.0000, 1.0000, 1.0000, 1.0000]],
       grad_fn=<SumBackward1>)
Size of covariance_matrix: torch.Size([1, 7, 7])
Size of covariance_matrix_prime: torch.Size([1, 7, 7])
cosineSimilarity tensor([[1.0000, 1.0000, 1.0000, 1.0000, 1.0000, 1.0000, 1.0000]],
       grad_fn=<SumBackward1>)
Size of covariance_matrix: torch.Size([1, 7, 7])
Size of covariance_matrix_prime: torch.Size([1, 7, 7])
cosineSimilarity tensor([[1.0000, 1.0000, 1.0000, 1.0000, 1.0000, 1.0000, 1.0000]],
       grad_fn=<SumBackward1>)
Size of covariance_matrix: torch.Size([1, 7, 7])
Size of covariance_matrix_prime: torch.Size([1, 7, 7])
cosineSimilarity tensor([[1.0000, 1.0000, 1.0000, 1.0000, 1.0000, 1.0000, 1.0000]],
       grad_fn=<SumBackward1>)
Size of covariance_matrix: torch.Size([1, 7, 7])
Size of covariance_matrix_prime: torch.Size([1, 7, 7])
cosineSimilarity tensor([[1.0000, 1.0000, 1.0000, 1.0000, 1.0000, 1.0000, 1.0000]],
       grad_fn=<SumBackward1>)
Size of covariance_matrix: torch.Size([1, 7, 7])
Size of covariance_matrix_prime: torch.Size([1, 7, 7])
cosineSimilarity tensor([[1.0000, 1.0000, 1.0000, 1.0000, 1.0000, 1.0000, 1.0000]],
       grad_fn=<SumBackward1>)
Size of covariance_matrix: torch.Size([1, 7, 7])
Size of covariance_matrix_prime: torch.Size([1, 7, 7])
cosineSimilarity tensor([[1.0000, 1.0000, 1.0000, 1.0000, 1.0000, 1.0000, 1.0000]],
       grad_fn=<SumBackward1>)
Size of covariance_matrix: torch.Size([1, 7, 7])
Size of covariance_matrix_prime: torch.Size([1, 7, 7])
cosineSimilarity tensor([[1.0000, 1.0000, 1.0000, 1.0000, 1.0000, 1.0000, 1.0000]],
       grad_fn=<SumBackward1>)
Size of covariance_matrix: torch.Size([1, 7, 7])
Size of covariance_matrix_prime: torch.Size([1, 7, 7])
cosineSimilarity tensor([[1.0000, 1.0000, 1.0000, 1.0000, 1.0000, 1.0000, 1.0000]],
       grad_fn=<SumBackward1>)
Size of covariance_matrix: torch.Size([1, 7, 7])
Size of covariance_matrix_prime: torch.Size([1, 7, 7])
cosineSimilarity tensor([[1.0000, 1.0000, 1.0000, 1.0000, 1.0000, 1.0000, 1.0000]],
       grad_fn=<SumBackward1>)
Size of covariance_matrix: torch.Size([1, 7, 7])
Size of covariance_matrix_prime: torch.Size([1, 7, 7])
cosineSimilarity tensor([[nan, nan, nan, nan, nan, nan, nan]], grad_fn=<SumBackward1>)
Size of covariance_matrix: torch.Size([1, 7, 7])
Size of covariance_matrix_prime: torch.Size([1, 7, 7])
cosineSimilarity tensor([[1.0000, 1.0000, 1.0000, 1.0000, 1.0000, 1.0000, 1.0000]],
       grad_fn=<SumBackward1>)
Size of covariance_matrix: torch.Size([1, 7, 7])
Size of covariance_matrix_prime: torch.Size([1, 7, 7])
cosineSimilarity tensor([[1.0000, 1.0000, 1.0000, 1.0000, 1.0000, 1.0000, 1.0000]],
       grad_fn=<SumBackward1>)
Size of covariance_matrix: torch.Size([1, 7, 7])
Size of covariance_matrix_prime: torch.Size([1, 7, 7])
cosineSimilarity tensor([[1.0000, 1.0000, 1.0000, 1.0000, 1.0000, 1.0000, 1.0000]],
       grad_fn=<SumBackward1>)
Size of covariance_matrix: torch.Size([1, 7, 7])
Size of covariance_matrix_prime: torch.Size([1, 7, 7])
cosineSimilarity tensor([[1.0000, 1.0000, 1.0000, 1.0000, 1.0000, 1.0000, 1.0000]],
       grad_fn=<SumBackward1>)
Size of covariance_matrix: torch.Size([1, 7, 7])
Size of covariance_matrix_prime: torch.Size([1, 7, 7])
cosineSimilarity tensor([[1.0000, 1.0000, 1.0000, 1.0000, 1.0000, 1.0000, 1.0000]],
       grad_fn=<SumBackward1>)
Size of covariance_matrix: torch.Size([1, 7, 7])
Size of covariance_matrix_prime: torch.Size([1, 7, 7])
cosineSimilarity tensor([[1.0000, 1.0000, 1.0000, 1.0000, 1.0000, 1.0000, 1.0000]],
       grad_fn=<SumBackward1>)
Size of covariance_matrix: torch.Size([1, 7, 7])
Size of covariance_matrix_prime: torch.Size([1, 7, 7])
cosineSimilarity tensor([[1.0000, 1.0000, 1.0000, 1.0000, 1.0000, 1.0000, 1.0000]],
       grad_fn=<SumBackward1>)
Size of covariance_matrix: torch.Size([1, 7, 7])
Size of covariance_matrix_prime: torch.Size([1, 7, 7])
cosineSimilarity tensor([[1.0000, 1.0000, 1.0000, 1.0000, 1.0000, 1.0000, 1.0000]],
       grad_fn=<SumBackward1>)
Size of covariance_matrix: torch.Size([1, 7, 7])
Size of covariance_matrix_prime: torch.Size([1, 7, 7])
cosineSimilarity tensor([[1.0000, 1.0000, 1.0000, 1.0000, 1.0000, 1.0000, 1.0000]],
       grad_fn=<SumBackward1>)
Size of covariance_matrix: torch.Size([1, 7, 7])
Size of covariance_matrix_prime: torch.Size([1, 7, 7])
cosineSimilarity tensor([[1.0000, 1.0000, 1.0000, 1.0000, 1.0000, 1.0000, 1.0000]],
       grad_fn=<SumBackward1>)
Size of covariance_matrix: torch.Size([1, 7, 7])
Size of covariance_matrix_prime: torch.Size([1, 7, 7])
cosineSimilarity tensor([[1.0000, 1.0000, 1.0000, 1.0000, 1.0000, 1.0000, 1.0000]],
       grad_fn=<SumBackward1>)
Size of covariance_matrix: torch.Size([1, 7, 7])
Size of covariance_matrix_prime: torch.Size([1, 7, 7])
cosineSimilarity tensor([[1.0000, 1.0000, 1.0000, 1.0000, 1.0000, 1.0000, 1.0000]],
       grad_fn=<SumBackward1>)
Size of covariance_matrix: torch.Size([1, 7, 7])
Size of covariance_matrix_prime: torch.Size([1, 7, 7])
cosineSimilarity tensor([[1.0000, 1.0000, 1.0000, 1.0000, 1.0000, 1.0000, 1.0000]],
       grad_fn=<SumBackward1>)
Size of covariance_matrix: torch.Size([1, 7, 7])
Size of covariance_matrix_prime: torch.Size([1, 7, 7])
cosineSimilarity tensor([[1.0000, 1.0000, 1.0000, 1.0000, 1.0000, 1.0000, 1.0000]],
       grad_fn=<SumBackward1>)
Size of covariance_matrix: torch.Size([1, 7, 7])
Size of covariance_matrix_prime: torch.Size([1, 7, 7])
cosineSimilarity tensor([[1.0000, 1.0000, 1.0000, 1.0000, 1.0000, 1.0000, 1.0000]],
       grad_fn=<SumBackward1>)
Size of covariance_matrix: torch.Size([1, 7, 7])
Size of covariance_matrix_prime: torch.Size([1, 7, 7])
cosineSimilarity tensor([[1.0000, 1.0000, 1.0000, 1.0000, 1.0000, 1.0000, 1.0000]],
       grad_fn=<SumBackward1>)
Size of covariance_matrix: torch.Size([1, 7, 7])
Size of covariance_matrix_prime: torch.Size([1, 7, 7])
cosineSimilarity tensor([[1.0000, 1.0000, 1.0000, 1.0000, 1.0000, 1.0000, 1.0000]],
       grad_fn=<SumBackward1>)
Size of covariance_matrix: torch.Size([1, 7, 7])
Size of covariance_matrix_prime: torch.Size([1, 7, 7])
cosineSimilarity tensor([[1.0000, 1.0000, 1.0000, 1.0000, 1.0000, 1.0000, 1.0000]],
       grad_fn=<SumBackward1>)
Size of covariance_matrix: torch.Size([1, 7, 7])
Size of covariance_matrix_prime: torch.Size([1, 7, 7])
cosineSimilarity tensor([[1.0000, 1.0000, 1.0000, 1.0000, 1.0000, 1.0000, 1.0000]],
       grad_fn=<SumBackward1>)
Size of covariance_matrix: torch.Size([1, 7, 7])
Size of covariance_matrix_prime: torch.Size([1, 7, 7])
cosineSimilarity tensor([[1.0000, 1.0000, 1.0000, 1.0000, 1.0000, 1.0000, 1.0000]],
       grad_fn=<SumBackward1>)
Size of covariance_matrix: torch.Size([1, 7, 7])
Size of covariance_matrix_prime: torch.Size([1, 7, 7])
cosineSimilarity tensor([[1.0000, 1.0000, 1.0000, 1.0000, 1.0000, 1.0000, 1.0000]],
       grad_fn=<SumBackward1>)
Size of covariance_matrix: torch.Size([1, 7, 7])
Size of covariance_matrix_prime: torch.Size([1, 7, 7])
cosineSimilarity tensor([[1.0000, 1.0000, 1.0000, 1.0000, 1.0000, 1.0000, 1.0000]],
       grad_fn=<SumBackward1>)
Size of covariance_matrix: torch.Size([1, 7, 7])
Size of covariance_matrix_prime: torch.Size([1, 7, 7])
cosineSimilarity tensor([[1.0000, 1.0000, 1.0000, 1.0000, 1.0000, 1.0000, 1.0000]],
       grad_fn=<SumBackward1>)
Size of covariance_matrix: torch.Size([1, 7, 7])
Size of covariance_matrix_prime: torch.Size([1, 7, 7])
cosineSimilarity tensor([[1.0000, 1.0000, 1.0000, 1.0000, 1.0000, 1.0000, 1.0000]],
       grad_fn=<SumBackward1>)
Size of covariance_matrix: torch.Size([1, 7, 7])
Size of covariance_matrix_prime: torch.Size([1, 7, 7])
cosineSimilarity tensor([[1.0000, 1.0000, 1.0000, 1.0000, 1.0000, 1.0000, 1.0000]],
       grad_fn=<SumBackward1>)
Size of covariance_matrix: torch.Size([1, 7, 7])
Size of covariance_matrix_prime: torch.Size([1, 7, 7])
cosineSimilarity tensor([[1.0000, 1.0000, 1.0000, 1.0000, 1.0000, 1.0000, 1.0000]],
       grad_fn=<SumBackward1>)
Size of covariance_matrix: torch.Size([1, 7, 7])
Size of covariance_matrix_prime: torch.Size([1, 7, 7])
cosineSimilarity tensor([[1.0000, 1.0000, 1.0000, 1.0000, 1.0000, 1.0000, 1.0000]],
       grad_fn=<SumBackward1>)
Size of covariance_matrix: torch.Size([1, 7, 7])
Size of covariance_matrix_prime: torch.Size([1, 7, 7])
cosineSimilarity tensor([[1.0000, 1.0000, 1.0000, 1.0000, 1.0000, 1.0000, 1.0000]],
       grad_fn=<SumBackward1>)
Size of covariance_matrix: torch.Size([1, 7, 7])
Size of covariance_matrix_prime: torch.Size([1, 7, 7])
cosineSimilarity tensor([[1.0000, 1.0000, 1.0000, 1.0000, 1.0000, 1.0000, 1.0000]],
       grad_fn=<SumBackward1>)
Size of covariance_matrix: torch.Size([1, 7, 7])
Size of covariance_matrix_prime: torch.Size([1, 7, 7])
cosineSimilarity tensor([[1.0000, 1.0000, 1.0000, 1.0000, 1.0000, 1.0000, 1.0000]],
       grad_fn=<SumBackward1>)
Size of covariance_matrix: torch.Size([1, 7, 7])
Size of covariance_matrix_prime: torch.Size([1, 7, 7])
cosineSimilarity tensor([[1.0000, 1.0000, 1.0000, 1.0000, 1.0000, 1.0000, 1.0000]],
       grad_fn=<SumBackward1>)
Size of covariance_matrix: torch.Size([1, 7, 7])
Size of covariance_matrix_prime: torch.Size([1, 7, 7])
cosineSimilarity tensor([[1.0000, 1.0000, 1.0000, 1.0000, 1.0000, 1.0000, 1.0000]],
       grad_fn=<SumBackward1>)
Size of covariance_matrix: torch.Size([1, 7, 7])
Size of covariance_matrix_prime: torch.Size([1, 7, 7])
cosineSimilarity tensor([[1.0000, 1.0000, 1.0000, 1.0000, 1.0000, 1.0000, 1.0000]],
       grad_fn=<SumBackward1>)
Size of covariance_matrix: torch.Size([1, 7, 7])
Size of covariance_matrix_prime: torch.Size([1, 7, 7])
cosineSimilarity tensor([[1.0000, 1.0000, 1.0000, 1.0000, 1.0000, 1.0000, 1.0000]],
       grad_fn=<SumBackward1>)
Size of covariance_matrix: torch.Size([1, 7, 7])
Size of covariance_matrix_prime: torch.Size([1, 7, 7])
cosineSimilarity tensor([[1.0000, 1.0000, 1.0000, 1.0000, 1.0000, 1.0000, 1.0000]],
       grad_fn=<SumBackward1>)
Size of covariance_matrix: torch.Size([1, 7, 7])
Size of covariance_matrix_prime: torch.Size([1, 7, 7])
cosineSimilarity tensor([[1.0000, 1.0000, 1.0000, 1.0000, 1.0000, 1.0000, 1.0000]],
       grad_fn=<SumBackward1>)
Size of covariance_matrix: torch.Size([1, 7, 7])
Size of covariance_matrix_prime: torch.Size([1, 7, 7])
cosineSimilarity tensor([[1.0000, 1.0000, 1.0000, 1.0000, 1.0000, 1.0000, 1.0000]],
       grad_fn=<SumBackward1>)
Size of covariance_matrix: torch.Size([1, 7, 7])
Size of covariance_matrix_prime: torch.Size([1, 7, 7])
cosineSimilarity tensor([[1.0000, 1.0000, 1.0000, 1.0000, 1.0000, 1.0000, 1.0000]],
       grad_fn=<SumBackward1>)
Size of covariance_matrix: torch.Size([1, 7, 7])
Size of covariance_matrix_prime: torch.Size([1, 7, 7])
cosineSimilarity tensor([[1.0000, 1.0000, 1.0000, 1.0000, 1.0000, 1.0000, 1.0000]],
       grad_fn=<SumBackward1>)
Size of covariance_matrix: torch.Size([1, 7, 7])
Size of covariance_matrix_prime: torch.Size([1, 7, 7])
cosineSimilarity tensor([[1.0000, 1.0000, 1.0000, 1.0000, 1.0000, 1.0000, 1.0000]],
       grad_fn=<SumBackward1>)
Size of covariance_matrix: torch.Size([1, 7, 7])
Size of covariance_matrix_prime: torch.Size([1, 7, 7])
cosineSimilarity tensor([[1.0000, 1.0000, 1.0000, 1.0000, 1.0000, 1.0000, 1.0000]],
       grad_fn=<SumBackward1>)
Size of covariance_matrix: torch.Size([1, 7, 7])
Size of covariance_matrix_prime: torch.Size([1, 7, 7])
cosineSimilarity tensor([[1.0000, 1.0000, 1.0000, 1.0000, 1.0000, 1.0000, 1.0000]],
       grad_fn=<SumBackward1>)
Size of covariance_matrix: torch.Size([1, 7, 7])
Size of covariance_matrix_prime: torch.Size([1, 7, 7])
cosineSimilarity tensor([[1.0000, 1.0000, 1.0000, 1.0000, 1.0000, 1.0000, 1.0000]],
       grad_fn=<SumBackward1>)
Size of covariance_matrix: torch.Size([1, 7, 7])
Size of covariance_matrix_prime: torch.Size([1, 7, 7])
cosineSimilarity tensor([[1.0000, 1.0000, 1.0000, 1.0000, 1.0000, 1.0000, 1.0000]],
       grad_fn=<SumBackward1>)
Size of covariance_matrix: torch.Size([1, 7, 7])
Size of covariance_matrix_prime: torch.Size([1, 7, 7])
cosineSimilarity tensor([[1.0000, 1.0000, 1.0000, 1.0000, 1.0000, 1.0000, 1.0000]],
       grad_fn=<SumBackward1>)
Size of covariance_matrix: torch.Size([1, 7, 7])
Size of covariance_matrix_prime: torch.Size([1, 7, 7])
cosineSimilarity tensor([[1.0000, 1.0000, 1.0000, 1.0000, 1.0000, 1.0000, 1.0000]],
       grad_fn=<SumBackward1>)
Size of covariance_matrix: torch.Size([1, 7, 7])
Size of covariance_matrix_prime: torch.Size([1, 7, 7])
cosineSimilarity tensor([[1.0000, 1.0000, 1.0000, 1.0000, 1.0000, 1.0000, 1.0000]],
       grad_fn=<SumBackward1>)
Size of covariance_matrix: torch.Size([1, 7, 7])
Size of covariance_matrix_prime: torch.Size([1, 7, 7])
cosineSimilarity tensor([[1.0000, 1.0000, 1.0000, 1.0000, 1.0000, 1.0000, 1.0000]],
       grad_fn=<SumBackward1>)
Size of covariance_matrix: torch.Size([1, 7, 7])
Size of covariance_matrix_prime: torch.Size([1, 7, 7])
cosineSimilarity tensor([[1.0000, 1.0000, 1.0000, 1.0000, 1.0000, 1.0000, 1.0000]],
       grad_fn=<SumBackward1>)
Size of covariance_matrix: torch.Size([1, 7, 7])
Size of covariance_matrix_prime: torch.Size([1, 7, 7])
cosineSimilarity tensor([[1.0000, 1.0000, 1.0000, 1.0000, 1.0000, 1.0000, 1.0000]],
       grad_fn=<SumBackward1>)
Size of covariance_matrix: torch.Size([1, 7, 7])
Size of covariance_matrix_prime: torch.Size([1, 7, 7])
cosineSimilarity tensor([[1.0000, 1.0000, 1.0000, 1.0000, 1.0000, 1.0000, 1.0000]],
       grad_fn=<SumBackward1>)
Size of covariance_matrix: torch.Size([1, 7, 7])
Size of covariance_matrix_prime: torch.Size([1, 7, 7])
cosineSimilarity tensor([[1.0000, 1.0000, 1.0000, 1.0000, 1.0000, 1.0000, 1.0000]],
       grad_fn=<SumBackward1>)
Size of covariance_matrix: torch.Size([1, 7, 7])
Size of covariance_matrix_prime: torch.Size([1, 7, 7])
cosineSimilarity tensor([[1.0000, 1.0000, 1.0000, 1.0000, 1.0000, 1.0000, 1.0000]],
       grad_fn=<SumBackward1>)
Size of covariance_matrix: torch.Size([1, 7, 7])
Size of covariance_matrix_prime: torch.Size([1, 7, 7])
cosineSimilarity tensor([[1.0000, 1.0000, 1.0000, 1.0000, 1.0000, 1.0000, 1.0000]],
       grad_fn=<SumBackward1>)
Size of covariance_matrix: torch.Size([1, 7, 7])
Size of covariance_matrix_prime: torch.Size([1, 7, 7])
cosineSimilarity tensor([[1.0000, 1.0000, 1.0000, 1.0000, 1.0000, 1.0000, 1.0000]],
       grad_fn=<SumBackward1>)
Size of covariance_matrix: torch.Size([1, 7, 7])
Size of covariance_matrix_prime: torch.Size([1, 7, 7])
cosineSimilarity tensor([[1.0000, 1.0000, 1.0000, 1.0000, 1.0000, 1.0000, 1.0000]],
       grad_fn=<SumBackward1>)
Size of covariance_matrix: torch.Size([1, 7, 7])
Size of covariance_matrix_prime: torch.Size([1, 7, 7])
cosineSimilarity tensor([[1.0000, 1.0000, 1.0000, 1.0000, 1.0000, 1.0000, 1.0000]],
       grad_fn=<SumBackward1>)
Size of covariance_matrix: torch.Size([1, 7, 7])
Size of covariance_matrix_prime: torch.Size([1, 7, 7])
cosineSimilarity tensor([[1.0000, 1.0000, 1.0000, 1.0000, 1.0000, 1.0000, 1.0000]],
       grad_fn=<SumBackward1>)
Size of covariance_matrix: torch.Size([1, 7, 7])
Size of covariance_matrix_prime: torch.Size([1, 7, 7])
cosineSimilarity tensor([[1.0000, 1.0000, 1.0000, 1.0000, 1.0000, 1.0000, 1.0000]],
       grad_fn=<SumBackward1>)
Size of covariance_matrix: torch.Size([1, 7, 7])
Size of covariance_matrix_prime: torch.Size([1, 7, 7])
cosineSimilarity tensor([[1.0000, 1.0000, 1.0000, 1.0000, 1.0000, 1.0000, 1.0000]],
       grad_fn=<SumBackward1>)
Size of covariance_matrix: torch.Size([1, 7, 7])
Size of covariance_matrix_prime: torch.Size([1, 7, 7])
cosineSimilarity tensor([[1.0000, 1.0000, 1.0000, 1.0000, 1.0000, 1.0000, 1.0000]],
       grad_fn=<SumBackward1>)
Size of covariance_matrix: torch.Size([1, 7, 7])
Size of covariance_matrix_prime: torch.Size([1, 7, 7])
cosineSimilarity tensor([[1.0000, 1.0000, 1.0000, 1.0000, 1.0000, 1.0000, 1.0000]],
       grad_fn=<SumBackward1>)
Size of covariance_matrix: torch.Size([1, 7, 7])
Size of covariance_matrix_prime: torch.Size([1, 7, 7])
cosineSimilarity tensor([[1.0000, 1.0000, 1.0000, 1.0000, 1.0000, 1.0000, 1.0000]],
       grad_fn=<SumBackward1>)
Size of covariance_matrix: torch.Size([1, 7, 7])
Size of covariance_matrix_prime: torch.Size([1, 7, 7])
cosineSimilarity tensor([[1.0000, 1.0000, 1.0000, 1.0000, 1.0000, 1.0000, 1.0000]],
       grad_fn=<SumBackward1>)
Size of covariance_matrix: torch.Size([1, 7, 7])
Size of covariance_matrix_prime: torch.Size([1, 7, 7])
cosineSimilarity tensor([[1.0000, 1.0000, 1.0000, 1.0000, 1.0000, 1.0000, 1.0000]],
       grad_fn=<SumBackward1>)
Size of covariance_matrix: torch.Size([1, 7, 7])
Size of covariance_matrix_prime: torch.Size([1, 7, 7])
cosineSimilarity tensor([[1.0000, 1.0000, 1.0000, 1.0000, 1.0000, 1.0000, 1.0000]],
       grad_fn=<SumBackward1>)
Size of covariance_matrix: torch.Size([1, 7, 7])
Size of covariance_matrix_prime: torch.Size([1, 7, 7])
cosineSimilarity tensor([[1.0000, 1.0000, 1.0000, 1.0000, 1.0000, 1.0000, 1.0000]],
       grad_fn=<SumBackward1>)
Size of covariance_matrix: torch.Size([1, 7, 7])
Size of covariance_matrix_prime: torch.Size([1, 7, 7])
cosineSimilarity tensor([[1.0000, 1.0000, 1.0000, 1.0000, 1.0000, 1.0000, 1.0000]],
       grad_fn=<SumBackward1>)
Size of covariance_matrix: torch.Size([1, 7, 7])
Size of covariance_matrix_prime: torch.Size([1, 7, 7])
cosineSimilarity tensor([[1.0000, 1.0000, 1.0000, 1.0000, 1.0000, 1.0000, 1.0000]],
       grad_fn=<SumBackward1>)
Size of covariance_matrix: torch.Size([1, 7, 7])
Size of covariance_matrix_prime: torch.Size([1, 7, 7])
cosineSimilarity tensor([[1.0000, 1.0000, 1.0000, 1.0000, 1.0000, 1.0000, 1.0000]],
       grad_fn=<SumBackward1>)
Size of covariance_matrix: torch.Size([1, 7, 7])
Size of covariance_matrix_prime: torch.Size([1, 7, 7])
cosineSimilarity tensor([[1.0000, 1.0000, 1.0000, 1.0000, 1.0000, 1.0000, 1.0000]],
       grad_fn=<SumBackward1>)
Size of covariance_matrix: torch.Size([1, 7, 7])
Size of covariance_matrix_prime: torch.Size([1, 7, 7])
cosineSimilarity tensor([[1.0000, 1.0000, 1.0000, 1.0000, 1.0000, 1.0000, 1.0000]],
       grad_fn=<SumBackward1>)
Size of covariance_matrix: torch.Size([1, 7, 7])
Size of covariance_matrix_prime: torch.Size([1, 7, 7])
cosineSimilarity tensor([[1.0000, 1.0000, 1.0000, 1.0000, 1.0000, 1.0000, 1.0000]],
       grad_fn=<SumBackward1>)
Size of covariance_matrix: torch.Size([1, 7, 7])
Size of covariance_matrix_prime: torch.Size([1, 7, 7])
cosineSimilarity tensor([[1.0000, 1.0000, 1.0000, 1.0000, 1.0000, 1.0000, 1.0000]],
       grad_fn=<SumBackward1>)
Size of covariance_matrix: torch.Size([1, 7, 7])
Size of covariance_matrix_prime: torch.Size([1, 7, 7])
cosineSimilarity tensor([[1.0000, 1.0000, 1.0000, 1.0000, 1.0000, 1.0000, 1.0000]],
       grad_fn=<SumBackward1>)
Size of covariance_matrix: torch.Size([1, 7, 7])
Size of covariance_matrix_prime: torch.Size([1, 7, 7])
cosineSimilarity tensor([[1.0000, 1.0000, 1.0000, 1.0000, 1.0000, 1.0000, 1.0000]],
       grad_fn=<SumBackward1>)
Size of covariance_matrix: torch.Size([1, 7, 7])
Size of covariance_matrix_prime: torch.Size([1, 7, 7])
cosineSimilarity tensor([[1.0000, 1.0000, 1.0000, 1.0000, 1.0000, 1.0000, 1.0000]],
       grad_fn=<SumBackward1>)
Size of covariance_matrix: torch.Size([1, 7, 7])
Size of covariance_matrix_prime: torch.Size([1, 7, 7])
cosineSimilarity tensor([[1.0000, 1.0000, 1.0000, 1.0000, 1.0000, 1.0000, 1.0000]],
       grad_fn=<SumBackward1>)
Size of covariance_matrix: torch.Size([1, 7, 7])
Size of covariance_matrix_prime: torch.Size([1, 7, 7])
cosineSimilarity tensor([[1.0000, 1.0000, 1.0000, 1.0000, 1.0000, 1.0000, 1.0000]],
       grad_fn=<SumBackward1>)
Size of covariance_matrix: torch.Size([1, 7, 7])
Size of covariance_matrix_prime: torch.Size([1, 7, 7])
cosineSimilarity tensor([[1.0000, 1.0000, 1.0000, 1.0000, 1.0000, 1.0000, 1.0000]],
       grad_fn=<SumBackward1>)
Size of covariance_matrix: torch.Size([1, 7, 7])
Size of covariance_matrix_prime: torch.Size([1, 7, 7])
cosineSimilarity tensor([[1.0000, 1.0000, 1.0000, 1.0000, 1.0000, 1.0000, 1.0000]],
       grad_fn=<SumBackward1>)
Size of covariance_matrix: torch.Size([1, 7, 7])
Size of covariance_matrix_prime: torch.Size([1, 7, 7])
cosineSimilarity tensor([[1.0000, 1.0000, 1.0000, 1.0000, 1.0000, 1.0000, 1.0000]],
       grad_fn=<SumBackward1>)
Size of covariance_matrix: torch.Size([1, 7, 7])
Size of covariance_matrix_prime: torch.Size([1, 7, 7])
cosineSimilarity tensor([[1.0000, 1.0000, 1.0000, 1.0000, 1.0000, 1.0000, 1.0000]],
       grad_fn=<SumBackward1>)
Size of covariance_matrix: torch.Size([1, 7, 7])
Size of covariance_matrix_prime: torch.Size([1, 7, 7])
cosineSimilarity tensor([[1.0000, 1.0000, 1.0000, 1.0000, 1.0000, 1.0000, 1.0000]],
       grad_fn=<SumBackward1>)
Size of covariance_matrix: torch.Size([1, 7, 7])
Size of covariance_matrix_prime: torch.Size([1, 7, 7])
cosineSimilarity tensor([[1.0000, 1.0000, 1.0000, 1.0000, 1.0000, 1.0000, 1.0000]],
       grad_fn=<SumBackward1>)
Size of covariance_matrix: torch.Size([1, 7, 7])
Size of covariance_matrix_prime: torch.Size([1, 7, 7])
cosineSimilarity tensor([[1.0000, 1.0000, 1.0000, 1.0000, 1.0000, 1.0000, 1.0000]],
       grad_fn=<SumBackward1>)
Size of covariance_matrix: torch.Size([1, 7, 7])
Size of covariance_matrix_prime: torch.Size([1, 7, 7])
cosineSimilarity tensor([[1.0000, 1.0000, 1.0000, 1.0000, 1.0000, 1.0000, 1.0000]],
       grad_fn=<SumBackward1>)
Size of covariance_matrix: torch.Size([1, 7, 7])
Size of covariance_matrix_prime: torch.Size([1, 7, 7])
cosineSimilarity tensor([[1.0000, 1.0000, 1.0000, 1.0000, 1.0000, 1.0000, 1.0000]],
       grad_fn=<SumBackward1>)
Size of covariance_matrix: torch.Size([1, 7, 7])
Size of covariance_matrix_prime: torch.Size([1, 7, 7])
cosineSimilarity tensor([[1.0000, 1.0000, 1.0000, 1.0000, 1.0000, 1.0000, 1.0000]],
       grad_fn=<SumBackward1>)
Size of covariance_matrix: torch.Size([1, 7, 7])
Size of covariance_matrix_prime: torch.Size([1, 7, 7])
cosineSimilarity tensor([[1.0000, 1.0000, 1.0000, 1.0000, 1.0000, 1.0000, 1.0000]],
       grad_fn=<SumBackward1>)
Size of covariance_matrix: torch.Size([1, 7, 7])
Size of covariance_matrix_prime: torch.Size([1, 7, 7])
cosineSimilarity tensor([[1.0000, 1.0000, 1.0000, 1.0000, 1.0000, 1.0000, 1.0000]],
       grad_fn=<SumBackward1>)
Size of covariance_matrix: torch.Size([1, 7, 7])
Size of covariance_matrix_prime: torch.Size([1, 7, 7])
cosineSimilarity tensor([[1.0000, 1.0000, 1.0000, 1.0000, 1.0000, 1.0000, 1.0000]],
       grad_fn=<SumBackward1>)
Size of covariance_matrix: torch.Size([1, 7, 7])
Size of covariance_matrix_prime: torch.Size([1, 7, 7])
cosineSimilarity tensor([[1.0000, 1.0000, 1.0000, 1.0000, 1.0000, 1.0000, 1.0000]],
       grad_fn=<SumBackward1>)
Size of covariance_matrix: torch.Size([1, 7, 7])
Size of covariance_matrix_prime: torch.Size([1, 7, 7])
cosineSimilarity tensor([[1.0000, 1.0000, 1.0000, 1.0000, 1.0000, 1.0000, 1.0000]],
       grad_fn=<SumBackward1>)
Size of covariance_matrix: torch.Size([1, 7, 7])
Size of covariance_matrix_prime: torch.Size([1, 7, 7])
cosineSimilarity tensor([[1.0000, 1.0000, 1.0000, 1.0000, 1.0000, 1.0000, 1.0000]],
       grad_fn=<SumBackward1>)
Size of covariance_matrix: torch.Size([1, 7, 7])
Size of covariance_matrix_prime: torch.Size([1, 7, 7])
cosineSimilarity tensor([[1.0000, 1.0000, 1.0000, 1.0000, 1.0000, 1.0000, 1.0000]],
       grad_fn=<SumBackward1>)
Size of covariance_matrix: torch.Size([1, 7, 7])
Size of covariance_matrix_prime: torch.Size([1, 7, 7])
cosineSimilarity tensor([[1.0000, 1.0000, 1.0000, 1.0000, 1.0000, 1.0000, 1.0000]],
       grad_fn=<SumBackward1>)
Size of covariance_matrix: torch.Size([1, 7, 7])
Size of covariance_matrix_prime: torch.Size([1, 7, 7])
cosineSimilarity tensor([[1.0000, 1.0000, 1.0000, 1.0000, 1.0000, 1.0000, 1.0000]],
       grad_fn=<SumBackward1>)
Size of covariance_matrix: torch.Size([1, 7, 7])
Size of covariance_matrix_prime: torch.Size([1, 7, 7])
cosineSimilarity tensor([[nan, nan, nan, nan, nan, nan, nan]], grad_fn=<SumBackward1>)
Size of covariance_matrix: torch.Size([1, 7, 7])
Size of covariance_matrix_prime: torch.Size([1, 7, 7])
cosineSimilarity tensor([[1.0000, 1.0000, 1.0000, 1.0000, 1.0000, 1.0000, 1.0000]],
       grad_fn=<SumBackward1>)
Size of covariance_matrix: torch.Size([1, 7, 7])
Size of covariance_matrix_prime: torch.Size([1, 7, 7])
cosineSimilarity tensor([[1.0000, 1.0000, 1.0000, 1.0000, 1.0000, 1.0000, 1.0000]],
       grad_fn=<SumBackward1>)
Size of covariance_matrix: torch.Size([1, 7, 7])
Size of covariance_matrix_prime: torch.Size([1, 7, 7])
cosineSimilarity tensor([[1.0000, 1.0000, 1.0000, 1.0000, 1.0000, 1.0000, 1.0000]],
       grad_fn=<SumBackward1>)
Size of covariance_matrix: torch.Size([1, 7, 7])
Size of covariance_matrix_prime: torch.Size([1, 7, 7])
cosineSimilarity tensor([[1.0000, 1.0000, 1.0000, 1.0000, 1.0000, 1.0000, 1.0000]],
       grad_fn=<SumBackward1>)
Size of covariance_matrix: torch.Size([1, 7, 7])
Size of covariance_matrix_prime: torch.Size([1, 7, 7])
cosineSimilarity tensor([[1.0000, 1.0000, 1.0000, 1.0000, 1.0000, 1.0000, 1.0000]],
       grad_fn=<SumBackward1>)
Size of covariance_matrix: torch.Size([1, 7, 7])
Size of covariance_matrix_prime: torch.Size([1, 7, 7])
cosineSimilarity tensor([[1.0000, 1.0000, 1.0000, 1.0000, 1.0000, 1.0000, 1.0000]],
       grad_fn=<SumBackward1>)
Size of covariance_matrix: torch.Size([1, 7, 7])
Size of covariance_matrix_prime: torch.Size([1, 7, 7])
cosineSimilarity tensor([[1.0000, 1.0000, 1.0000, 1.0000, 1.0000, 1.0000, 1.0000]],
       grad_fn=<SumBackward1>)
Size of covariance_matrix: torch.Size([1, 7, 7])
Size of covariance_matrix_prime: torch.Size([1, 7, 7])
cosineSimilarity tensor([[1.0000, 1.0000, 1.0000, 1.0000, 1.0000, 1.0000, 1.0000]],
       grad_fn=<SumBackward1>)
Size of covariance_matrix: torch.Size([1, 7, 7])
Size of covariance_matrix_prime: torch.Size([1, 7, 7])
cosineSimilarity tensor([[1.0000, 1.0000, 1.0000, 1.0000, 1.0000, 1.0000, 1.0000]],
       grad_fn=<SumBackward1>)
Size of covariance_matrix: torch.Size([1, 7, 7])
Size of covariance_matrix_prime: torch.Size([1, 7, 7])
cosineSimilarity tensor([[1.0000, 1.0000, 1.0000, 1.0000, 1.0000, 1.0000, 1.0000]],
       grad_fn=<SumBackward1>)
Size of covariance_matrix: torch.Size([1, 7, 7])
Size of covariance_matrix_prime: torch.Size([1, 7, 7])
cosineSimilarity tensor([[1.0000, 1.0000, 1.0000, 1.0000, 1.0000, 1.0000, 1.0000]],
       grad_fn=<SumBackward1>)
Size of covariance_matrix: torch.Size([1, 7, 7])
Size of covariance_matrix_prime: torch.Size([1, 7, 7])
cosineSimilarity tensor([[1.0000, 1.0000, 1.0000, 1.0000, 1.0000, 1.0000, 1.0000]],
       grad_fn=<SumBackward1>)
Size of covariance_matrix: torch.Size([1, 7, 7])
Size of covariance_matrix_prime: torch.Size([1, 7, 7])
cosineSimilarity tensor([[nan, nan, nan, nan, nan, nan, nan]], grad_fn=<SumBackward1>)
Size of covariance_matrix: torch.Size([1, 7, 7])
Size of covariance_matrix_prime: torch.Size([1, 7, 7])
cosineSimilarity tensor([[1.0000, 1.0000, 1.0000, 1.0000, 1.0000, 1.0000, 1.0000]],
       grad_fn=<SumBackward1>)
Size of covariance_matrix: torch.Size([1, 7, 7])
Size of covariance_matrix_prime: torch.Size([1, 7, 7])
cosineSimilarity tensor([[1.0000, 1.0000, 1.0000, 1.0000, 1.0000, 1.0000, 1.0000]],
       grad_fn=<SumBackward1>)
Size of covariance_matrix: torch.Size([1, 7, 7])
Size of covariance_matrix_prime: torch.Size([1, 7, 7])
cosineSimilarity tensor([[1.0000, 1.0000, 1.0000, 1.0000, 1.0000, 1.0000, 1.0000]],
       grad_fn=<SumBackward1>)
Size of covariance_matrix: torch.Size([1, 7, 7])
Size of covariance_matrix_prime: torch.Size([1, 7, 7])
cosineSimilarity tensor([[1.0000, 1.0000, 1.0000, 1.0000, 1.0000, 1.0000, 1.0000]],
       grad_fn=<SumBackward1>)
Size of covariance_matrix: torch.Size([1, 7, 7])
Size of covariance_matrix_prime: torch.Size([1, 7, 7])
cosineSimilarity tensor([[1.0000, 1.0000, 1.0000, 1.0000, 1.0000, 1.0000, 1.0000]],
       grad_fn=<SumBackward1>)
Size of covariance_matrix: torch.Size([1, 7, 7])
Size of covariance_matrix_prime: torch.Size([1, 7, 7])
cosineSimilarity tensor([[1.0000, 1.0000, 1.0000, 1.0000, 1.0000, 1.0000, 1.0000]],
       grad_fn=<SumBackward1>)
Size of covariance_matrix: torch.Size([1, 7, 7])
Size of covariance_matrix_prime: torch.Size([1, 7, 7])
cosineSimilarity tensor([[1.0000, 1.0000, 1.0000, 1.0000, 1.0000, 1.0000, 1.0000]],
       grad_fn=<SumBackward1>)
Size of covariance_matrix: torch.Size([1, 7, 7])
Size of covariance_matrix_prime: torch.Size([1, 7, 7])
cosineSimilarity tensor([[1.0000, 1.0000, 1.0000, 1.0000, 1.0000, 1.0000, 1.0000]],
       grad_fn=<SumBackward1>)
Size of covariance_matrix: torch.Size([1, 7, 7])
Size of covariance_matrix_prime: torch.Size([1, 7, 7])
cosineSimilarity tensor([[1.0000, 1.0000, 1.0000, 1.0000, 1.0000, 1.0000, 1.0000]],
       grad_fn=<SumBackward1>)
Size of covariance_matrix: torch.Size([1, 7, 7])
Size of covariance_matrix_prime: torch.Size([1, 7, 7])
cosineSimilarity tensor([[1.0000, 1.0000, 1.0000, 1.0000, 1.0000, 1.0000, 1.0000]],
       grad_fn=<SumBackward1>)
Size of covariance_matrix: torch.Size([1, 7, 7])
Size of covariance_matrix_prime: torch.Size([1, 7, 7])
cosineSimilarity tensor([[1.0000, 1.0000, 1.0000, 1.0000, 1.0000, 1.0000, 1.0000]],
       grad_fn=<SumBackward1>)
Size of covariance_matrix: torch.Size([1, 7, 7])
Size of covariance_matrix_prime: torch.Size([1, 7, 7])
cosineSimilarity tensor([[1.0000, 1.0000, 1.0000, 1.0000, 1.0000, 1.0000, 1.0000]],
       grad_fn=<SumBackward1>)
Size of covariance_matrix: torch.Size([1, 7, 7])
Size of covariance_matrix_prime: torch.Size([1, 7, 7])
cosineSimilarity tensor([[1.0000, 1.0000, 1.0000, 1.0000, 1.0000, 1.0000, 1.0000]],
       grad_fn=<SumBackward1>)
Size of covariance_matrix: torch.Size([1, 7, 7])
Size of covariance_matrix_prime: torch.Size([1, 7, 7])
cosineSimilarity tensor([[1.0000, 1.0000, 1.0000, 1.0000, 1.0000, 1.0000, 1.0000]],
       grad_fn=<SumBackward1>)
Size of covariance_matrix: torch.Size([1, 7, 7])
Size of covariance_matrix_prime: torch.Size([1, 7, 7])
cosineSimilarity tensor([[1.0000, 1.0000, 1.0000, 1.0000, 1.0000, 1.0000, 1.0000]],
       grad_fn=<SumBackward1>)
Size of covariance_matrix: torch.Size([1, 7, 7])
Size of covariance_matrix_prime: torch.Size([1, 7, 7])
cosineSimilarity tensor([[1.0000, 1.0000, 1.0000, 1.0000, 1.0000, 1.0000, 1.0000]],
       grad_fn=<SumBackward1>)
Size of covariance_matrix: torch.Size([1, 7, 7])
Size of covariance_matrix_prime: torch.Size([1, 7, 7])
cosineSimilarity tensor([[1.0000, 1.0000, 1.0000, 1.0000, 1.0000, 1.0000, 1.0000]],
       grad_fn=<SumBackward1>)
Size of covariance_matrix: torch.Size([1, 7, 7])
Size of covariance_matrix_prime: torch.Size([1, 7, 7])
cosineSimilarity tensor([[1.0000, 1.0000, 1.0000, 1.0000, 1.0000, 1.0000, 1.0000]],
       grad_fn=<SumBackward1>)
Size of covariance_matrix: torch.Size([1, 7, 7])
Size of covariance_matrix_prime: torch.Size([1, 7, 7])
cosineSimilarity tensor([[1.0000, 1.0000, 1.0000, 1.0000, 1.0000, 1.0000, 1.0000]],
       grad_fn=<SumBackward1>)
Size of covariance_matrix: torch.Size([1, 7, 7])
Size of covariance_matrix_prime: torch.Size([1, 7, 7])
cosineSimilarity tensor([[1.0000, 1.0000, 1.0000, 1.0000, 1.0000, 1.0000, 1.0000]],
       grad_fn=<SumBackward1>)
Size of covariance_matrix: torch.Size([1, 7, 7])
Size of covariance_matrix_prime: torch.Size([1, 7, 7])
cosineSimilarity tensor([[1.0000, 1.0000, 1.0000, 1.0000, 1.0000, 1.0000, 1.0000]],
       grad_fn=<SumBackward1>)
Size of covariance_matrix: torch.Size([1, 7, 7])
Size of covariance_matrix_prime: torch.Size([1, 7, 7])
cosineSimilarity tensor([[1.0000, 1.0000, 1.0000, 1.0000, 1.0000, 1.0000, 1.0000]],
       grad_fn=<SumBackward1>)
Size of covariance_matrix: torch.Size([1, 7, 7])
Size of covariance_matrix_prime: torch.Size([1, 7, 7])
cosineSimilarity tensor([[1.0000, 1.0000, 1.0000, 1.0000, 1.0000, 1.0000, 1.0000]],
       grad_fn=<SumBackward1>)
Size of covariance_matrix: torch.Size([1, 7, 7])
Size of covariance_matrix_prime: torch.Size([1, 7, 7])
cosineSimilarity tensor([[1.0000, 1.0000, 1.0000, 1.0000, 1.0000, 1.0000, 1.0000]],
       grad_fn=<SumBackward1>)
Size of covariance_matrix: torch.Size([1, 7, 7])
Size of covariance_matrix_prime: torch.Size([1, 7, 7])
cosineSimilarity tensor([[1.0000, 1.0000, 1.0000, 1.0000, 1.0000, 1.0000, 1.0000]],
       grad_fn=<SumBackward1>)
Size of covariance_matrix: torch.Size([1, 7, 7])
Size of covariance_matrix_prime: torch.Size([1, 7, 7])
cosineSimilarity tensor([[1.0000, 1.0000, 1.0000, 1.0000, 1.0000, 1.0000, 1.0000]],
       grad_fn=<SumBackward1>)
Size of covariance_matrix: torch.Size([1, 7, 7])
Size of covariance_matrix_prime: torch.Size([1, 7, 7])
cosineSimilarity tensor([[1.0000, 1.0000, 1.0000, 1.0000, 1.0000, 1.0000, 1.0000]],
       grad_fn=<SumBackward1>)
Size of covariance_matrix: torch.Size([1, 7, 7])
Size of covariance_matrix_prime: torch.Size([1, 7, 7])
cosineSimilarity tensor([[1.0000, 1.0000, 1.0000, 1.0000, 1.0000, 1.0000, 1.0000]],
       grad_fn=<SumBackward1>)
Size of covariance_matrix: torch.Size([1, 7, 7])
Size of covariance_matrix_prime: torch.Size([1, 7, 7])
cosineSimilarity tensor([[1.0000, 1.0000, 1.0000, 1.0000, 1.0000, 1.0000, 1.0000]],
       grad_fn=<SumBackward1>)
Size of covariance_matrix: torch.Size([1, 7, 7])
Size of covariance_matrix_prime: torch.Size([1, 7, 7])
cosineSimilarity tensor([[1.0000, 1.0000, 1.0000, 1.0000, 1.0000, 1.0000, 1.0000]],
       grad_fn=<SumBackward1>)
Size of covariance_matrix: torch.Size([1, 7, 7])
Size of covariance_matrix_prime: torch.Size([1, 7, 7])
cosineSimilarity tensor([[1.0000, 1.0000, 1.0000, 1.0000, 1.0000, 1.0000, 1.0000]],
       grad_fn=<SumBackward1>)
Size of covariance_matrix: torch.Size([1, 7, 7])
Size of covariance_matrix_prime: torch.Size([1, 7, 7])
cosineSimilarity tensor([[1.0000, 1.0000, 1.0000, 1.0000, 1.0000, 1.0000, 1.0000]],
       grad_fn=<SumBackward1>)
Size of covariance_matrix: torch.Size([1, 7, 7])
Size of covariance_matrix_prime: torch.Size([1, 7, 7])
cosineSimilarity tensor([[1.0000, 1.0000, 1.0000, 1.0000, 1.0000, 1.0000, 1.0000]],
       grad_fn=<SumBackward1>)
Size of covariance_matrix: torch.Size([1, 7, 7])
Size of covariance_matrix_prime: torch.Size([1, 7, 7])
cosineSimilarity tensor([[1.0000, 1.0000, 1.0000, 1.0000, 1.0000, 1.0000, 1.0000]],
       grad_fn=<SumBackward1>)
Size of covariance_matrix: torch.Size([1, 7, 7])
Size of covariance_matrix_prime: torch.Size([1, 7, 7])
cosineSimilarity tensor([[1.0000, 1.0000, 1.0000, 1.0000, 1.0000, 1.0000, 1.0000]],
       grad_fn=<SumBackward1>)
Size of covariance_matrix: torch.Size([1, 7, 7])
Size of covariance_matrix_prime: torch.Size([1, 7, 7])
cosineSimilarity tensor([[1.0000, 1.0000, 1.0000, 1.0000, 1.0000, 1.0000, 1.0000]],
       grad_fn=<SumBackward1>)
Size of covariance_matrix: torch.Size([1, 7, 7])
Size of covariance_matrix_prime: torch.Size([1, 7, 7])
cosineSimilarity tensor([[1.0000, 1.0000, 1.0000, 1.0000, 1.0000, 1.0000, 1.0000]],
       grad_fn=<SumBackward1>)
Size of covariance_matrix: torch.Size([1, 7, 7])
Size of covariance_matrix_prime: torch.Size([1, 7, 7])
cosineSimilarity tensor([[1.0000, 1.0000, 1.0000, 1.0000, 1.0000, 1.0000, 1.0000]],
       grad_fn=<SumBackward1>)
Size of covariance_matrix: torch.Size([1, 7, 7])
Size of covariance_matrix_prime: torch.Size([1, 7, 7])
cosineSimilarity tensor([[1.0000, 1.0000, 1.0000, 1.0000, 1.0000, 1.0000, 1.0000]],
       grad_fn=<SumBackward1>)
Size of covariance_matrix: torch.Size([1, 7, 7])
Size of covariance_matrix_prime: torch.Size([1, 7, 7])
cosineSimilarity tensor([[1.0000, 1.0000, 1.0000, 1.0000, 1.0000, 1.0000, 1.0000]],
       grad_fn=<SumBackward1>)
Size of covariance_matrix: torch.Size([1, 7, 7])
Size of covariance_matrix_prime: torch.Size([1, 7, 7])
cosineSimilarity tensor([[1.0000, 1.0000, 1.0000, 1.0000, 1.0000, 1.0000, 1.0000]],
       grad_fn=<SumBackward1>)
Size of covariance_matrix: torch.Size([1, 7, 7])
Size of covariance_matrix_prime: torch.Size([1, 7, 7])
cosineSimilarity tensor([[1.0000, 1.0000, 1.0000, 1.0000, 1.0000, 1.0000, 1.0000]],
       grad_fn=<SumBackward1>)
Size of covariance_matrix: torch.Size([1, 7, 7])
Size of covariance_matrix_prime: torch.Size([1, 7, 7])
cosineSimilarity tensor([[1.0000, 1.0000, 1.0000, 1.0000, 1.0000, 1.0000, 1.0000]],
       grad_fn=<SumBackward1>)
Size of covariance_matrix: torch.Size([1, 7, 7])
Size of covariance_matrix_prime: torch.Size([1, 7, 7])
cosineSimilarity tensor([[1.0000, 1.0000, 1.0000, 1.0000, 1.0000, 1.0000, 1.0000]],
       grad_fn=<SumBackward1>)
Size of covariance_matrix: torch.Size([1, 7, 7])
Size of covariance_matrix_prime: torch.Size([1, 7, 7])
cosineSimilarity tensor([[1.0000, 1.0000, 1.0000, 1.0000, 1.0000, 1.0000, 1.0000]],
       grad_fn=<SumBackward1>)
Size of covariance_matrix: torch.Size([1, 7, 7])
Size of covariance_matrix_prime: torch.Size([1, 7, 7])
cosineSimilarity tensor([[1.0000, 1.0000, 1.0000, 1.0000, 1.0000, 1.0000, 1.0000]],
       grad_fn=<SumBackward1>)
Size of covariance_matrix: torch.Size([1, 7, 7])
Size of covariance_matrix_prime: torch.Size([1, 7, 7])
cosineSimilarity tensor([[1.0000, 1.0000, 1.0000, 1.0000, 1.0000, 1.0000, 1.0000]],
       grad_fn=<SumBackward1>)
Size of covariance_matrix: torch.Size([1, 7, 7])
Size of covariance_matrix_prime: torch.Size([1, 7, 7])
cosineSimilarity tensor([[1.0000, 1.0000, 1.0000, 1.0000, 1.0000, 1.0000, 1.0000]],
       grad_fn=<SumBackward1>)
Size of covariance_matrix: torch.Size([1, 7, 7])
Size of covariance_matrix_prime: torch.Size([1, 7, 7])
cosineSimilarity tensor([[1.0000, 1.0000, 1.0000, 1.0000, 1.0000, 1.0000, 1.0000]],
       grad_fn=<SumBackward1>)
Size of covariance_matrix: torch.Size([1, 7, 7])
Size of covariance_matrix_prime: torch.Size([1, 7, 7])
cosineSimilarity tensor([[1.0000, 1.0000, 1.0000, 1.0000, 1.0000, 1.0000, 1.0000]],
       grad_fn=<SumBackward1>)
Size of covariance_matrix: torch.Size([1, 7, 7])
Size of covariance_matrix_prime: torch.Size([1, 7, 7])
cosineSimilarity tensor([[1.0000, 1.0000, 1.0000, 1.0000, 1.0000, 1.0000, 1.0000]],
       grad_fn=<SumBackward1>)
Size of covariance_matrix: torch.Size([1, 7, 7])
Size of covariance_matrix_prime: torch.Size([1, 7, 7])
cosineSimilarity tensor([[1.0000, 1.0000, 1.0000, 1.0000, 1.0000, 1.0000, 1.0000]],
       grad_fn=<SumBackward1>)
Size of covariance_matrix: torch.Size([1, 7, 7])
Size of covariance_matrix_prime: torch.Size([1, 7, 7])
cosineSimilarity tensor([[1.0000, 1.0000, 1.0000, 1.0000, 1.0000, 1.0000, 1.0000]],
       grad_fn=<SumBackward1>)
Size of covariance_matrix: torch.Size([1, 7, 7])
Size of covariance_matrix_prime: torch.Size([1, 7, 7])
cosineSimilarity tensor([[1.0000, 1.0000, 1.0000, 1.0000, 1.0000, 1.0000, 1.0000]],
       grad_fn=<SumBackward1>)
Size of covariance_matrix: torch.Size([1, 7, 7])
Size of covariance_matrix_prime: torch.Size([1, 7, 7])
cosineSimilarity tensor([[1.0000, 1.0000, 1.0000, 1.0000, 1.0000, 1.0000, 1.0000]],
       grad_fn=<SumBackward1>)
Size of covariance_matrix: torch.Size([1, 7, 7])
Size of covariance_matrix_prime: torch.Size([1, 7, 7])
cosineSimilarity tensor([[1.0000, 1.0000, 1.0000, 1.0000, 1.0000, 1.0000, 1.0000]],
       grad_fn=<SumBackward1>)
Size of covariance_matrix: torch.Size([1, 7, 7])
Size of covariance_matrix_prime: torch.Size([1, 7, 7])
cosineSimilarity tensor([[1.0000, 1.0000, 1.0000, 1.0000, 1.0000, 1.0000, 1.0000]],
       grad_fn=<SumBackward1>)
Size of covariance_matrix: torch.Size([1, 7, 7])
Size of covariance_matrix_prime: torch.Size([1, 7, 7])
cosineSimilarity tensor([[1.0000, 1.0000, 1.0000, 1.0000, 1.0000, 1.0000, 1.0000]],
       grad_fn=<SumBackward1>)
Size of covariance_matrix: torch.Size([1, 7, 7])
Size of covariance_matrix_prime: torch.Size([1, 7, 7])
cosineSimilarity tensor([[1.0000, 1.0000, 1.0000, 1.0000, 1.0000, 1.0000, 1.0000]],
       grad_fn=<SumBackward1>)
Size of covariance_matrix: torch.Size([1, 7, 7])
Size of covariance_matrix_prime: torch.Size([1, 7, 7])
cosineSimilarity tensor([[1.0000, 1.0000, 1.0000, 1.0000, 1.0000, 1.0000, 1.0000]],
       grad_fn=<SumBackward1>)
Size of covariance_matrix: torch.Size([1, 7, 7])
Size of covariance_matrix_prime: torch.Size([1, 7, 7])
cosineSimilarity tensor([[1.0000, 1.0000, 1.0000, 1.0000, 1.0000, 1.0000, 1.0000]],
       grad_fn=<SumBackward1>)
Size of covariance_matrix: torch.Size([1, 7, 7])
Size of covariance_matrix_prime: torch.Size([1, 7, 7])
cosineSimilarity tensor([[1.0000, 1.0000, 1.0000, 1.0000, 1.0000, 1.0000, 1.0000]],
       grad_fn=<SumBackward1>)
Size of covariance_matrix: torch.Size([1, 7, 7])
Size of covariance_matrix_prime: torch.Size([1, 7, 7])
cosineSimilarity tensor([[1.0000, 1.0000, 1.0000, 1.0000, 1.0000, 1.0000, 1.0000]],
       grad_fn=<SumBackward1>)
Size of covariance_matrix: torch.Size([1, 7, 7])
Size of covariance_matrix_prime: torch.Size([1, 7, 7])
cosineSimilarity tensor([[1.0000, 1.0000, 1.0000, 1.0000, 1.0000, 1.0000, 1.0000]],
       grad_fn=<SumBackward1>)
Size of covariance_matrix: torch.Size([1, 7, 7])
Size of covariance_matrix_prime: torch.Size([1, 7, 7])
cosineSimilarity tensor([[1.0000, 1.0000, 1.0000, 1.0000, 1.0000, 1.0000, 1.0000]],
       grad_fn=<SumBackward1>)
Size of covariance_matrix: torch.Size([1, 7, 7])
Size of covariance_matrix_prime: torch.Size([1, 7, 7])
cosineSimilarity tensor([[1.0000, 1.0000, 1.0000, 1.0000, 1.0000, 1.0000, 1.0000]],
       grad_fn=<SumBackward1>)
Size of covariance_matrix: torch.Size([1, 7, 7])
Size of covariance_matrix_prime: torch.Size([1, 7, 7])
cosineSimilarity tensor([[1.0000, 1.0000, 1.0000, 1.0000, 1.0000, 1.0000, 1.0000]],
       grad_fn=<SumBackward1>)
Size of covariance_matrix: torch.Size([1, 7, 7])
Size of covariance_matrix_prime: torch.Size([1, 7, 7])
cosineSimilarity tensor([[1.0000, 1.0000, 1.0000, 1.0000, 1.0000, 1.0000, 1.0000]],
       grad_fn=<SumBackward1>)
Size of covariance_matrix: torch.Size([1, 7, 7])
Size of covariance_matrix_prime: torch.Size([1, 7, 7])
cosineSimilarity tensor([[1.0000, 1.0000, 1.0000, 1.0000, 1.0000, 1.0000, 1.0000]],
       grad_fn=<SumBackward1>)
Size of covariance_matrix: torch.Size([1, 7, 7])
Size of covariance_matrix_prime: torch.Size([1, 7, 7])
cosineSimilarity tensor([[1.0000, 1.0000, 1.0000, 1.0000, 1.0000, 1.0000, 1.0000]],
       grad_fn=<SumBackward1>)
Size of covariance_matrix: torch.Size([1, 7, 7])
Size of covariance_matrix_prime: torch.Size([1, 7, 7])
cosineSimilarity tensor([[1.0000, 1.0000, 1.0000, 1.0000, 1.0000, 1.0000, 1.0000]],
       grad_fn=<SumBackward1>)
Size of covariance_matrix: torch.Size([1, 7, 7])
Size of covariance_matrix_prime: torch.Size([1, 7, 7])
cosineSimilarity tensor([[1.0000, 1.0000, 1.0000, 1.0000, 1.0000, 1.0000, 1.0000]],
       grad_fn=<SumBackward1>)
Size of covariance_matrix: torch.Size([1, 7, 7])
Size of covariance_matrix_prime: torch.Size([1, 7, 7])
cosineSimilarity tensor([[1.0000, 1.0000, 1.0000, 1.0000, 1.0000, 1.0000, 1.0000]],
       grad_fn=<SumBackward1>)
Size of covariance_matrix: torch.Size([1, 7, 7])
Size of covariance_matrix_prime: torch.Size([1, 7, 7])
cosineSimilarity tensor([[1.0000, 1.0000, 1.0000, 1.0000, 1.0000, 1.0000, 1.0000]],
       grad_fn=<SumBackward1>)
Size of covariance_matrix: torch.Size([1, 7, 7])
Size of covariance_matrix_prime: torch.Size([1, 7, 7])
cosineSimilarity tensor([[1.0000, 1.0000, 1.0000, 1.0000, 1.0000, 1.0000, 1.0000]],
       grad_fn=<SumBackward1>)
Size of covariance_matrix: torch.Size([1, 7, 7])
Size of covariance_matrix_prime: torch.Size([1, 7, 7])
cosineSimilarity tensor([[1.0000, 1.0000, 1.0000, 1.0000, 1.0000, 1.0000, 1.0000]],
       grad_fn=<SumBackward1>)
Size of covariance_matrix: torch.Size([1, 7, 7])
Size of covariance_matrix_prime: torch.Size([1, 7, 7])
cosineSimilarity tensor([[1.0000, 1.0000, 1.0000, 1.0000, 1.0000, 1.0000, 1.0000]],
       grad_fn=<SumBackward1>)
Size of covariance_matrix: torch.Size([1, 7, 7])
Size of covariance_matrix_prime: torch.Size([1, 7, 7])
cosineSimilarity tensor([[1.0000, 1.0000, 1.0000, 1.0000, 1.0000, 1.0000, 1.0000]],
       grad_fn=<SumBackward1>)
Size of covariance_matrix: torch.Size([1, 7, 7])
Size of covariance_matrix_prime: torch.Size([1, 7, 7])
cosineSimilarity tensor([[1.0000, 1.0000, 1.0000, 1.0000, 1.0000, 1.0000, 1.0000]],
       grad_fn=<SumBackward1>)
Size of covariance_matrix: torch.Size([1, 7, 7])
Size of covariance_matrix_prime: torch.Size([1, 7, 7])
cosineSimilarity tensor([[1.0000, 1.0000, 1.0000, 1.0000, 1.0000, 1.0000, 1.0000]],
       grad_fn=<SumBackward1>)
Size of covariance_matrix: torch.Size([1, 7, 7])
Size of covariance_matrix_prime: torch.Size([1, 7, 7])
cosineSimilarity tensor([[1.0000, 1.0000, 1.0000, 1.0000, 1.0000, 1.0000, 1.0000]],
       grad_fn=<SumBackward1>)
Size of covariance_matrix: torch.Size([1, 7, 7])
Size of covariance_matrix_prime: torch.Size([1, 7, 7])
cosineSimilarity tensor([[1.0000, 1.0000, 1.0000, 1.0000, 1.0000, 1.0000, 1.0000]],
       grad_fn=<SumBackward1>)
Size of covariance_matrix: torch.Size([1, 7, 7])
Size of covariance_matrix_prime: torch.Size([1, 7, 7])
cosineSimilarity tensor([[1.0000, 1.0000, 1.0000, 1.0000, 1.0000, 1.0000, 1.0000]],
       grad_fn=<SumBackward1>)
Size of covariance_matrix: torch.Size([1, 7, 7])
Size of covariance_matrix_prime: torch.Size([1, 7, 7])
cosineSimilarity tensor([[1.0000, 1.0000, 1.0000, 1.0000, 1.0000, 1.0000, 1.0000]],
       grad_fn=<SumBackward1>)
Size of covariance_matrix: torch.Size([1, 7, 7])
Size of covariance_matrix_prime: torch.Size([1, 7, 7])
cosineSimilarity tensor([[1.0000, 1.0000, 1.0000, 1.0000, 1.0000, 1.0000, 1.0000]],
       grad_fn=<SumBackward1>)
Size of covariance_matrix: torch.Size([1, 7, 7])
Size of covariance_matrix_prime: torch.Size([1, 7, 7])
cosineSimilarity tensor([[1.0000, 1.0000, 1.0000, 1.0000, 1.0000, 1.0000, 1.0000]],
       grad_fn=<SumBackward1>)
Size of covariance_matrix: torch.Size([1, 7, 7])
Size of covariance_matrix_prime: torch.Size([1, 7, 7])
cosineSimilarity tensor([[1.0000, 1.0000, 1.0000, 1.0000, 1.0000, 1.0000, 1.0000]],
       grad_fn=<SumBackward1>)
Size of covariance_matrix: torch.Size([1, 7, 7])
Size of covariance_matrix_prime: torch.Size([1, 7, 7])
cosineSimilarity tensor([[1.0000, 1.0000, 1.0000, 1.0000, 1.0000, 1.0000, 1.0000]],
       grad_fn=<SumBackward1>)
Size of covariance_matrix: torch.Size([1, 7, 7])
Size of covariance_matrix_prime: torch.Size([1, 7, 7])
cosineSimilarity tensor([[1.0000, 1.0000, 1.0000, 1.0000, 1.0000, 1.0000, 1.0000]],
       grad_fn=<SumBackward1>)
Size of covariance_matrix: torch.Size([1, 7, 7])
Size of covariance_matrix_prime: torch.Size([1, 7, 7])
cosineSimilarity tensor([[nan, nan, nan, nan, nan, nan, nan]], grad_fn=<SumBackward1>)
Size of covariance_matrix: torch.Size([1, 7, 7])
Size of covariance_matrix_prime: torch.Size([1, 7, 7])
cosineSimilarity tensor([[1.0000, 1.0000, 1.0000, 1.0000, 1.0000, 1.0000, 1.0000]],
       grad_fn=<SumBackward1>)
Size of covariance_matrix: torch.Size([1, 7, 7])
Size of covariance_matrix_prime: torch.Size([1, 7, 7])
cosineSimilarity tensor([[1.0000, 1.0000, 1.0000, 1.0000, 1.0000, 1.0000, 1.0000]],
       grad_fn=<SumBackward1>)
Size of covariance_matrix: torch.Size([1, 7, 7])
Size of covariance_matrix_prime: torch.Size([1, 7, 7])
cosineSimilarity tensor([[1.0000, 1.0000, 1.0000, 1.0000, 1.0000, 1.0000, 1.0000]],
       grad_fn=<SumBackward1>)
Size of covariance_matrix: torch.Size([1, 7, 7])
Size of covariance_matrix_prime: torch.Size([1, 7, 7])
cosineSimilarity tensor([[1.0000, 1.0000, 1.0000, 1.0000, 1.0000, 1.0000, 1.0000]],
       grad_fn=<SumBackward1>)
Size of covariance_matrix: torch.Size([1, 7, 7])
Size of covariance_matrix_prime: torch.Size([1, 7, 7])
cosineSimilarity tensor([[1.0000, 1.0000, 1.0000, 1.0000, 1.0000, 1.0000, 1.0000]],
       grad_fn=<SumBackward1>)
Size of covariance_matrix: torch.Size([1, 7, 7])
Size of covariance_matrix_prime: torch.Size([1, 7, 7])
cosineSimilarity tensor([[1.0000, 1.0000, 1.0000, 1.0000, 1.0000, 1.0000, 1.0000]],
       grad_fn=<SumBackward1>)
Size of covariance_matrix: torch.Size([1, 7, 7])
Size of covariance_matrix_prime: torch.Size([1, 7, 7])
cosineSimilarity tensor([[1.0000, 1.0000, 1.0000, 1.0000, 1.0000, 1.0000, 1.0000]],
       grad_fn=<SumBackward1>)
Size of covariance_matrix: torch.Size([1, 7, 7])
Size of covariance_matrix_prime: torch.Size([1, 7, 7])
cosineSimilarity tensor([[1.0000, 1.0000, 1.0000, 1.0000, 1.0000, 1.0000, 1.0000]],
       grad_fn=<SumBackward1>)
Size of covariance_matrix: torch.Size([1, 7, 7])
Size of covariance_matrix_prime: torch.Size([1, 7, 7])
cosineSimilarity tensor([[1.0000, 1.0000, 1.0000, 1.0000, 1.0000, 1.0000, 1.0000]],
       grad_fn=<SumBackward1>)
Size of covariance_matrix: torch.Size([1, 7, 7])
Size of covariance_matrix_prime: torch.Size([1, 7, 7])
cosineSimilarity tensor([[1.0000, 1.0000, 1.0000, 1.0000, 1.0000, 1.0000, 1.0000]],
       grad_fn=<SumBackward1>)
Size of covariance_matrix: torch.Size([1, 7, 7])
Size of covariance_matrix_prime: torch.Size([1, 7, 7])
cosineSimilarity tensor([[1.0000, 1.0000, 1.0000, 1.0000, 1.0000, 1.0000, 1.0000]],
       grad_fn=<SumBackward1>)
Size of covariance_matrix: torch.Size([1, 7, 7])
Size of covariance_matrix_prime: torch.Size([1, 7, 7])
cosineSimilarity tensor([[1.0000, 1.0000, 1.0000, 1.0000, 1.0000, 1.0000, 1.0000]],
       grad_fn=<SumBackward1>)
Size of covariance_matrix: torch.Size([1, 7, 7])
Size of covariance_matrix_prime: torch.Size([1, 7, 7])
cosineSimilarity tensor([[nan, nan, nan, nan, nan, nan, nan]], grad_fn=<SumBackward1>)
Size of covariance_matrix: torch.Size([1, 7, 7])
Size of covariance_matrix_prime: torch.Size([1, 7, 7])
cosineSimilarity tensor([[1.0000, 1.0000, 1.0000, 1.0000, 1.0000, 1.0000, 1.0000]],
       grad_fn=<SumBackward1>)
Size of covariance_matrix: torch.Size([1, 7, 7])
Size of covariance_matrix_prime: torch.Size([1, 7, 7])
cosineSimilarity tensor([[1.0000, 1.0000, 1.0000, 1.0000, 1.0000, 1.0000, 1.0000]],
       grad_fn=<SumBackward1>)
Size of covariance_matrix: torch.Size([1, 7, 7])
Size of covariance_matrix_prime: torch.Size([1, 7, 7])
cosineSimilarity tensor([[1.0000, 1.0000, 1.0000, 1.0000, 1.0000, 1.0000, 1.0000]],
       grad_fn=<SumBackward1>)
Size of covariance_matrix: torch.Size([1, 7, 7])
Size of covariance_matrix_prime: torch.Size([1, 7, 7])
cosineSimilarity tensor([[1.0000, 1.0000, 1.0000, 1.0000, 1.0000, 1.0000, 1.0000]],
       grad_fn=<SumBackward1>)
Size of covariance_matrix: torch.Size([1, 7, 7])
Size of covariance_matrix_prime: torch.Size([1, 7, 7])
cosineSimilarity tensor([[1.0000, 1.0000, 1.0000, 1.0000, 1.0000, 1.0000, 1.0000]],
       grad_fn=<SumBackward1>)
Size of covariance_matrix: torch.Size([1, 7, 7])
Size of covariance_matrix_prime: torch.Size([1, 7, 7])
cosineSimilarity tensor([[1.0000, 1.0000, 1.0000, 1.0000, 1.0000, 1.0000, 1.0000]],
       grad_fn=<SumBackward1>)
Size of covariance_matrix: torch.Size([1, 7, 7])
Size of covariance_matrix_prime: torch.Size([1, 7, 7])
cosineSimilarity tensor([[1.0000, 1.0000, 1.0000, 1.0000, 1.0000, 1.0000, 1.0000]],
       grad_fn=<SumBackward1>)
Size of covariance_matrix: torch.Size([1, 7, 7])
Size of covariance_matrix_prime: torch.Size([1, 7, 7])
cosineSimilarity tensor([[1.0000, 1.0000, 1.0000, 1.0000, 1.0000, 1.0000, 1.0000]],
       grad_fn=<SumBackward1>)
Size of covariance_matrix: torch.Size([1, 7, 7])
Size of covariance_matrix_prime: torch.Size([1, 7, 7])
cosineSimilarity tensor([[1.0000, 1.0000, 1.0000, 1.0000, 1.0000, 1.0000, 1.0000]],
       grad_fn=<SumBackward1>)
Size of covariance_matrix: torch.Size([1, 7, 7])
Size of covariance_matrix_prime: torch.Size([1, 7, 7])
cosineSimilarity tensor([[1.0000, 1.0000, 1.0000, 1.0000, 1.0000, 1.0000, 1.0000]],
       grad_fn=<SumBackward1>)
Size of covariance_matrix: torch.Size([1, 7, 7])
Size of covariance_matrix_prime: torch.Size([1, 7, 7])
cosineSimilarity tensor([[1.0000, 1.0000, 1.0000, 1.0000, 1.0000, 1.0000, 1.0000]],
       grad_fn=<SumBackward1>)
Size of covariance_matrix: torch.Size([1, 7, 7])
Size of covariance_matrix_prime: torch.Size([1, 7, 7])
cosineSimilarity tensor([[1.0000, 1.0000, 1.0000, 1.0000, 1.0000, 1.0000, 1.0000]],
       grad_fn=<SumBackward1>)
Size of covariance_matrix: torch.Size([1, 7, 7])
Size of covariance_matrix_prime: torch.Size([1, 7, 7])
cosineSimilarity tensor([[1.0000, 1.0000, 1.0000, 1.0000, 1.0000, 1.0000, 1.0000]],
       grad_fn=<SumBackward1>)
Size of covariance_matrix: torch.Size([1, 7, 7])
Size of covariance_matrix_prime: torch.Size([1, 7, 7])
cosineSimilarity tensor([[1.0000, 1.0000, 1.0000, 1.0000, 1.0000, 1.0000, 1.0000]],
       grad_fn=<SumBackward1>)
Size of covariance_matrix: torch.Size([1, 7, 7])
Size of covariance_matrix_prime: torch.Size([1, 7, 7])
cosineSimilarity tensor([[1.0000, 1.0000, 1.0000, 1.0000, 1.0000, 1.0000, 1.0000]],
       grad_fn=<SumBackward1>)
Size of covariance_matrix: torch.Size([1, 7, 7])
Size of covariance_matrix_prime: torch.Size([1, 7, 7])
cosineSimilarity tensor([[1.0000, 1.0000, 1.0000, 1.0000, 1.0000, 1.0000, 1.0000]],
       grad_fn=<SumBackward1>)
Size of covariance_matrix: torch.Size([1, 7, 7])
Size of covariance_matrix_prime: torch.Size([1, 7, 7])
cosineSimilarity tensor([[1.0000, 1.0000, 1.0000, 1.0000, 1.0000, 1.0000, 1.0000]],
       grad_fn=<SumBackward1>)
Size of covariance_matrix: torch.Size([1, 7, 7])
Size of covariance_matrix_prime: torch.Size([1, 7, 7])
cosineSimilarity tensor([[1.0000, 1.0000, 1.0000, 1.0000, 1.0000, 1.0000, 1.0000]],
       grad_fn=<SumBackward1>)
Size of covariance_matrix: torch.Size([1, 7, 7])
Size of covariance_matrix_prime: torch.Size([1, 7, 7])
cosineSimilarity tensor([[1.0000, 1.0000, 1.0000, 1.0000, 1.0000, 1.0000, 1.0000]],
       grad_fn=<SumBackward1>)
Size of covariance_matrix: torch.Size([1, 7, 7])
Size of covariance_matrix_prime: torch.Size([1, 7, 7])
cosineSimilarity tensor([[1.0000, 1.0000, 1.0000, 1.0000, 1.0000, 1.0000, 1.0000]],
       grad_fn=<SumBackward1>)
Size of covariance_matrix: torch.Size([1, 7, 7])
Size of covariance_matrix_prime: torch.Size([1, 7, 7])
cosineSimilarity tensor([[1.0000, 1.0000, 1.0000, 1.0000, 1.0000, 1.0000, 1.0000]],
       grad_fn=<SumBackward1>)
Size of covariance_matrix: torch.Size([1, 7, 7])
Size of covariance_matrix_prime: torch.Size([1, 7, 7])
cosineSimilarity tensor([[1.0000, 1.0000, 1.0000, 1.0000, 1.0000, 1.0000, 1.0000]],
       grad_fn=<SumBackward1>)
Size of covariance_matrix: torch.Size([1, 7, 7])
Size of covariance_matrix_prime: torch.Size([1, 7, 7])
cosineSimilarity tensor([[1.0000, 1.0000, 1.0000, 1.0000, 1.0000, 1.0000, 1.0000]],
       grad_fn=<SumBackward1>)
Size of covariance_matrix: torch.Size([1, 7, 7])
Size of covariance_matrix_prime: torch.Size([1, 7, 7])
cosineSimilarity tensor([[1.0000, 1.0000, 1.0000, 1.0000, 1.0000, 1.0000, 1.0000]],
       grad_fn=<SumBackward1>)
Size of covariance_matrix: torch.Size([1, 7, 7])
Size of covariance_matrix_prime: torch.Size([1, 7, 7])
cosineSimilarity tensor([[1.0000, 1.0000, 1.0000, 1.0000, 1.0000, 1.0000, 1.0000]],
       grad_fn=<SumBackward1>)
Size of covariance_matrix: torch.Size([1, 7, 7])
Size of covariance_matrix_prime: torch.Size([1, 7, 7])
cosineSimilarity tensor([[1.0000, 1.0000, 1.0000, 1.0000, 1.0000, 1.0000, 1.0000]],
       grad_fn=<SumBackward1>)
Size of covariance_matrix: torch.Size([1, 7, 7])
Size of covariance_matrix_prime: torch.Size([1, 7, 7])
cosineSimilarity tensor([[1.0000, 1.0000, 1.0000, 1.0000, 1.0000, 1.0000, 1.0000]],
       grad_fn=<SumBackward1>)
Size of covariance_matrix: torch.Size([1, 7, 7])
Size of covariance_matrix_prime: torch.Size([1, 7, 7])
cosineSimilarity tensor([[1.0000, 1.0000, 1.0000, 1.0000, 1.0000, 1.0000, 1.0000]],
       grad_fn=<SumBackward1>)
Size of covariance_matrix: torch.Size([1, 7, 7])
Size of covariance_matrix_prime: torch.Size([1, 7, 7])
cosineSimilarity tensor([[1.0000, 1.0000, 1.0000, 1.0000, 1.0000, 1.0000, 1.0000]],
       grad_fn=<SumBackward1>)
Size of covariance_matrix: torch.Size([1, 7, 7])
Size of covariance_matrix_prime: torch.Size([1, 7, 7])
cosineSimilarity tensor([[1.0000, 1.0000, 1.0000, 1.0000, 1.0000, 1.0000, 1.0000]],
       grad_fn=<SumBackward1>)
Size of covariance_matrix: torch.Size([1, 7, 7])
Size of covariance_matrix_prime: torch.Size([1, 7, 7])
cosineSimilarity tensor([[1.0000, 1.0000, 1.0000, 1.0000, 1.0000, 1.0000, 1.0000]],
       grad_fn=<SumBackward1>)
Size of covariance_matrix: torch.Size([1, 7, 7])
Size of covariance_matrix_prime: torch.Size([1, 7, 7])
cosineSimilarity tensor([[1.0000, 1.0000, 1.0000, 1.0000, 1.0000, 1.0000, 1.0000]],
       grad_fn=<SumBackward1>)
Size of covariance_matrix: torch.Size([1, 7, 7])
Size of covariance_matrix_prime: torch.Size([1, 7, 7])
cosineSimilarity tensor([[1.0000, 1.0000, 1.0000, 1.0000, 1.0000, 1.0000, 1.0000]],
       grad_fn=<SumBackward1>)
Size of covariance_matrix: torch.Size([1, 7, 7])
Size of covariance_matrix_prime: torch.Size([1, 7, 7])
cosineSimilarity tensor([[1.0000, 1.0000, 1.0000, 1.0000, 1.0000, 1.0000, 1.0000]],
       grad_fn=<SumBackward1>)
Size of covariance_matrix: torch.Size([1, 7, 7])
Size of covariance_matrix_prime: torch.Size([1, 7, 7])
cosineSimilarity tensor([[1.0000, 1.0000, 1.0000, 1.0000, 1.0000, 1.0000, 1.0000]],
       grad_fn=<SumBackward1>)
Size of covariance_matrix: torch.Size([1, 7, 7])
Size of covariance_matrix_prime: torch.Size([1, 7, 7])
cosineSimilarity tensor([[1.0000, 1.0000, 1.0000, 1.0000, 1.0000, 1.0000, 1.0000]],
       grad_fn=<SumBackward1>)
Size of covariance_matrix: torch.Size([1, 7, 7])
Size of covariance_matrix_prime: torch.Size([1, 7, 7])
cosineSimilarity tensor([[1.0000, 1.0000, 1.0000, 1.0000, 1.0000, 1.0000, 1.0000]],
       grad_fn=<SumBackward1>)
Size of covariance_matrix: torch.Size([1, 7, 7])
Size of covariance_matrix_prime: torch.Size([1, 7, 7])
cosineSimilarity tensor([[1.0000, 1.0000, 1.0000, 1.0000, 1.0000, 1.0000, 1.0000]],
       grad_fn=<SumBackward1>)
Size of covariance_matrix: torch.Size([1, 7, 7])
Size of covariance_matrix_prime: torch.Size([1, 7, 7])
cosineSimilarity tensor([[1.0000, 1.0000, 1.0000, 1.0000, 1.0000, 1.0000, 1.0000]],
       grad_fn=<SumBackward1>)
Size of covariance_matrix: torch.Size([1, 7, 7])
Size of covariance_matrix_prime: torch.Size([1, 7, 7])
cosineSimilarity tensor([[1.0000, 1.0000, 1.0000, 1.0000, 1.0000, 1.0000, 1.0000]],
       grad_fn=<SumBackward1>)
Size of covariance_matrix: torch.Size([1, 7, 7])
Size of covariance_matrix_prime: torch.Size([1, 7, 7])
cosineSimilarity tensor([[1.0000, 1.0000, 1.0000, 1.0000, 1.0000, 1.0000, 1.0000]],
       grad_fn=<SumBackward1>)
Size of covariance_matrix: torch.Size([1, 7, 7])
Size of covariance_matrix_prime: torch.Size([1, 7, 7])
cosineSimilarity tensor([[1.0000, 1.0000, 1.0000, 1.0000, 1.0000, 1.0000, 1.0000]],
       grad_fn=<SumBackward1>)
Size of covariance_matrix: torch.Size([1, 7, 7])
Size of covariance_matrix_prime: torch.Size([1, 7, 7])
cosineSimilarity tensor([[1.0000, 1.0000, 1.0000, 1.0000, 1.0000, 1.0000, 1.0000]],
       grad_fn=<SumBackward1>)
Size of covariance_matrix: torch.Size([1, 7, 7])
Size of covariance_matrix_prime: torch.Size([1, 7, 7])
cosineSimilarity tensor([[1.0000, 1.0000, 1.0000, 1.0000, 1.0000, 1.0000, 1.0000]],
       grad_fn=<SumBackward1>)
Size of covariance_matrix: torch.Size([1, 7, 7])
Size of covariance_matrix_prime: torch.Size([1, 7, 7])
cosineSimilarity tensor([[1.0000, 1.0000, 1.0000, 1.0000, 1.0000, 1.0000, 1.0000]],
       grad_fn=<SumBackward1>)
Size of covariance_matrix: torch.Size([1, 7, 7])
Size of covariance_matrix_prime: torch.Size([1, 7, 7])
cosineSimilarity tensor([[1.0000, 1.0000, 1.0000, 1.0000, 1.0000, 1.0000, 1.0000]],
       grad_fn=<SumBackward1>)
Size of covariance_matrix: torch.Size([1, 7, 7])
Size of covariance_matrix_prime: torch.Size([1, 7, 7])
cosineSimilarity tensor([[1.0000, 1.0000, 1.0000, 1.0000, 1.0000, 1.0000, 1.0000]],
       grad_fn=<SumBackward1>)
Size of covariance_matrix: torch.Size([1, 7, 7])
Size of covariance_matrix_prime: torch.Size([1, 7, 7])
cosineSimilarity tensor([[1.0000, 1.0000, 1.0000, 1.0000, 1.0000, 1.0000, 1.0000]],
       grad_fn=<SumBackward1>)
Size of covariance_matrix: torch.Size([1, 7, 7])
Size of covariance_matrix_prime: torch.Size([1, 7, 7])
cosineSimilarity tensor([[1.0000, 1.0000, 1.0000, 1.0000, 1.0000, 1.0000, 1.0000]],
       grad_fn=<SumBackward1>)
Size of covariance_matrix: torch.Size([1, 7, 7])
Size of covariance_matrix_prime: torch.Size([1, 7, 7])
cosineSimilarity tensor([[1.0000, 1.0000, 1.0000, 1.0000, 1.0000, 1.0000, 1.0000]],
       grad_fn=<SumBackward1>)
Size of covariance_matrix: torch.Size([1, 7, 7])
Size of covariance_matrix_prime: torch.Size([1, 7, 7])
cosineSimilarity tensor([[1.0000, 1.0000, 1.0000, 1.0000, 1.0000, 1.0000, 1.0000]],
       grad_fn=<SumBackward1>)
Size of covariance_matrix: torch.Size([1, 7, 7])
Size of covariance_matrix_prime: torch.Size([1, 7, 7])
cosineSimilarity tensor([[1.0000, 1.0000, 1.0000, 1.0000, 1.0000, 1.0000, 1.0000]],
       grad_fn=<SumBackward1>)
Size of covariance_matrix: torch.Size([1, 7, 7])
Size of covariance_matrix_prime: torch.Size([1, 7, 7])
cosineSimilarity tensor([[1.0000, 1.0000, 1.0000, 1.0000, 1.0000, 1.0000, 1.0000]],
       grad_fn=<SumBackward1>)
Size of covariance_matrix: torch.Size([1, 7, 7])
Size of covariance_matrix_prime: torch.Size([1, 7, 7])
cosineSimilarity tensor([[1.0000, 1.0000, 1.0000, 1.0000, 1.0000, 1.0000, 1.0000]],
       grad_fn=<SumBackward1>)
Size of covariance_matrix: torch.Size([1, 7, 7])
Size of covariance_matrix_prime: torch.Size([1, 7, 7])
cosineSimilarity tensor([[1.0000, 1.0000, 1.0000, 1.0000, 1.0000, 1.0000, 1.0000]],
       grad_fn=<SumBackward1>)
Size of covariance_matrix: torch.Size([1, 7, 7])
Size of covariance_matrix_prime: torch.Size([1, 7, 7])
cosineSimilarity tensor([[1.0000, 1.0000, 1.0000, 1.0000, 1.0000, 1.0000, 1.0000]],
       grad_fn=<SumBackward1>)
Size of covariance_matrix: torch.Size([1, 7, 7])
Size of covariance_matrix_prime: torch.Size([1, 7, 7])
cosineSimilarity tensor([[1.0000, 1.0000, 1.0000, 1.0000, 1.0000, 1.0000, 1.0000]],
       grad_fn=<SumBackward1>)
Size of covariance_matrix: torch.Size([1, 7, 7])
Size of covariance_matrix_prime: torch.Size([1, 7, 7])
cosineSimilarity tensor([[1.0000, 1.0000, 1.0000, 1.0000, 1.0000, 1.0000, 1.0000]],
       grad_fn=<SumBackward1>)
Size of covariance_matrix: torch.Size([1, 7, 7])
Size of covariance_matrix_prime: torch.Size([1, 7, 7])
cosineSimilarity tensor([[1.0000, 1.0000, 1.0000, 1.0000, 1.0000, 1.0000, 1.0000]],
       grad_fn=<SumBackward1>)
Size of covariance_matrix: torch.Size([1, 7, 7])
Size of covariance_matrix_prime: torch.Size([1, 7, 7])
cosineSimilarity tensor([[1.0000, 1.0000, 1.0000, 1.0000, 1.0000, 1.0000, 1.0000]],
       grad_fn=<SumBackward1>)
Size of covariance_matrix: torch.Size([1, 7, 7])
Size of covariance_matrix_prime: torch.Size([1, 7, 7])
cosineSimilarity tensor([[1.0000, 1.0000, 1.0000, 1.0000, 1.0000, 1.0000, 1.0000]],
       grad_fn=<SumBackward1>)
Size of covariance_matrix: torch.Size([1, 7, 7])
Size of covariance_matrix_prime: torch.Size([1, 7, 7])
cosineSimilarity tensor([[1.0000, 1.0000, 1.0000, 1.0000, 1.0000, 1.0000, 1.0000]],
       grad_fn=<SumBackward1>)
Size of covariance_matrix: torch.Size([1, 7, 7])
Size of covariance_matrix_prime: torch.Size([1, 7, 7])
cosineSimilarity tensor([[1.0000, 1.0000, 1.0000, 1.0000, 1.0000, 1.0000, 1.0000]],
       grad_fn=<SumBackward1>)
Size of covariance_matrix: torch.Size([1, 7, 7])
Size of covariance_matrix_prime: torch.Size([1, 7, 7])
cosineSimilarity tensor([[1.0000, 1.0000, 1.0000, 1.0000, 1.0000, 1.0000, 1.0000]],
       grad_fn=<SumBackward1>)
Size of covariance_matrix: torch.Size([1, 7, 7])
Size of covariance_matrix_prime: torch.Size([1, 7, 7])
cosineSimilarity tensor([[1.0000, 1.0000, 1.0000, 1.0000, 1.0000, 1.0000, 1.0000]],
       grad_fn=<SumBackward1>)
Size of covariance_matrix: torch.Size([1, 7, 7])
Size of covariance_matrix_prime: torch.Size([1, 7, 7])
cosineSimilarity tensor([[1.0000, 1.0000, 1.0000, 1.0000, 1.0000, 1.0000, 1.0000]],
       grad_fn=<SumBackward1>)
Size of covariance_matrix: torch.Size([1, 7, 7])
Size of covariance_matrix_prime: torch.Size([1, 7, 7])
cosineSimilarity tensor([[1.0000, 1.0000, 1.0000, 1.0000, 1.0000, 1.0000, 1.0000]],
       grad_fn=<SumBackward1>)
Size of covariance_matrix: torch.Size([1, 7, 7])
Size of covariance_matrix_prime: torch.Size([1, 7, 7])
cosineSimilarity tensor([[1.0000, 1.0000, 1.0000, 1.0000, 1.0000, 1.0000, 1.0000]],
       grad_fn=<SumBackward1>)
Size of covariance_matrix: torch.Size([1, 7, 7])
Size of covariance_matrix_prime: torch.Size([1, 7, 7])
cosineSimilarity tensor([[1.0000, 1.0000, 1.0000, 1.0000, 1.0000, 1.0000, 1.0000]],
       grad_fn=<SumBackward1>)
Size of covariance_matrix: torch.Size([1, 7, 7])
Size of covariance_matrix_prime: torch.Size([1, 7, 7])
cosineSimilarity tensor([[1.0000, 1.0000, 1.0000, 1.0000, 1.0000, 1.0000, 1.0000]],
       grad_fn=<SumBackward1>)
Size of covariance_matrix: torch.Size([1, 7, 7])
Size of covariance_matrix_prime: torch.Size([1, 7, 7])
cosineSimilarity tensor([[1.0000, 1.0000, 1.0000, 1.0000, 1.0000, 1.0000, 1.0000]],
       grad_fn=<SumBackward1>)
Size of covariance_matrix: torch.Size([1, 7, 7])
Size of covariance_matrix_prime: torch.Size([1, 7, 7])
cosineSimilarity tensor([[1.0000, 1.0000, 1.0000, 1.0000, 1.0000, 1.0000, 1.0000]],
       grad_fn=<SumBackward1>)
Size of covariance_matrix: torch.Size([1, 7, 7])
Size of covariance_matrix_prime: torch.Size([1, 7, 7])
cosineSimilarity tensor([[1.0000, 1.0000, 1.0000, 1.0000, 1.0000, 1.0000, 1.0000]],
       grad_fn=<SumBackward1>)
Size of covariance_matrix: torch.Size([1, 7, 7])
Size of covariance_matrix_prime: torch.Size([1, 7, 7])
cosineSimilarity tensor([[1.0000, 1.0000, 1.0000, 1.0000, 1.0000, 1.0000, 1.0000]],
       grad_fn=<SumBackward1>)
Size of covariance_matrix: torch.Size([1, 7, 7])
Size of covariance_matrix_prime: torch.Size([1, 7, 7])
cosineSimilarity tensor([[1.0000, 1.0000, 1.0000, 1.0000, 1.0000, 1.0000, 1.0000]],
       grad_fn=<SumBackward1>)
Size of covariance_matrix: torch.Size([1, 7, 7])
Size of covariance_matrix_prime: torch.Size([1, 7, 7])
cosineSimilarity tensor([[1.0000, 1.0000, 1.0000, 1.0000, 1.0000, 1.0000, 1.0000]],
       grad_fn=<SumBackward1>)
Size of covariance_matrix: torch.Size([1, 7, 7])
Size of covariance_matrix_prime: torch.Size([1, 7, 7])
cosineSimilarity tensor([[1.0000, 1.0000, 1.0000, 1.0000, 1.0000, 1.0000, 1.0000]],
       grad_fn=<SumBackward1>)
Size of covariance_matrix: torch.Size([1, 7, 7])
Size of covariance_matrix_prime: torch.Size([1, 7, 7])
cosineSimilarity tensor([[1.0000, 1.0000, 1.0000, 1.0000, 1.0000, 1.0000, 1.0000]],
       grad_fn=<SumBackward1>)
Size of covariance_matrix: torch.Size([1, 7, 7])
Size of covariance_matrix_prime: torch.Size([1, 7, 7])
cosineSimilarity tensor([[1.0000, 1.0000, 1.0000, 1.0000, 1.0000, 1.0000, 1.0000]],
       grad_fn=<SumBackward1>)
Size of covariance_matrix: torch.Size([1, 7, 7])
Size of covariance_matrix_prime: torch.Size([1, 7, 7])
cosineSimilarity tensor([[1.0000, 1.0000, 1.0000, 1.0000, 1.0000, 1.0000, 1.0000]],
       grad_fn=<SumBackward1>)
Size of covariance_matrix: torch.Size([1, 7, 7])
Size of covariance_matrix_prime: torch.Size([1, 7, 7])
cosineSimilarity tensor([[1.0000, 1.0000, 1.0000, 1.0000, 1.0000, 1.0000, 1.0000]],
       grad_fn=<SumBackward1>)
Size of covariance_matrix: torch.Size([1, 7, 7])
Size of covariance_matrix_prime: torch.Size([1, 7, 7])
cosineSimilarity tensor([[1.0000, 1.0000, 1.0000, 1.0000, 1.0000, 1.0000, 1.0000]],
       grad_fn=<SumBackward1>)
Size of covariance_matrix: torch.Size([1, 7, 7])
Size of covariance_matrix_prime: torch.Size([1, 7, 7])
cosineSimilarity tensor([[1.0000, 1.0000, 1.0000, 1.0000, 1.0000, 1.0000, 1.0000]],
       grad_fn=<SumBackward1>)
Size of covariance_matrix: torch.Size([1, 7, 7])
Size of covariance_matrix_prime: torch.Size([1, 7, 7])
cosineSimilarity tensor([[1.0000, 1.0000, 1.0000, 1.0000, 1.0000, 1.0000, 1.0000]],
       grad_fn=<SumBackward1>)
Size of covariance_matrix: torch.Size([1, 7, 7])
Size of covariance_matrix_prime: torch.Size([1, 7, 7])
cosineSimilarity tensor([[1.0000, 1.0000, 1.0000, 1.0000, 1.0000, 1.0000, 1.0000]],
       grad_fn=<SumBackward1>)
Size of covariance_matrix: torch.Size([1, 7, 7])
Size of covariance_matrix_prime: torch.Size([1, 7, 7])
cosineSimilarity tensor([[1.0000, 1.0000, 1.0000, 1.0000, 1.0000, 1.0000, 1.0000]],
       grad_fn=<SumBackward1>)
Size of covariance_matrix: torch.Size([1, 7, 7])
Size of covariance_matrix_prime: torch.Size([1, 7, 7])
cosineSimilarity tensor([[1.0000, 1.0000, 1.0000, 1.0000, 1.0000, 1.0000, 1.0000]],
       grad_fn=<SumBackward1>)
Size of covariance_matrix: torch.Size([1, 7, 7])
Size of covariance_matrix_prime: torch.Size([1, 7, 7])
cosineSimilarity tensor([[1.0000, 1.0000, 1.0000, 1.0000, 1.0000, 1.0000, 1.0000]],
       grad_fn=<SumBackward1>)
Size of covariance_matrix: torch.Size([1, 7, 7])
Size of covariance_matrix_prime: torch.Size([1, 7, 7])
cosineSimilarity tensor([[1.0000, 1.0000, 1.0000, 1.0000, 1.0000, 1.0000, 1.0000]],
       grad_fn=<SumBackward1>)
Size of covariance_matrix: torch.Size([1, 7, 7])
Size of covariance_matrix_prime: torch.Size([1, 7, 7])
cosineSimilarity tensor([[1.0000, 1.0000, 1.0000, 1.0000, 1.0000, 1.0000, 1.0000]],
       grad_fn=<SumBackward1>)
Size of covariance_matrix: torch.Size([1, 7, 7])
Size of covariance_matrix_prime: torch.Size([1, 7, 7])
cosineSimilarity tensor([[1.0000, 1.0000, 1.0000, 1.0000, 1.0000, 1.0000, 1.0000]],
       grad_fn=<SumBackward1>)
Size of covariance_matrix: torch.Size([1, 7, 7])
Size of covariance_matrix_prime: torch.Size([1, 7, 7])
cosineSimilarity tensor([[1.0000, 1.0000, 1.0000, 1.0000, 1.0000, 1.0000, 1.0000]],
       grad_fn=<SumBackward1>)
Size of covariance_matrix: torch.Size([1, 7, 7])
Size of covariance_matrix_prime: torch.Size([1, 7, 7])
cosineSimilarity tensor([[1.0000, 1.0000, 1.0000, 1.0000, 1.0000, 1.0000, 1.0000]],
       grad_fn=<SumBackward1>)
Size of covariance_matrix: torch.Size([1, 7, 7])
Size of covariance_matrix_prime: torch.Size([1, 7, 7])
cosineSimilarity tensor([[1.0000, 1.0000, 1.0000, 1.0000, 1.0000, 1.0000, 1.0000]],
       grad_fn=<SumBackward1>)
Size of covariance_matrix: torch.Size([1, 7, 7])
Size of covariance_matrix_prime: torch.Size([1, 7, 7])
cosineSimilarity tensor([[1.0000, 1.0000, 1.0000, 1.0000, 1.0000, 1.0000, 1.0000]],
       grad_fn=<SumBackward1>)
Size of covariance_matrix: torch.Size([1, 7, 7])
Size of covariance_matrix_prime: torch.Size([1, 7, 7])
cosineSimilarity tensor([[nan, nan, nan, nan, nan, nan, nan]], grad_fn=<SumBackward1>)
Size of covariance_matrix: torch.Size([1, 7, 7])
Size of covariance_matrix_prime: torch.Size([1, 7, 7])
cosineSimilarity tensor([[1.0000, 1.0000, 1.0000, 1.0000, 1.0000, 1.0000, 1.0000]],
       grad_fn=<SumBackward1>)
Size of covariance_matrix: torch.Size([1, 7, 7])
Size of covariance_matrix_prime: torch.Size([1, 7, 7])
cosineSimilarity tensor([[1.0000, 1.0000, 1.0000, 1.0000, 1.0000, 1.0000, 1.0000]],
       grad_fn=<SumBackward1>)
Size of covariance_matrix: torch.Size([1, 7, 7])
Size of covariance_matrix_prime: torch.Size([1, 7, 7])
cosineSimilarity tensor([[1.0000, 1.0000, 1.0000, 1.0000, 1.0000, 1.0000, 1.0000]],
       grad_fn=<SumBackward1>)
Size of covariance_matrix: torch.Size([1, 7, 7])
Size of covariance_matrix_prime: torch.Size([1, 7, 7])
cosineSimilarity tensor([[1.0000, 1.0000, 1.0000, 1.0000, 1.0000, 1.0000, 1.0000]],
       grad_fn=<SumBackward1>)
Size of covariance_matrix: torch.Size([1, 7, 7])
Size of covariance_matrix_prime: torch.Size([1, 7, 7])
cosineSimilarity tensor([[1.0000, 1.0000, 1.0000, 1.0000, 1.0000, 1.0000, 1.0000]],
       grad_fn=<SumBackward1>)
Size of covariance_matrix: torch.Size([1, 7, 7])
Size of covariance_matrix_prime: torch.Size([1, 7, 7])
cosineSimilarity tensor([[1.0000, 1.0000, 1.0000, 1.0000, 1.0000, 1.0000, 1.0000]],
       grad_fn=<SumBackward1>)
Size of covariance_matrix: torch.Size([1, 7, 7])
Size of covariance_matrix_prime: torch.Size([1, 7, 7])
cosineSimilarity tensor([[1.0000, 1.0000, 1.0000, 1.0000, 1.0000, 1.0000, 1.0000]],
       grad_fn=<SumBackward1>)
Size of covariance_matrix: torch.Size([1, 7, 7])
Size of covariance_matrix_prime: torch.Size([1, 7, 7])
cosineSimilarity tensor([[1.0000, 1.0000, 1.0000, 1.0000, 1.0000, 1.0000, 1.0000]],
       grad_fn=<SumBackward1>)
Size of covariance_matrix: torch.Size([1, 7, 7])
Size of covariance_matrix_prime: torch.Size([1, 7, 7])
cosineSimilarity tensor([[1.0000, 1.0000, 1.0000, 1.0000, 1.0000, 1.0000, 1.0000]],
       grad_fn=<SumBackward1>)
Size of covariance_matrix: torch.Size([1, 7, 7])
Size of covariance_matrix_prime: torch.Size([1, 7, 7])
cosineSimilarity tensor([[1.0000, 1.0000, 1.0000, 1.0000, 1.0000, 1.0000, 1.0000]],
       grad_fn=<SumBackward1>)
Size of covariance_matrix: torch.Size([1, 7, 7])
Size of covariance_matrix_prime: torch.Size([1, 7, 7])
cosineSimilarity tensor([[1.0000, 1.0000, 1.0000, 1.0000, 1.0000, 1.0000, 1.0000]],
       grad_fn=<SumBackward1>)
Size of covariance_matrix: torch.Size([1, 7, 7])
Size of covariance_matrix_prime: torch.Size([1, 7, 7])
cosineSimilarity tensor([[1.0000, 1.0000, 1.0000, 1.0000, 1.0000, 1.0000, 1.0000]],
       grad_fn=<SumBackward1>)
Size of covariance_matrix: torch.Size([1, 7, 7])
Size of covariance_matrix_prime: torch.Size([1, 7, 7])
cosineSimilarity tensor([[nan, nan, nan, nan, nan, nan, nan]], grad_fn=<SumBackward1>)
Size of covariance_matrix: torch.Size([1, 7, 7])
Size of covariance_matrix_prime: torch.Size([1, 7, 7])
cosineSimilarity tensor([[1.0000, 1.0000, 1.0000, 1.0000, 1.0000, 1.0000, 1.0000]],
       grad_fn=<SumBackward1>)
Size of covariance_matrix: torch.Size([1, 7, 7])
Size of covariance_matrix_prime: torch.Size([1, 7, 7])
cosineSimilarity tensor([[1.0000, 1.0000, 1.0000, 1.0000, 1.0000, 1.0000, 1.0000]],
       grad_fn=<SumBackward1>)
Size of covariance_matrix: torch.Size([1, 7, 7])
Size of covariance_matrix_prime: torch.Size([1, 7, 7])
cosineSimilarity tensor([[1.0000, 1.0000, 1.0000, 1.0000, 1.0000, 1.0000, 1.0000]],
       grad_fn=<SumBackward1>)
Size of covariance_matrix: torch.Size([1, 7, 7])
Size of covariance_matrix_prime: torch.Size([1, 7, 7])
cosineSimilarity tensor([[1.0000, 1.0000, 1.0000, 1.0000, 1.0000, 1.0000, 1.0000]],
       grad_fn=<SumBackward1>)
Size of covariance_matrix: torch.Size([1, 7, 7])
Size of covariance_matrix_prime: torch.Size([1, 7, 7])
cosineSimilarity tensor([[1.0000, 1.0000, 1.0000, 1.0000, 1.0000, 1.0000, 1.0000]],
       grad_fn=<SumBackward1>)
Size of covariance_matrix: torch.Size([1, 7, 7])
Size of covariance_matrix_prime: torch.Size([1, 7, 7])
cosineSimilarity tensor([[1.0000, 1.0000, 1.0000, 1.0000, 1.0000, 1.0000, 1.0000]],
       grad_fn=<SumBackward1>)
Size of covariance_matrix: torch.Size([1, 7, 7])
Size of covariance_matrix_prime: torch.Size([1, 7, 7])
cosineSimilarity tensor([[1.0000, 1.0000, 1.0000, 1.0000, 1.0000, 1.0000, 1.0000]],
       grad_fn=<SumBackward1>)
Size of covariance_matrix: torch.Size([1, 7, 7])
Size of covariance_matrix_prime: torch.Size([1, 7, 7])
cosineSimilarity tensor([[1.0000, 1.0000, 1.0000, 1.0000, 1.0000, 1.0000, 1.0000]],
       grad_fn=<SumBackward1>)
Size of covariance_matrix: torch.Size([1, 7, 7])
Size of covariance_matrix_prime: torch.Size([1, 7, 7])
cosineSimilarity tensor([[1.0000, 1.0000, 1.0000, 1.0000, 1.0000, 1.0000, 1.0000]],
       grad_fn=<SumBackward1>)
Size of covariance_matrix: torch.Size([1, 7, 7])
Size of covariance_matrix_prime: torch.Size([1, 7, 7])
cosineSimilarity tensor([[1.0000, 1.0000, 1.0000, 1.0000, 1.0000, 1.0000, 1.0000]],
       grad_fn=<SumBackward1>)
Size of covariance_matrix: torch.Size([1, 7, 7])
Size of covariance_matrix_prime: torch.Size([1, 7, 7])
cosineSimilarity tensor([[1.0000, 1.0000, 1.0000, 1.0000, 1.0000, 1.0000, 1.0000]],
       grad_fn=<SumBackward1>)
Size of covariance_matrix: torch.Size([1, 7, 7])
Size of covariance_matrix_prime: torch.Size([1, 7, 7])
cosineSimilarity tensor([[1.0000, 1.0000, 1.0000, 1.0000, 1.0000, 1.0000, 1.0000]],
       grad_fn=<SumBackward1>)
Size of covariance_matrix: torch.Size([1, 7, 7])
Size of covariance_matrix_prime: torch.Size([1, 7, 7])
cosineSimilarity tensor([[1.0000, 1.0000, 1.0000, 1.0000, 1.0000, 1.0000, 1.0000]],
       grad_fn=<SumBackward1>)
Size of covariance_matrix: torch.Size([1, 7, 7])
Size of covariance_matrix_prime: torch.Size([1, 7, 7])
cosineSimilarity tensor([[1.0000, 1.0000, 1.0000, 1.0000, 1.0000, 1.0000, 1.0000]],
       grad_fn=<SumBackward1>)
Size of covariance_matrix: torch.Size([1, 7, 7])
Size of covariance_matrix_prime: torch.Size([1, 7, 7])
cosineSimilarity tensor([[1.0000, 1.0000, 1.0000, 1.0000, 1.0000, 1.0000, 1.0000]],
       grad_fn=<SumBackward1>)
Size of covariance_matrix: torch.Size([1, 7, 7])
Size of covariance_matrix_prime: torch.Size([1, 7, 7])
cosineSimilarity tensor([[1.0000, 1.0000, 1.0000, 1.0000, 1.0000, 1.0000, 1.0000]],
       grad_fn=<SumBackward1>)
Size of covariance_matrix: torch.Size([1, 7, 7])
Size of covariance_matrix_prime: torch.Size([1, 7, 7])
cosineSimilarity tensor([[1.0000, 1.0000, 1.0000, 1.0000, 1.0000, 1.0000, 1.0000]],
       grad_fn=<SumBackward1>)
Size of covariance_matrix: torch.Size([1, 7, 7])
Size of covariance_matrix_prime: torch.Size([1, 7, 7])
cosineSimilarity tensor([[1.0000, 1.0000, 1.0000, 1.0000, 1.0000, 1.0000, 1.0000]],
       grad_fn=<SumBackward1>)
Size of covariance_matrix: torch.Size([1, 7, 7])
Size of covariance_matrix_prime: torch.Size([1, 7, 7])
cosineSimilarity tensor([[1.0000, 1.0000, 1.0000, 1.0000, 1.0000, 1.0000, 1.0000]],
       grad_fn=<SumBackward1>)
Size of covariance_matrix: torch.Size([1, 7, 7])
Size of covariance_matrix_prime: torch.Size([1, 7, 7])
cosineSimilarity tensor([[1.0000, 1.0000, 1.0000, 1.0000, 1.0000, 1.0000, 1.0000]],
       grad_fn=<SumBackward1>)
Size of covariance_matrix: torch.Size([1, 7, 7])
Size of covariance_matrix_prime: torch.Size([1, 7, 7])
cosineSimilarity tensor([[1.0000, 1.0000, 1.0000, 1.0000, 1.0000, 1.0000, 1.0000]],
       grad_fn=<SumBackward1>)
Size of covariance_matrix: torch.Size([1, 7, 7])
Size of covariance_matrix_prime: torch.Size([1, 7, 7])
cosineSimilarity tensor([[1.0000, 1.0000, 1.0000, 1.0000, 1.0000, 1.0000, 1.0000]],
       grad_fn=<SumBackward1>)
Size of covariance_matrix: torch.Size([1, 7, 7])
Size of covariance_matrix_prime: torch.Size([1, 7, 7])
cosineSimilarity tensor([[1.0000, 1.0000, 1.0000, 1.0000, 1.0000, 1.0000, 1.0000]],
       grad_fn=<SumBackward1>)
Size of covariance_matrix: torch.Size([1, 7, 7])
Size of covariance_matrix_prime: torch.Size([1, 7, 7])
cosineSimilarity tensor([[1.0000, 1.0000, 1.0000, 1.0000, 1.0000, 1.0000, 1.0000]],
       grad_fn=<SumBackward1>)
Size of covariance_matrix: torch.Size([1, 7, 7])
Size of covariance_matrix_prime: torch.Size([1, 7, 7])
cosineSimilarity tensor([[1.0000, 1.0000, 1.0000, 1.0000, 1.0000, 1.0000, 1.0000]],
       grad_fn=<SumBackward1>)
Size of covariance_matrix: torch.Size([1, 7, 7])
Size of covariance_matrix_prime: torch.Size([1, 7, 7])
cosineSimilarity tensor([[1.0000, 1.0000, 1.0000, 1.0000, 1.0000, 1.0000, 1.0000]],
       grad_fn=<SumBackward1>)
Size of covariance_matrix: torch.Size([1, 7, 7])
Size of covariance_matrix_prime: torch.Size([1, 7, 7])
cosineSimilarity tensor([[1.0000, 1.0000, 1.0000, 1.0000, 1.0000, 1.0000, 1.0000]],
       grad_fn=<SumBackward1>)
Size of covariance_matrix: torch.Size([1, 7, 7])
Size of covariance_matrix_prime: torch.Size([1, 7, 7])
cosineSimilarity tensor([[1.0000, 1.0000, 1.0000, 1.0000, 1.0000, 1.0000, 1.0000]],
       grad_fn=<SumBackward1>)
Size of covariance_matrix: torch.Size([1, 7, 7])
Size of covariance_matrix_prime: torch.Size([1, 7, 7])
cosineSimilarity tensor([[1.0000, 1.0000, 1.0000, 1.0000, 1.0000, 1.0000, 1.0000]],
       grad_fn=<SumBackward1>)
Size of covariance_matrix: torch.Size([1, 7, 7])
Size of covariance_matrix_prime: torch.Size([1, 7, 7])
cosineSimilarity tensor([[1.0000, 1.0000, 1.0000, 1.0000, 1.0000, 1.0000, 1.0000]],
       grad_fn=<SumBackward1>)
Size of covariance_matrix: torch.Size([1, 7, 7])
Size of covariance_matrix_prime: torch.Size([1, 7, 7])
cosineSimilarity tensor([[1.0000, 1.0000, 1.0000, 1.0000, 1.0000, 1.0000, 1.0000]],
       grad_fn=<SumBackward1>)
Size of covariance_matrix: torch.Size([1, 7, 7])
Size of covariance_matrix_prime: torch.Size([1, 7, 7])
cosineSimilarity tensor([[1.0000, 1.0000, 1.0000, 1.0000, 1.0000, 1.0000, 1.0000]],
       grad_fn=<SumBackward1>)
Size of covariance_matrix: torch.Size([1, 7, 7])
Size of covariance_matrix_prime: torch.Size([1, 7, 7])
cosineSimilarity tensor([[1.0000, 1.0000, 1.0000, 1.0000, 1.0000, 1.0000, 1.0000]],
       grad_fn=<SumBackward1>)
Size of covariance_matrix: torch.Size([1, 7, 7])
Size of covariance_matrix_prime: torch.Size([1, 7, 7])
cosineSimilarity tensor([[1.0000, 1.0000, 1.0000, 1.0000, 1.0000, 1.0000, 1.0000]],
       grad_fn=<SumBackward1>)
Size of covariance_matrix: torch.Size([1, 7, 7])
Size of covariance_matrix_prime: torch.Size([1, 7, 7])
cosineSimilarity tensor([[1.0000, 1.0000, 1.0000, 1.0000, 1.0000, 1.0000, 1.0000]],
       grad_fn=<SumBackward1>)
Size of covariance_matrix: torch.Size([1, 7, 7])
Size of covariance_matrix_prime: torch.Size([1, 7, 7])
cosineSimilarity tensor([[1.0000, 1.0000, 1.0000, 1.0000, 1.0000, 1.0000, 1.0000]],
       grad_fn=<SumBackward1>)
Size of covariance_matrix: torch.Size([1, 7, 7])
Size of covariance_matrix_prime: torch.Size([1, 7, 7])
cosineSimilarity tensor([[1.0000, 1.0000, 1.0000, 1.0000, 1.0000, 1.0000, 1.0000]],
       grad_fn=<SumBackward1>)
Size of covariance_matrix: torch.Size([1, 7, 7])
Size of covariance_matrix_prime: torch.Size([1, 7, 7])
cosineSimilarity tensor([[1.0000, 1.0000, 1.0000, 1.0000, 1.0000, 1.0000, 1.0000]],
       grad_fn=<SumBackward1>)
Size of covariance_matrix: torch.Size([1, 7, 7])
Size of covariance_matrix_prime: torch.Size([1, 7, 7])
cosineSimilarity tensor([[1.0000, 1.0000, 1.0000, 1.0000, 1.0000, 1.0000, 1.0000]],
       grad_fn=<SumBackward1>)
Size of covariance_matrix: torch.Size([1, 7, 7])
Size of covariance_matrix_prime: torch.Size([1, 7, 7])
cosineSimilarity tensor([[1.0000, 1.0000, 1.0000, 1.0000, 1.0000, 1.0000, 1.0000]],
       grad_fn=<SumBackward1>)
Size of covariance_matrix: torch.Size([1, 7, 7])
Size of covariance_matrix_prime: torch.Size([1, 7, 7])
cosineSimilarity tensor([[1.0000, 1.0000, 1.0000, 1.0000, 1.0000, 1.0000, 1.0000]],
       grad_fn=<SumBackward1>)
Size of covariance_matrix: torch.Size([1, 7, 7])
Size of covariance_matrix_prime: torch.Size([1, 7, 7])
cosineSimilarity tensor([[1.0000, 1.0000, 1.0000, 1.0000, 1.0000, 1.0000, 1.0000]],
       grad_fn=<SumBackward1>)
Size of covariance_matrix: torch.Size([1, 7, 7])
Size of covariance_matrix_prime: torch.Size([1, 7, 7])
cosineSimilarity tensor([[1.0000, 1.0000, 1.0000, 1.0000, 1.0000, 1.0000, 1.0000]],
       grad_fn=<SumBackward1>)
Size of covariance_matrix: torch.Size([1, 7, 7])
Size of covariance_matrix_prime: torch.Size([1, 7, 7])
cosineSimilarity tensor([[1.0000, 1.0000, 1.0000, 1.0000, 1.0000, 1.0000, 1.0000]],
       grad_fn=<SumBackward1>)
Size of covariance_matrix: torch.Size([1, 7, 7])
Size of covariance_matrix_prime: torch.Size([1, 7, 7])
cosineSimilarity tensor([[1.0000, 1.0000, 1.0000, 1.0000, 1.0000, 1.0000, 1.0000]],
       grad_fn=<SumBackward1>)
Size of covariance_matrix: torch.Size([1, 7, 7])
Size of covariance_matrix_prime: torch.Size([1, 7, 7])
cosineSimilarity tensor([[1.0000, 1.0000, 1.0000, 1.0000, 1.0000, 1.0000, 1.0000]],
       grad_fn=<SumBackward1>)
Size of covariance_matrix: torch.Size([1, 7, 7])
Size of covariance_matrix_prime: torch.Size([1, 7, 7])
cosineSimilarity tensor([[1.0000, 1.0000, 1.0000, 1.0000, 1.0000, 1.0000, 1.0000]],
       grad_fn=<SumBackward1>)
Size of covariance_matrix: torch.Size([1, 7, 7])
Size of covariance_matrix_prime: torch.Size([1, 7, 7])
cosineSimilarity tensor([[1.0000, 1.0000, 1.0000, 1.0000, 1.0000, 1.0000, 1.0000]],
       grad_fn=<SumBackward1>)
Size of covariance_matrix: torch.Size([1, 7, 7])
Size of covariance_matrix_prime: torch.Size([1, 7, 7])
cosineSimilarity tensor([[1.0000, 1.0000, 1.0000, 1.0000, 1.0000, 1.0000, 1.0000]],
       grad_fn=<SumBackward1>)
Size of covariance_matrix: torch.Size([1, 7, 7])
Size of covariance_matrix_prime: torch.Size([1, 7, 7])
cosineSimilarity tensor([[1.0000, 1.0000, 1.0000, 1.0000, 1.0000, 1.0000, 1.0000]],
       grad_fn=<SumBackward1>)
Size of covariance_matrix: torch.Size([1, 7, 7])
Size of covariance_matrix_prime: torch.Size([1, 7, 7])
cosineSimilarity tensor([[1.0000, 1.0000, 1.0000, 1.0000, 1.0000, 1.0000, 1.0000]],
       grad_fn=<SumBackward1>)
Size of covariance_matrix: torch.Size([1, 7, 7])
Size of covariance_matrix_prime: torch.Size([1, 7, 7])
cosineSimilarity tensor([[1.0000, 1.0000, 1.0000, 1.0000, 1.0000, 1.0000, 1.0000]],
       grad_fn=<SumBackward1>)
Size of covariance_matrix: torch.Size([1, 7, 7])
Size of covariance_matrix_prime: torch.Size([1, 7, 7])
cosineSimilarity tensor([[1.0000, 1.0000, 1.0000, 1.0000, 1.0000, 1.0000, 1.0000]],
       grad_fn=<SumBackward1>)
Size of covariance_matrix: torch.Size([1, 7, 7])
Size of covariance_matrix_prime: torch.Size([1, 7, 7])
cosineSimilarity tensor([[1.0000, 1.0000, 1.0000, 1.0000, 1.0000, 1.0000, 1.0000]],
       grad_fn=<SumBackward1>)
Size of covariance_matrix: torch.Size([1, 7, 7])
Size of covariance_matrix_prime: torch.Size([1, 7, 7])
cosineSimilarity tensor([[1.0000, 1.0000, 1.0000, 1.0000, 1.0000, 1.0000, 1.0000]],
       grad_fn=<SumBackward1>)
Size of covariance_matrix: torch.Size([1, 7, 7])
Size of covariance_matrix_prime: torch.Size([1, 7, 7])
cosineSimilarity tensor([[1.0000, 1.0000, 1.0000, 1.0000, 1.0000, 1.0000, 1.0000]],
       grad_fn=<SumBackward1>)
Size of covariance_matrix: torch.Size([1, 7, 7])
Size of covariance_matrix_prime: torch.Size([1, 7, 7])
cosineSimilarity tensor([[1.0000, 1.0000, 1.0000, 1.0000, 1.0000, 1.0000, 1.0000]],
       grad_fn=<SumBackward1>)
Size of covariance_matrix: torch.Size([1, 7, 7])
Size of covariance_matrix_prime: torch.Size([1, 7, 7])
cosineSimilarity tensor([[1.0000, 1.0000, 1.0000, 1.0000, 1.0000, 1.0000, 1.0000]],
       grad_fn=<SumBackward1>)
Size of covariance_matrix: torch.Size([1, 7, 7])
Size of covariance_matrix_prime: torch.Size([1, 7, 7])
cosineSimilarity tensor([[1.0000, 1.0000, 1.0000, 1.0000, 1.0000, 1.0000, 1.0000]],
       grad_fn=<SumBackward1>)
Size of covariance_matrix: torch.Size([1, 7, 7])
Size of covariance_matrix_prime: torch.Size([1, 7, 7])
cosineSimilarity tensor([[1.0000, 1.0000, 1.0000, 1.0000, 1.0000, 1.0000, 1.0000]],
       grad_fn=<SumBackward1>)
Size of covariance_matrix: torch.Size([1, 7, 7])
Size of covariance_matrix_prime: torch.Size([1, 7, 7])
cosineSimilarity tensor([[1.0000, 1.0000, 1.0000, 1.0000, 1.0000, 1.0000, 1.0000]],
       grad_fn=<SumBackward1>)
Size of covariance_matrix: torch.Size([1, 7, 7])
Size of covariance_matrix_prime: torch.Size([1, 7, 7])
cosineSimilarity tensor([[1.0000, 1.0000, 1.0000, 1.0000, 1.0000, 1.0000, 1.0000]],
       grad_fn=<SumBackward1>)
Size of covariance_matrix: torch.Size([1, 7, 7])
Size of covariance_matrix_prime: torch.Size([1, 7, 7])
cosineSimilarity tensor([[1.0000, 1.0000, 1.0000, 1.0000, 1.0000, 1.0000, 1.0000]],
       grad_fn=<SumBackward1>)
Size of covariance_matrix: torch.Size([1, 7, 7])
Size of covariance_matrix_prime: torch.Size([1, 7, 7])
cosineSimilarity tensor([[1.0000, 1.0000, 1.0000, 1.0000, 1.0000, 1.0000, 1.0000]],
       grad_fn=<SumBackward1>)
Size of covariance_matrix: torch.Size([1, 7, 7])
Size of covariance_matrix_prime: torch.Size([1, 7, 7])
cosineSimilarity tensor([[1.0000, 1.0000, 1.0000, 1.0000, 1.0000, 1.0000, 1.0000]],
       grad_fn=<SumBackward1>)
Size of covariance_matrix: torch.Size([1, 7, 7])
Size of covariance_matrix_prime: torch.Size([1, 7, 7])
cosineSimilarity tensor([[1.0000, 1.0000, 1.0000, 1.0000, 1.0000, 1.0000, 1.0000]],
       grad_fn=<SumBackward1>)
Size of covariance_matrix: torch.Size([1, 7, 7])
Size of covariance_matrix_prime: torch.Size([1, 7, 7])
cosineSimilarity tensor([[1.0000, 1.0000, 1.0000, 1.0000, 1.0000, 1.0000, 1.0000]],
       grad_fn=<SumBackward1>)
Size of covariance_matrix: torch.Size([1, 7, 7])
Size of covariance_matrix_prime: torch.Size([1, 7, 7])
cosineSimilarity tensor([[1.0000, 1.0000, 1.0000, 1.0000, 1.0000, 1.0000, 1.0000]],
       grad_fn=<SumBackward1>)
Size of covariance_matrix: torch.Size([1, 7, 7])
Size of covariance_matrix_prime: torch.Size([1, 7, 7])
cosineSimilarity tensor([[1.0000, 1.0000, 1.0000, 1.0000, 1.0000, 1.0000, 1.0000]],
       grad_fn=<SumBackward1>)
Size of covariance_matrix: torch.Size([1, 7, 7])
Size of covariance_matrix_prime: torch.Size([1, 7, 7])
cosineSimilarity tensor([[1.0000, 1.0000, 1.0000, 1.0000, 1.0000, 1.0000, 1.0000]],
       grad_fn=<SumBackward1>)
Size of covariance_matrix: torch.Size([1, 7, 7])
Size of covariance_matrix_prime: torch.Size([1, 7, 7])
cosineSimilarity tensor([[1.0000, 1.0000, 1.0000, 1.0000, 1.0000, 1.0000, 1.0000]],
       grad_fn=<SumBackward1>)
Size of covariance_matrix: torch.Size([1, 7, 7])
Size of covariance_matrix_prime: torch.Size([1, 7, 7])
cosineSimilarity tensor([[1.0000, 1.0000, 1.0000, 1.0000, 1.0000, 1.0000, 1.0000]],
       grad_fn=<SumBackward1>)
Size of covariance_matrix: torch.Size([1, 7, 7])
Size of covariance_matrix_prime: torch.Size([1, 7, 7])
cosineSimilarity tensor([[1.0000, 1.0000, 1.0000, 1.0000, 1.0000, 1.0000, 1.0000]],
       grad_fn=<SumBackward1>)
Size of covariance_matrix: torch.Size([1, 7, 7])
Size of covariance_matrix_prime: torch.Size([1, 7, 7])
cosineSimilarity tensor([[1.0000, 1.0000, 1.0000, 1.0000, 1.0000, 1.0000, 1.0000]],
       grad_fn=<SumBackward1>)
Size of covariance_matrix: torch.Size([1, 7, 7])
Size of covariance_matrix_prime: torch.Size([1, 7, 7])
cosineSimilarity tensor([[1.0000, 1.0000, 1.0000, 1.0000, 1.0000, 1.0000, 1.0000]],
       grad_fn=<SumBackward1>)
Size of covariance_matrix: torch.Size([1, 7, 7])
Size of covariance_matrix_prime: torch.Size([1, 7, 7])
cosineSimilarity tensor([[1.0000, 1.0000, 1.0000, 1.0000, 1.0000, 1.0000, 1.0000]],
       grad_fn=<SumBackward1>)
Size of covariance_matrix: torch.Size([1, 7, 7])
Size of covariance_matrix_prime: torch.Size([1, 7, 7])
cosineSimilarity tensor([[1.0000, 1.0000, 1.0000, 1.0000, 1.0000, 1.0000, 1.0000]],
       grad_fn=<SumBackward1>)
Size of covariance_matrix: torch.Size([1, 7, 7])
Size of covariance_matrix_prime: torch.Size([1, 7, 7])
cosineSimilarity tensor([[1.0000, 1.0000, 1.0000, 1.0000, 1.0000, 1.0000, 1.0000]],
       grad_fn=<SumBackward1>)
Size of covariance_matrix: torch.Size([1, 7, 7])
Size of covariance_matrix_prime: torch.Size([1, 7, 7])
cosineSimilarity tensor([[1.0000, 1.0000, 1.0000, 1.0000, 1.0000, 1.0000, 1.0000]],
       grad_fn=<SumBackward1>)
Size of covariance_matrix: torch.Size([1, 7, 7])
Size of covariance_matrix_prime: torch.Size([1, 7, 7])
cosineSimilarity tensor([[1.0000, 1.0000, 1.0000, 1.0000, 1.0000, 1.0000, 1.0000]],
       grad_fn=<SumBackward1>)
Size of covariance_matrix: torch.Size([1, 7, 7])
Size of covariance_matrix_prime: torch.Size([1, 7, 7])
cosineSimilarity tensor([[1.0000, 1.0000, 1.0000, 1.0000, 1.0000, 1.0000, 1.0000]],
       grad_fn=<SumBackward1>)
Size of covariance_matrix: torch.Size([1, 7, 7])
Size of covariance_matrix_prime: torch.Size([1, 7, 7])
cosineSimilarity tensor([[1.0000, 1.0000, 1.0000, 1.0000, 1.0000, 1.0000, 1.0000]],
       grad_fn=<SumBackward1>)
Size of covariance_matrix: torch.Size([1, 7, 7])
Size of covariance_matrix_prime: torch.Size([1, 7, 7])
cosineSimilarity tensor([[1.0000, 1.0000, 1.0000, 1.0000, 1.0000, 1.0000, 1.0000]],
       grad_fn=<SumBackward1>)
Size of covariance_matrix: torch.Size([1, 7, 7])
Size of covariance_matrix_prime: torch.Size([1, 7, 7])
cosineSimilarity tensor([[1.0000, 1.0000, 1.0000, 1.0000, 1.0000, 1.0000, 1.0000]],
       grad_fn=<SumBackward1>)
Size of covariance_matrix: torch.Size([1, 7, 7])
Size of covariance_matrix_prime: torch.Size([1, 7, 7])
cosineSimilarity tensor([[1.0000, 1.0000, 1.0000, 1.0000, 1.0000, 1.0000, 1.0000]],
       grad_fn=<SumBackward1>)
Size of covariance_matrix: torch.Size([1, 7, 7])
Size of covariance_matrix_prime: torch.Size([1, 7, 7])
cosineSimilarity tensor([[1.0000, 1.0000, 1.0000, 1.0000, 1.0000, 1.0000, 1.0000]],
       grad_fn=<SumBackward1>)
Size of covariance_matrix: torch.Size([1, 7, 7])
Size of covariance_matrix_prime: torch.Size([1, 7, 7])
cosineSimilarity tensor([[1.0000, 1.0000, 1.0000, 1.0000, 1.0000, 1.0000, 1.0000]],
       grad_fn=<SumBackward1>)
Size of covariance_matrix: torch.Size([1, 7, 7])
Size of covariance_matrix_prime: torch.Size([1, 7, 7])
cosineSimilarity tensor([[1.0000, 1.0000, 1.0000, 1.0000, 1.0000, 1.0000, 1.0000]],
       grad_fn=<SumBackward1>)
Size of covariance_matrix: torch.Size([1, 7, 7])
Size of covariance_matrix_prime: torch.Size([1, 7, 7])
cosineSimilarity tensor([[1.0000, 1.0000, 1.0000, 1.0000, 1.0000, 1.0000, 1.0000]],
       grad_fn=<SumBackward1>)
Size of covariance_matrix: torch.Size([1, 7, 7])
Size of covariance_matrix_prime: torch.Size([1, 7, 7])
cosineSimilarity tensor([[1.0000, 1.0000, 1.0000, 1.0000, 1.0000, 1.0000, 1.0000]],
       grad_fn=<SumBackward1>)
Size of covariance_matrix: torch.Size([1, 7, 7])
Size of covariance_matrix_prime: torch.Size([1, 7, 7])
cosineSimilarity tensor([[1.0000, 1.0000, 1.0000, 1.0000, 1.0000, 1.0000, 1.0000]],
       grad_fn=<SumBackward1>)
Size of covariance_matrix: torch.Size([1, 7, 7])
Size of covariance_matrix_prime: torch.Size([1, 7, 7])
cosineSimilarity tensor([[1.0000, 1.0000, 1.0000, 1.0000, 1.0000, 1.0000, 1.0000]],
       grad_fn=<SumBackward1>)
Size of covariance_matrix: torch.Size([1, 7, 7])
Size of covariance_matrix_prime: torch.Size([1, 7, 7])
cosineSimilarity tensor([[1.0000, 1.0000, 1.0000, 1.0000, 1.0000, 1.0000, 1.0000]],
       grad_fn=<SumBackward1>)
Size of covariance_matrix: torch.Size([1, 7, 7])
Size of covariance_matrix_prime: torch.Size([1, 7, 7])
cosineSimilarity tensor([[1.0000, 1.0000, 1.0000, 1.0000, 1.0000, 1.0000, 1.0000]],
       grad_fn=<SumBackward1>)
Size of covariance_matrix: torch.Size([1, 7, 7])
Size of covariance_matrix_prime: torch.Size([1, 7, 7])
cosineSimilarity tensor([[1.0000, 1.0000, 1.0000, 1.0000, 1.0000, 1.0000, 1.0000]],
       grad_fn=<SumBackward1>)
Size of covariance_matrix: torch.Size([1, 7, 7])
Size of covariance_matrix_prime: torch.Size([1, 7, 7])
cosineSimilarity tensor([[1.0000, 1.0000, 1.0000, 1.0000, 1.0000, 1.0000, 1.0000]],
       grad_fn=<SumBackward1>)
Size of covariance_matrix: torch.Size([1, 7, 7])
Size of covariance_matrix_prime: torch.Size([1, 7, 7])
cosineSimilarity tensor([[1.0000, 1.0000, 1.0000, 1.0000, 1.0000, 1.0000, 1.0000]],
       grad_fn=<SumBackward1>)
Size of covariance_matrix: torch.Size([1, 7, 7])
Size of covariance_matrix_prime: torch.Size([1, 7, 7])
cosineSimilarity tensor([[1.0000, 1.0000, 1.0000, 1.0000, 1.0000, 1.0000, 1.0000]],
       grad_fn=<SumBackward1>)
Size of covariance_matrix: torch.Size([1, 7, 7])
Size of covariance_matrix_prime: torch.Size([1, 7, 7])
cosineSimilarity tensor([[1.0000, 1.0000, 1.0000, 1.0000, 1.0000, 1.0000, 1.0000]],
       grad_fn=<SumBackward1>)
Size of covariance_matrix: torch.Size([1, 7, 7])
Size of covariance_matrix_prime: torch.Size([1, 7, 7])
cosineSimilarity tensor([[nan, nan, nan, nan, nan, nan, nan]], grad_fn=<SumBackward1>)
Size of covariance_matrix: torch.Size([1, 7, 7])
Size of covariance_matrix_prime: torch.Size([1, 7, 7])
cosineSimilarity tensor([[1.0000, 1.0000, 1.0000, 1.0000, 1.0000, 1.0000, 1.0000]],
       grad_fn=<SumBackward1>)
Size of covariance_matrix: torch.Size([1, 7, 7])
Size of covariance_matrix_prime: torch.Size([1, 7, 7])
cosineSimilarity tensor([[1.0000, 1.0000, 1.0000, 1.0000, 1.0000, 1.0000, 1.0000]],
       grad_fn=<SumBackward1>)
Size of covariance_matrix: torch.Size([1, 7, 7])
Size of covariance_matrix_prime: torch.Size([1, 7, 7])
cosineSimilarity tensor([[1.0000, 1.0000, 1.0000, 1.0000, 1.0000, 1.0000, 1.0000]],
       grad_fn=<SumBackward1>)
Size of covariance_matrix: torch.Size([1, 7, 7])
Size of covariance_matrix_prime: torch.Size([1, 7, 7])
cosineSimilarity tensor([[1.0000, 1.0000, 1.0000, 1.0000, 1.0000, 1.0000, 1.0000]],
       grad_fn=<SumBackward1>)
Size of covariance_matrix: torch.Size([1, 7, 7])
Size of covariance_matrix_prime: torch.Size([1, 7, 7])
cosineSimilarity tensor([[1.0000, 1.0000, 1.0000, 1.0000, 1.0000, 1.0000, 1.0000]],
       grad_fn=<SumBackward1>)
Size of covariance_matrix: torch.Size([1, 7, 7])
Size of covariance_matrix_prime: torch.Size([1, 7, 7])
cosineSimilarity tensor([[1.0000, 1.0000, 1.0000, 1.0000, 1.0000, 1.0000, 1.0000]],
       grad_fn=<SumBackward1>)
Size of covariance_matrix: torch.Size([1, 7, 7])
Size of covariance_matrix_prime: torch.Size([1, 7, 7])
cosineSimilarity tensor([[1.0000, 1.0000, 1.0000, 1.0000, 1.0000, 1.0000, 1.0000]],
       grad_fn=<SumBackward1>)
Size of covariance_matrix: torch.Size([1, 7, 7])
Size of covariance_matrix_prime: torch.Size([1, 7, 7])
cosineSimilarity tensor([[1.0000, 1.0000, 1.0000, 1.0000, 1.0000, 1.0000, 1.0000]],
       grad_fn=<SumBackward1>)
Size of covariance_matrix: torch.Size([1, 7, 7])
Size of covariance_matrix_prime: torch.Size([1, 7, 7])
cosineSimilarity tensor([[1.0000, 1.0000, 1.0000, 1.0000, 1.0000, 1.0000, 1.0000]],
       grad_fn=<SumBackward1>)
Size of covariance_matrix: torch.Size([1, 7, 7])
Size of covariance_matrix_prime: torch.Size([1, 7, 7])
cosineSimilarity tensor([[1.0000, 1.0000, 1.0000, 1.0000, 1.0000, 1.0000, 1.0000]],
       grad_fn=<SumBackward1>)
Size of covariance_matrix: torch.Size([1, 7, 7])
Size of covariance_matrix_prime: torch.Size([1, 7, 7])
cosineSimilarity tensor([[1.0000, 1.0000, 1.0000, 1.0000, 1.0000, 1.0000, 1.0000]],
       grad_fn=<SumBackward1>)
Size of covariance_matrix: torch.Size([1, 7, 7])
Size of covariance_matrix_prime: torch.Size([1, 7, 7])
cosineSimilarity tensor([[nan, nan, nan, nan, nan, nan, nan]], grad_fn=<SumBackward1>)
Size of covariance_matrix: torch.Size([1, 7, 7])
Size of covariance_matrix_prime: torch.Size([1, 7, 7])
cosineSimilarity tensor([[1.0000, 1.0000, 1.0000, 1.0000, 1.0000, 1.0000, 1.0000]],
       grad_fn=<SumBackward1>)
Size of covariance_matrix: torch.Size([1, 7, 7])
Size of covariance_matrix_prime: torch.Size([1, 7, 7])
cosineSimilarity tensor([[1.0000, 1.0000, 1.0000, 1.0000, 1.0000, 1.0000, 1.0000]],
       grad_fn=<SumBackward1>)
Size of covariance_matrix: torch.Size([1, 7, 7])
Size of covariance_matrix_prime: torch.Size([1, 7, 7])
cosineSimilarity tensor([[1.0000, 1.0000, 1.0000, 1.0000, 1.0000, 1.0000, 1.0000]],
       grad_fn=<SumBackward1>)
Size of covariance_matrix: torch.Size([1, 7, 7])
Size of covariance_matrix_prime: torch.Size([1, 7, 7])
cosineSimilarity tensor([[1.0000, 1.0000, 1.0000, 1.0000, 1.0000, 1.0000, 1.0000]],
       grad_fn=<SumBackward1>)
Size of covariance_matrix: torch.Size([1, 7, 7])
Size of covariance_matrix_prime: torch.Size([1, 7, 7])
cosineSimilarity tensor([[1.0000, 1.0000, 1.0000, 1.0000, 1.0000, 1.0000, 1.0000]],
       grad_fn=<SumBackward1>)
Size of covariance_matrix: torch.Size([1, 7, 7])
Size of covariance_matrix_prime: torch.Size([1, 7, 7])
cosineSimilarity tensor([[1.0000, 1.0000, 1.0000, 1.0000, 1.0000, 1.0000, 1.0000]],
       grad_fn=<SumBackward1>)
Size of covariance_matrix: torch.Size([1, 7, 7])
Size of covariance_matrix_prime: torch.Size([1, 7, 7])
cosineSimilarity tensor([[1.0000, 1.0000, 1.0000, 1.0000, 1.0000, 1.0000, 1.0000]],
       grad_fn=<SumBackward1>)
Size of covariance_matrix: torch.Size([1, 7, 7])
Size of covariance_matrix_prime: torch.Size([1, 7, 7])
cosineSimilarity tensor([[1.0000, 1.0000, 1.0000, 1.0000, 1.0000, 1.0000, 1.0000]],
       grad_fn=<SumBackward1>)
Size of covariance_matrix: torch.Size([1, 7, 7])
Size of covariance_matrix_prime: torch.Size([1, 7, 7])
cosineSimilarity tensor([[1.0000, 1.0000, 1.0000, 1.0000, 1.0000, 1.0000, 1.0000]],
       grad_fn=<SumBackward1>)
Size of covariance_matrix: torch.Size([1, 7, 7])
Size of covariance_matrix_prime: torch.Size([1, 7, 7])
cosineSimilarity tensor([[1.0000, 1.0000, 1.0000, 1.0000, 1.0000, 1.0000, 1.0000]],
       grad_fn=<SumBackward1>)
Size of covariance_matrix: torch.Size([1, 7, 7])
Size of covariance_matrix_prime: torch.Size([1, 7, 7])
cosineSimilarity tensor([[1.0000, 1.0000, 1.0000, 1.0000, 1.0000, 1.0000, 1.0000]],
       grad_fn=<SumBackward1>)
Size of covariance_matrix: torch.Size([1, 7, 7])
Size of covariance_matrix_prime: torch.Size([1, 7, 7])
cosineSimilarity tensor([[1.0000, 1.0000, 1.0000, 1.0000, 1.0000, 1.0000, 1.0000]],
       grad_fn=<SumBackward1>)
Size of covariance_matrix: torch.Size([1, 7, 7])
Size of covariance_matrix_prime: torch.Size([1, 7, 7])
cosineSimilarity tensor([[1.0000, 1.0000, 1.0000, 1.0000, 1.0000, 1.0000, 1.0000]],
       grad_fn=<SumBackward1>)
Size of covariance_matrix: torch.Size([1, 7, 7])
Size of covariance_matrix_prime: torch.Size([1, 7, 7])
cosineSimilarity tensor([[1.0000, 1.0000, 1.0000, 1.0000, 1.0000, 1.0000, 1.0000]],
       grad_fn=<SumBackward1>)
Size of covariance_matrix: torch.Size([1, 7, 7])
Size of covariance_matrix_prime: torch.Size([1, 7, 7])
cosineSimilarity tensor([[1.0000, 1.0000, 1.0000, 1.0000, 1.0000, 1.0000, 1.0000]],
       grad_fn=<SumBackward1>)
Size of covariance_matrix: torch.Size([1, 7, 7])
Size of covariance_matrix_prime: torch.Size([1, 7, 7])
cosineSimilarity tensor([[1.0000, 1.0000, 1.0000, 1.0000, 1.0000, 1.0000, 1.0000]],
       grad_fn=<SumBackward1>)
Size of covariance_matrix: torch.Size([1, 7, 7])
Size of covariance_matrix_prime: torch.Size([1, 7, 7])
cosineSimilarity tensor([[1.0000, 1.0000, 1.0000, 1.0000, 1.0000, 1.0000, 1.0000]],
       grad_fn=<SumBackward1>)
Size of covariance_matrix: torch.Size([1, 7, 7])
Size of covariance_matrix_prime: torch.Size([1, 7, 7])
cosineSimilarity tensor([[1.0000, 1.0000, 1.0000, 1.0000, 1.0000, 1.0000, 1.0000]],
       grad_fn=<SumBackward1>)
Size of covariance_matrix: torch.Size([1, 7, 7])
Size of covariance_matrix_prime: torch.Size([1, 7, 7])
cosineSimilarity tensor([[1.0000, 1.0000, 1.0000, 1.0000, 1.0000, 1.0000, 1.0000]],
       grad_fn=<SumBackward1>)
Size of covariance_matrix: torch.Size([1, 7, 7])
Size of covariance_matrix_prime: torch.Size([1, 7, 7])
cosineSimilarity tensor([[1.0000, 1.0000, 1.0000, 1.0000, 1.0000, 1.0000, 1.0000]],
       grad_fn=<SumBackward1>)
Size of covariance_matrix: torch.Size([1, 7, 7])
Size of covariance_matrix_prime: torch.Size([1, 7, 7])
cosineSimilarity tensor([[1.0000, 1.0000, 1.0000, 1.0000, 1.0000, 1.0000, 1.0000]],
       grad_fn=<SumBackward1>)
Size of covariance_matrix: torch.Size([1, 7, 7])
Size of covariance_matrix_prime: torch.Size([1, 7, 7])
cosineSimilarity tensor([[1.0000, 1.0000, 1.0000, 1.0000, 1.0000, 1.0000, 1.0000]],
       grad_fn=<SumBackward1>)
Size of covariance_matrix: torch.Size([1, 7, 7])
Size of covariance_matrix_prime: torch.Size([1, 7, 7])
cosineSimilarity tensor([[1.0000, 1.0000, 1.0000, 1.0000, 1.0000, 1.0000, 1.0000]],
       grad_fn=<SumBackward1>)
Size of covariance_matrix: torch.Size([1, 7, 7])
Size of covariance_matrix_prime: torch.Size([1, 7, 7])
cosineSimilarity tensor([[1.0000, 1.0000, 1.0000, 1.0000, 1.0000, 1.0000, 1.0000]],
       grad_fn=<SumBackward1>)
Size of covariance_matrix: torch.Size([1, 7, 7])
Size of covariance_matrix_prime: torch.Size([1, 7, 7])
cosineSimilarity tensor([[1.0000, 1.0000, 1.0000, 1.0000, 1.0000, 1.0000, 1.0000]],
       grad_fn=<SumBackward1>)
Size of covariance_matrix: torch.Size([1, 7, 7])
Size of covariance_matrix_prime: torch.Size([1, 7, 7])
cosineSimilarity tensor([[1.0000, 1.0000, 1.0000, 1.0000, 1.0000, 1.0000, 1.0000]],
       grad_fn=<SumBackward1>)
Size of covariance_matrix: torch.Size([1, 7, 7])
Size of covariance_matrix_prime: torch.Size([1, 7, 7])
cosineSimilarity tensor([[1.0000, 1.0000, 1.0000, 1.0000, 1.0000, 1.0000, 1.0000]],
       grad_fn=<SumBackward1>)
Size of covariance_matrix: torch.Size([1, 7, 7])
Size of covariance_matrix_prime: torch.Size([1, 7, 7])
cosineSimilarity tensor([[1.0000, 1.0000, 1.0000, 1.0000, 1.0000, 1.0000, 1.0000]],
       grad_fn=<SumBackward1>)
Size of covariance_matrix: torch.Size([1, 7, 7])
Size of covariance_matrix_prime: torch.Size([1, 7, 7])
cosineSimilarity tensor([[1.0000, 1.0000, 1.0000, 1.0000, 1.0000, 1.0000, 1.0000]],
       grad_fn=<SumBackward1>)
Size of covariance_matrix: torch.Size([1, 7, 7])
Size of covariance_matrix_prime: torch.Size([1, 7, 7])
cosineSimilarity tensor([[1.0000, 1.0000, 1.0000, 1.0000, 1.0000, 1.0000, 1.0000]],
       grad_fn=<SumBackward1>)
Size of covariance_matrix: torch.Size([1, 7, 7])
Size of covariance_matrix_prime: torch.Size([1, 7, 7])
cosineSimilarity tensor([[1.0000, 1.0000, 1.0000, 1.0000, 1.0000, 1.0000, 1.0000]],
       grad_fn=<SumBackward1>)
Size of covariance_matrix: torch.Size([1, 7, 7])
Size of covariance_matrix_prime: torch.Size([1, 7, 7])
cosineSimilarity tensor([[1.0000, 1.0000, 1.0000, 1.0000, 1.0000, 1.0000, 1.0000]],
       grad_fn=<SumBackward1>)
Size of covariance_matrix: torch.Size([1, 7, 7])
Size of covariance_matrix_prime: torch.Size([1, 7, 7])
cosineSimilarity tensor([[1.0000, 1.0000, 1.0000, 1.0000, 1.0000, 1.0000, 1.0000]],
       grad_fn=<SumBackward1>)
Size of covariance_matrix: torch.Size([1, 7, 7])
Size of covariance_matrix_prime: torch.Size([1, 7, 7])
cosineSimilarity tensor([[1.0000, 1.0000, 1.0000, 1.0000, 1.0000, 1.0000, 1.0000]],
       grad_fn=<SumBackward1>)
Size of covariance_matrix: torch.Size([1, 7, 7])
Size of covariance_matrix_prime: torch.Size([1, 7, 7])
cosineSimilarity tensor([[1.0000, 1.0000, 1.0000, 1.0000, 1.0000, 1.0000, 1.0000]],
       grad_fn=<SumBackward1>)
Size of covariance_matrix: torch.Size([1, 7, 7])
Size of covariance_matrix_prime: torch.Size([1, 7, 7])
cosineSimilarity tensor([[1.0000, 1.0000, 1.0000, 1.0000, 1.0000, 1.0000, 1.0000]],
       grad_fn=<SumBackward1>)
Size of covariance_matrix: torch.Size([1, 7, 7])
Size of covariance_matrix_prime: torch.Size([1, 7, 7])
cosineSimilarity tensor([[1.0000, 1.0000, 1.0000, 1.0000, 1.0000, 1.0000, 1.0000]],
       grad_fn=<SumBackward1>)
Size of covariance_matrix: torch.Size([1, 7, 7])
Size of covariance_matrix_prime: torch.Size([1, 7, 7])
cosineSimilarity tensor([[1.0000, 1.0000, 1.0000, 1.0000, 1.0000, 1.0000, 1.0000]],
       grad_fn=<SumBackward1>)
Size of covariance_matrix: torch.Size([1, 7, 7])
Size of covariance_matrix_prime: torch.Size([1, 7, 7])
cosineSimilarity tensor([[1.0000, 1.0000, 1.0000, 1.0000, 1.0000, 1.0000, 1.0000]],
       grad_fn=<SumBackward1>)
Size of covariance_matrix: torch.Size([1, 7, 7])
Size of covariance_matrix_prime: torch.Size([1, 7, 7])
cosineSimilarity tensor([[1.0000, 1.0000, 1.0000, 1.0000, 1.0000, 1.0000, 1.0000]],
       grad_fn=<SumBackward1>)
Size of covariance_matrix: torch.Size([1, 7, 7])
Size of covariance_matrix_prime: torch.Size([1, 7, 7])
cosineSimilarity tensor([[1.0000, 1.0000, 1.0000, 1.0000, 1.0000, 1.0000, 1.0000]],
       grad_fn=<SumBackward1>)
Size of covariance_matrix: torch.Size([1, 7, 7])
Size of covariance_matrix_prime: torch.Size([1, 7, 7])
cosineSimilarity tensor([[1.0000, 1.0000, 1.0000, 1.0000, 1.0000, 1.0000, 1.0000]],
       grad_fn=<SumBackward1>)
Size of covariance_matrix: torch.Size([1, 7, 7])
Size of covariance_matrix_prime: torch.Size([1, 7, 7])
cosineSimilarity tensor([[1.0000, 1.0000, 1.0000, 1.0000, 1.0000, 1.0000, 1.0000]],
       grad_fn=<SumBackward1>)
Size of covariance_matrix: torch.Size([1, 7, 7])
Size of covariance_matrix_prime: torch.Size([1, 7, 7])
cosineSimilarity tensor([[1.0000, 1.0000, 1.0000, 1.0000, 1.0000, 1.0000, 1.0000]],
       grad_fn=<SumBackward1>)
Size of covariance_matrix: torch.Size([1, 7, 7])
Size of covariance_matrix_prime: torch.Size([1, 7, 7])
cosineSimilarity tensor([[1.0000, 1.0000, 1.0000, 1.0000, 1.0000, 1.0000, 1.0000]],
       grad_fn=<SumBackward1>)
Size of covariance_matrix: torch.Size([1, 7, 7])
Size of covariance_matrix_prime: torch.Size([1, 7, 7])
cosineSimilarity tensor([[1.0000, 1.0000, 1.0000, 1.0000, 1.0000, 1.0000, 1.0000]],
       grad_fn=<SumBackward1>)
Size of covariance_matrix: torch.Size([1, 7, 7])
Size of covariance_matrix_prime: torch.Size([1, 7, 7])
cosineSimilarity tensor([[1.0000, 1.0000, 1.0000, 1.0000, 1.0000, 1.0000, 1.0000]],
       grad_fn=<SumBackward1>)
Size of covariance_matrix: torch.Size([1, 7, 7])
Size of covariance_matrix_prime: torch.Size([1, 7, 7])
cosineSimilarity tensor([[1.0000, 1.0000, 1.0000, 1.0000, 1.0000, 1.0000, 1.0000]],
       grad_fn=<SumBackward1>)
Size of covariance_matrix: torch.Size([1, 7, 7])
Size of covariance_matrix_prime: torch.Size([1, 7, 7])
cosineSimilarity tensor([[1.0000, 1.0000, 1.0000, 1.0000, 1.0000, 1.0000, 1.0000]],
       grad_fn=<SumBackward1>)
Size of covariance_matrix: torch.Size([1, 7, 7])
Size of covariance_matrix_prime: torch.Size([1, 7, 7])
cosineSimilarity tensor([[1.0000, 1.0000, 1.0000, 1.0000, 1.0000, 1.0000, 1.0000]],
       grad_fn=<SumBackward1>)
Size of covariance_matrix: torch.Size([1, 7, 7])
Size of covariance_matrix_prime: torch.Size([1, 7, 7])
cosineSimilarity tensor([[1.0000, 1.0000, 1.0000, 1.0000, 1.0000, 1.0000, 1.0000]],
       grad_fn=<SumBackward1>)
Size of covariance_matrix: torch.Size([1, 7, 7])
Size of covariance_matrix_prime: torch.Size([1, 7, 7])
cosineSimilarity tensor([[1.0000, 1.0000, 1.0000, 1.0000, 1.0000, 1.0000, 1.0000]],
       grad_fn=<SumBackward1>)
Size of covariance_matrix: torch.Size([1, 7, 7])
Size of covariance_matrix_prime: torch.Size([1, 7, 7])
cosineSimilarity tensor([[1.0000, 1.0000, 1.0000, 1.0000, 1.0000, 1.0000, 1.0000]],
       grad_fn=<SumBackward1>)
Size of covariance_matrix: torch.Size([1, 7, 7])
Size of covariance_matrix_prime: torch.Size([1, 7, 7])
cosineSimilarity tensor([[1.0000, 1.0000, 1.0000, 1.0000, 1.0000, 1.0000, 1.0000]],
       grad_fn=<SumBackward1>)
Size of covariance_matrix: torch.Size([1, 7, 7])
Size of covariance_matrix_prime: torch.Size([1, 7, 7])
cosineSimilarity tensor([[1.0000, 1.0000, 1.0000, 1.0000, 1.0000, 1.0000, 1.0000]],
       grad_fn=<SumBackward1>)
Size of covariance_matrix: torch.Size([1, 7, 7])
Size of covariance_matrix_prime: torch.Size([1, 7, 7])
cosineSimilarity tensor([[1.0000, 1.0000, 1.0000, 1.0000, 1.0000, 1.0000, 1.0000]],
       grad_fn=<SumBackward1>)
Size of covariance_matrix: torch.Size([1, 7, 7])
Size of covariance_matrix_prime: torch.Size([1, 7, 7])
cosineSimilarity tensor([[1.0000, 1.0000, 1.0000, 1.0000, 1.0000, 1.0000, 1.0000]],
       grad_fn=<SumBackward1>)
Size of covariance_matrix: torch.Size([1, 7, 7])
Size of covariance_matrix_prime: torch.Size([1, 7, 7])
cosineSimilarity tensor([[1.0000, 1.0000, 1.0000, 1.0000, 1.0000, 1.0000, 1.0000]],
       grad_fn=<SumBackward1>)
Size of covariance_matrix: torch.Size([1, 7, 7])
Size of covariance_matrix_prime: torch.Size([1, 7, 7])
cosineSimilarity tensor([[1.0000, 1.0000, 1.0000, 1.0000, 1.0000, 1.0000, 1.0000]],
       grad_fn=<SumBackward1>)
Size of covariance_matrix: torch.Size([1, 7, 7])
Size of covariance_matrix_prime: torch.Size([1, 7, 7])
cosineSimilarity tensor([[1.0000, 1.0000, 1.0000, 1.0000, 1.0000, 1.0000, 1.0000]],
       grad_fn=<SumBackward1>)
Size of covariance_matrix: torch.Size([1, 7, 7])
Size of covariance_matrix_prime: torch.Size([1, 7, 7])
cosineSimilarity tensor([[1.0000, 1.0000, 1.0000, 1.0000, 1.0000, 1.0000, 1.0000]],
       grad_fn=<SumBackward1>)
Size of covariance_matrix: torch.Size([1, 7, 7])
Size of covariance_matrix_prime: torch.Size([1, 7, 7])
cosineSimilarity tensor([[1.0000, 1.0000, 1.0000, 1.0000, 1.0000, 1.0000, 1.0000]],
       grad_fn=<SumBackward1>)
Size of covariance_matrix: torch.Size([1, 7, 7])
Size of covariance_matrix_prime: torch.Size([1, 7, 7])
cosineSimilarity tensor([[1.0000, 1.0000, 1.0000, 1.0000, 1.0000, 1.0000, 1.0000]],
       grad_fn=<SumBackward1>)
Size of covariance_matrix: torch.Size([1, 7, 7])
Size of covariance_matrix_prime: torch.Size([1, 7, 7])
cosineSimilarity tensor([[1.0000, 1.0000, 1.0000, 1.0000, 1.0000, 1.0000, 1.0000]],
       grad_fn=<SumBackward1>)
Size of covariance_matrix: torch.Size([1, 7, 7])
Size of covariance_matrix_prime: torch.Size([1, 7, 7])
cosineSimilarity tensor([[1.0000, 1.0000, 1.0000, 1.0000, 1.0000, 1.0000, 1.0000]],
       grad_fn=<SumBackward1>)
Size of covariance_matrix: torch.Size([1, 7, 7])
Size of covariance_matrix_prime: torch.Size([1, 7, 7])
cosineSimilarity tensor([[1.0000, 1.0000, 1.0000, 1.0000, 1.0000, 1.0000, 1.0000]],
       grad_fn=<SumBackward1>)
Size of covariance_matrix: torch.Size([1, 7, 7])
Size of covariance_matrix_prime: torch.Size([1, 7, 7])
cosineSimilarity tensor([[1.0000, 1.0000, 1.0000, 1.0000, 1.0000, 1.0000, 1.0000]],
       grad_fn=<SumBackward1>)
Size of covariance_matrix: torch.Size([1, 7, 7])
Size of covariance_matrix_prime: torch.Size([1, 7, 7])
cosineSimilarity tensor([[1.0000, 1.0000, 1.0000, 1.0000, 1.0000, 1.0000, 1.0000]],
       grad_fn=<SumBackward1>)
Size of covariance_matrix: torch.Size([1, 7, 7])
Size of covariance_matrix_prime: torch.Size([1, 7, 7])
cosineSimilarity tensor([[1.0000, 1.0000, 1.0000, 1.0000, 1.0000, 1.0000, 1.0000]],
       grad_fn=<SumBackward1>)
Size of covariance_matrix: torch.Size([1, 7, 7])
Size of covariance_matrix_prime: torch.Size([1, 7, 7])
cosineSimilarity tensor([[1.0000, 1.0000, 1.0000, 1.0000, 1.0000, 1.0000, 1.0000]],
       grad_fn=<SumBackward1>)
Size of covariance_matrix: torch.Size([1, 7, 7])
Size of covariance_matrix_prime: torch.Size([1, 7, 7])
cosineSimilarity tensor([[1.0000, 1.0000, 1.0000, 1.0000, 1.0000, 1.0000, 1.0000]],
       grad_fn=<SumBackward1>)
Size of covariance_matrix: torch.Size([1, 7, 7])
Size of covariance_matrix_prime: torch.Size([1, 7, 7])
cosineSimilarity tensor([[1.0000, 1.0000, 1.0000, 1.0000, 1.0000, 1.0000, 1.0000]],
       grad_fn=<SumBackward1>)
Size of covariance_matrix: torch.Size([1, 7, 7])
Size of covariance_matrix_prime: torch.Size([1, 7, 7])
cosineSimilarity tensor([[1.0000, 1.0000, 1.0000, 1.0000, 1.0000, 1.0000, 1.0000]],
       grad_fn=<SumBackward1>)
Size of covariance_matrix: torch.Size([1, 7, 7])
Size of covariance_matrix_prime: torch.Size([1, 7, 7])
cosineSimilarity tensor([[1.0000, 1.0000, 1.0000, 1.0000, 1.0000, 1.0000, 1.0000]],
       grad_fn=<SumBackward1>)
Size of covariance_matrix: torch.Size([1, 7, 7])
Size of covariance_matrix_prime: torch.Size([1, 7, 7])
cosineSimilarity tensor([[1.0000, 1.0000, 1.0000, 1.0000, 1.0000, 1.0000, 1.0000]],
       grad_fn=<SumBackward1>)
Size of covariance_matrix: torch.Size([1, 7, 7])
Size of covariance_matrix_prime: torch.Size([1, 7, 7])
cosineSimilarity tensor([[1.0000, 1.0000, 1.0000, 1.0000, 1.0000, 1.0000, 1.0000]],
       grad_fn=<SumBackward1>)
Size of covariance_matrix: torch.Size([1, 7, 7])
Size of covariance_matrix_prime: torch.Size([1, 7, 7])
cosineSimilarity tensor([[1.0000, 1.0000, 1.0000, 1.0000, 1.0000, 1.0000, 1.0000]],
       grad_fn=<SumBackward1>)
Size of covariance_matrix: torch.Size([1, 7, 7])
Size of covariance_matrix_prime: torch.Size([1, 7, 7])
cosineSimilarity tensor([[1.0000, 1.0000, 1.0000, 1.0000, 1.0000, 1.0000, 1.0000]],
       grad_fn=<SumBackward1>)
Size of covariance_matrix: torch.Size([1, 7, 7])
Size of covariance_matrix_prime: torch.Size([1, 7, 7])
cosineSimilarity tensor([[1.0000, 1.0000, 1.0000, 1.0000, 1.0000, 1.0000, 1.0000]],
       grad_fn=<SumBackward1>)
Size of covariance_matrix: torch.Size([1, 7, 7])
Size of covariance_matrix_prime: torch.Size([1, 7, 7])
cosineSimilarity tensor([[1.0000, 1.0000, 1.0000, 1.0000, 1.0000, 1.0000, 1.0000]],
       grad_fn=<SumBackward1>)
Size of covariance_matrix: torch.Size([1, 7, 7])
Size of covariance_matrix_prime: torch.Size([1, 7, 7])
cosineSimilarity tensor([[1.0000, 1.0000, 1.0000, 1.0000, 1.0000, 1.0000, 1.0000]],
       grad_fn=<SumBackward1>)
Size of covariance_matrix: torch.Size([1, 7, 7])
Size of covariance_matrix_prime: torch.Size([1, 7, 7])
cosineSimilarity tensor([[1.0000, 1.0000, 1.0000, 1.0000, 1.0000, 1.0000, 1.0000]],
       grad_fn=<SumBackward1>)
Size of covariance_matrix: torch.Size([1, 7, 7])
Size of covariance_matrix_prime: torch.Size([1, 7, 7])
cosineSimilarity tensor([[1.0000, 1.0000, 1.0000, 1.0000, 1.0000, 1.0000, 1.0000]],
       grad_fn=<SumBackward1>)
Size of covariance_matrix: torch.Size([1, 7, 7])
Size of covariance_matrix_prime: torch.Size([1, 7, 7])
cosineSimilarity tensor([[1.0000, 1.0000, 1.0000, 1.0000, 1.0000, 1.0000, 1.0000]],
       grad_fn=<SumBackward1>)
Size of covariance_matrix: torch.Size([1, 7, 7])
Size of covariance_matrix_prime: torch.Size([1, 7, 7])
cosineSimilarity tensor([[1.0000, 1.0000, 1.0000, 1.0000, 1.0000, 1.0000, 1.0000]],
       grad_fn=<SumBackward1>)
Size of covariance_matrix: torch.Size([1, 7, 7])
Size of covariance_matrix_prime: torch.Size([1, 7, 7])
cosineSimilarity tensor([[1.0000, 1.0000, 1.0000, 1.0000, 1.0000, 1.0000, 1.0000]],
       grad_fn=<SumBackward1>)
Size of covariance_matrix: torch.Size([1, 7, 7])
Size of covariance_matrix_prime: torch.Size([1, 7, 7])
cosineSimilarity tensor([[1.0000, 1.0000, 1.0000, 1.0000, 1.0000, 1.0000, 1.0000]],
       grad_fn=<SumBackward1>)
Size of covariance_matrix: torch.Size([1, 7, 7])
Size of covariance_matrix_prime: torch.Size([1, 7, 7])
cosineSimilarity tensor([[1.0000, 1.0000, 1.0000, 1.0000, 1.0000, 1.0000, 1.0000]],
       grad_fn=<SumBackward1>)
Size of covariance_matrix: torch.Size([1, 7, 7])
Size of covariance_matrix_prime: torch.Size([1, 7, 7])
cosineSimilarity tensor([[1.0000, 1.0000, 1.0000, 1.0000, 1.0000, 1.0000, 1.0000]],
       grad_fn=<SumBackward1>)
Size of covariance_matrix: torch.Size([1, 7, 7])
Size of covariance_matrix_prime: torch.Size([1, 7, 7])
cosineSimilarity tensor([[1.0000, 1.0000, 1.0000, 1.0000, 1.0000, 1.0000, 1.0000]],
       grad_fn=<SumBackward1>)
Size of covariance_matrix: torch.Size([1, 7, 7])
Size of covariance_matrix_prime: torch.Size([1, 7, 7])
cosineSimilarity tensor([[1.0000, 1.0000, 1.0000, 1.0000, 1.0000, 1.0000, 1.0000]],
       grad_fn=<SumBackward1>)
Size of covariance_matrix: torch.Size([1, 7, 7])
Size of covariance_matrix_prime: torch.Size([1, 7, 7])
cosineSimilarity tensor([[1.0000, 1.0000, 1.0000, 1.0000, 1.0000, 1.0000, 1.0000]],
       grad_fn=<SumBackward1>)
Size of covariance_matrix: torch.Size([1, 7, 7])
Size of covariance_matrix_prime: torch.Size([1, 7, 7])
cosineSimilarity tensor([[1.0000, 1.0000, 1.0000, 1.0000, 1.0000, 1.0000, 1.0000]],
       grad_fn=<SumBackward1>)
Size of covariance_matrix: torch.Size([1, 7, 7])
Size of covariance_matrix_prime: torch.Size([1, 7, 7])
cosineSimilarity tensor([[1.0000, 1.0000, 1.0000, 1.0000, 1.0000, 1.0000, 1.0000]],
       grad_fn=<SumBackward1>)
Size of covariance_matrix: torch.Size([1, 7, 7])
Size of covariance_matrix_prime: torch.Size([1, 7, 7])
cosineSimilarity tensor([[1.0000, 1.0000, 1.0000, 1.0000, 1.0000, 1.0000, 1.0000]],
       grad_fn=<SumBackward1>)
Size of covariance_matrix: torch.Size([1, 7, 7])
Size of covariance_matrix_prime: torch.Size([1, 7, 7])
cosineSimilarity tensor([[1.0000, 1.0000, 1.0000, 1.0000, 1.0000, 1.0000, 1.0000]],
       grad_fn=<SumBackward1>)
Size of covariance_matrix: torch.Size([1, 7, 7])
Size of covariance_matrix_prime: torch.Size([1, 7, 7])
cosineSimilarity tensor([[1.0000, 1.0000, 1.0000, 1.0000, 1.0000, 1.0000, 1.0000]],
       grad_fn=<SumBackward1>)
Size of covariance_matrix: torch.Size([1, 7, 7])
Size of covariance_matrix_prime: torch.Size([1, 7, 7])
cosineSimilarity tensor([[1.0000, 1.0000, 1.0000, 1.0000, 1.0000, 1.0000, 1.0000]],
       grad_fn=<SumBackward1>)
Size of covariance_matrix: torch.Size([1, 7, 7])
Size of covariance_matrix_prime: torch.Size([1, 7, 7])
cosineSimilarity tensor([[1.0000, 1.0000, 1.0000, 1.0000, 1.0000, 1.0000, 1.0000]],
       grad_fn=<SumBackward1>)
Size of covariance_matrix: torch.Size([1, 7, 7])
Size of covariance_matrix_prime: torch.Size([1, 7, 7])
cosineSimilarity tensor([[nan, nan, nan, nan, nan, nan, nan]], grad_fn=<SumBackward1>)
Size of covariance_matrix: torch.Size([1, 7, 7])
Size of covariance_matrix_prime: torch.Size([1, 7, 7])
cosineSimilarity tensor([[1.0000, 1.0000, 1.0000, 1.0000, 1.0000, 1.0000, 1.0000]],
       grad_fn=<SumBackward1>)
Size of covariance_matrix: torch.Size([1, 7, 7])
Size of covariance_matrix_prime: torch.Size([1, 7, 7])
cosineSimilarity tensor([[1.0000, 1.0000, 1.0000, 1.0000, 1.0000, 1.0000, 1.0000]],
       grad_fn=<SumBackward1>)
Size of covariance_matrix: torch.Size([1, 7, 7])
Size of covariance_matrix_prime: torch.Size([1, 7, 7])
cosineSimilarity tensor([[1.0000, 1.0000, 1.0000, 1.0000, 1.0000, 1.0000, 1.0000]],
       grad_fn=<SumBackward1>)
Size of covariance_matrix: torch.Size([1, 7, 7])
Size of covariance_matrix_prime: torch.Size([1, 7, 7])
cosineSimilarity tensor([[1.0000, 1.0000, 1.0000, 1.0000, 1.0000, 1.0000, 1.0000]],
       grad_fn=<SumBackward1>)
Size of covariance_matrix: torch.Size([1, 7, 7])
Size of covariance_matrix_prime: torch.Size([1, 7, 7])
cosineSimilarity tensor([[1.0000, 1.0000, 1.0000, 1.0000, 1.0000, 1.0000, 1.0000]],
       grad_fn=<SumBackward1>)
Size of covariance_matrix: torch.Size([1, 7, 7])
Size of covariance_matrix_prime: torch.Size([1, 7, 7])
cosineSimilarity tensor([[1.0000, 1.0000, 1.0000, 1.0000, 1.0000, 1.0000, 1.0000]],
       grad_fn=<SumBackward1>)
Size of covariance_matrix: torch.Size([1, 7, 7])
Size of covariance_matrix_prime: torch.Size([1, 7, 7])
cosineSimilarity tensor([[1.0000, 1.0000, 1.0000, 1.0000, 1.0000, 1.0000, 1.0000]],
       grad_fn=<SumBackward1>)
Size of covariance_matrix: torch.Size([1, 7, 7])
Size of covariance_matrix_prime: torch.Size([1, 7, 7])
cosineSimilarity tensor([[1.0000, 1.0000, 1.0000, 1.0000, 1.0000, 1.0000, 1.0000]],
       grad_fn=<SumBackward1>)
Size of covariance_matrix: torch.Size([1, 7, 7])
Size of covariance_matrix_prime: torch.Size([1, 7, 7])
cosineSimilarity tensor([[1.0000, 1.0000, 1.0000, 1.0000, 1.0000, 1.0000, 1.0000]],
       grad_fn=<SumBackward1>)
Size of covariance_matrix: torch.Size([1, 7, 7])
Size of covariance_matrix_prime: torch.Size([1, 7, 7])
cosineSimilarity tensor([[1.0000, 1.0000, 1.0000, 1.0000, 1.0000, 1.0000, 1.0000]],
       grad_fn=<SumBackward1>)
Size of covariance_matrix: torch.Size([1, 7, 7])
Size of covariance_matrix_prime: torch.Size([1, 7, 7])
cosineSimilarity tensor([[1.0000, 1.0000, 1.0000, 1.0000, 1.0000, 1.0000, 1.0000]],
       grad_fn=<SumBackward1>)
Size of covariance_matrix: torch.Size([1, 7, 7])
Size of covariance_matrix_prime: torch.Size([1, 7, 7])
cosineSimilarity tensor([[1.0000, 1.0000, 1.0000, 1.0000, 1.0000, 1.0000, 1.0000]],
       grad_fn=<SumBackward1>)
Size of covariance_matrix: torch.Size([1, 7, 7])
Size of covariance_matrix_prime: torch.Size([1, 7, 7])
cosineSimilarity tensor([[nan, nan, nan, nan, nan, nan, nan]], grad_fn=<SumBackward1>)
Size of covariance_matrix: torch.Size([1, 7, 7])
Size of covariance_matrix_prime: torch.Size([1, 7, 7])
cosineSimilarity tensor([[1.0000, 1.0000, 1.0000, 1.0000, 1.0000, 1.0000, 1.0000]],
       grad_fn=<SumBackward1>)
Size of covariance_matrix: torch.Size([1, 7, 7])
Size of covariance_matrix_prime: torch.Size([1, 7, 7])
cosineSimilarity tensor([[1.0000, 1.0000, 1.0000, 1.0000, 1.0000, 1.0000, 1.0000]],
       grad_fn=<SumBackward1>)
Size of covariance_matrix: torch.Size([1, 7, 7])
Size of covariance_matrix_prime: torch.Size([1, 7, 7])
cosineSimilarity tensor([[1.0000, 1.0000, 1.0000, 1.0000, 1.0000, 1.0000, 1.0000]],
       grad_fn=<SumBackward1>)
Size of covariance_matrix: torch.Size([1, 7, 7])
Size of covariance_matrix_prime: torch.Size([1, 7, 7])
cosineSimilarity tensor([[1.0000, 1.0000, 1.0000, 1.0000, 1.0000, 1.0000, 1.0000]],
       grad_fn=<SumBackward1>)
Size of covariance_matrix: torch.Size([1, 7, 7])
Size of covariance_matrix_prime: torch.Size([1, 7, 7])
cosineSimilarity tensor([[1.0000, 1.0000, 1.0000, 1.0000, 1.0000, 1.0000, 1.0000]],
       grad_fn=<SumBackward1>)
Size of covariance_matrix: torch.Size([1, 7, 7])
Size of covariance_matrix_prime: torch.Size([1, 7, 7])
cosineSimilarity tensor([[1.0000, 1.0000, 1.0000, 1.0000, 1.0000, 1.0000, 1.0000]],
       grad_fn=<SumBackward1>)
Size of covariance_matrix: torch.Size([1, 7, 7])
Size of covariance_matrix_prime: torch.Size([1, 7, 7])
cosineSimilarity tensor([[1.0000, 1.0000, 1.0000, 1.0000, 1.0000, 1.0000, 1.0000]],
       grad_fn=<SumBackward1>)
Size of covariance_matrix: torch.Size([1, 7, 7])
Size of covariance_matrix_prime: torch.Size([1, 7, 7])
cosineSimilarity tensor([[1.0000, 1.0000, 1.0000, 1.0000, 1.0000, 1.0000, 1.0000]],
       grad_fn=<SumBackward1>)
Size of covariance_matrix: torch.Size([1, 7, 7])
Size of covariance_matrix_prime: torch.Size([1, 7, 7])
cosineSimilarity tensor([[1.0000, 1.0000, 1.0000, 1.0000, 1.0000, 1.0000, 1.0000]],
       grad_fn=<SumBackward1>)
Size of covariance_matrix: torch.Size([1, 7, 7])
Size of covariance_matrix_prime: torch.Size([1, 7, 7])
cosineSimilarity tensor([[1.0000, 1.0000, 1.0000, 1.0000, 1.0000, 1.0000, 1.0000]],
       grad_fn=<SumBackward1>)
Size of covariance_matrix: torch.Size([1, 7, 7])
Size of covariance_matrix_prime: torch.Size([1, 7, 7])
cosineSimilarity tensor([[1.0000, 1.0000, 1.0000, 1.0000, 1.0000, 1.0000, 1.0000]],
       grad_fn=<SumBackward1>)
Size of covariance_matrix: torch.Size([1, 7, 7])
Size of covariance_matrix_prime: torch.Size([1, 7, 7])
cosineSimilarity tensor([[1.0000, 1.0000, 1.0000, 1.0000, 1.0000, 1.0000, 1.0000]],
       grad_fn=<SumBackward1>)
Size of covariance_matrix: torch.Size([1, 7, 7])
Size of covariance_matrix_prime: torch.Size([1, 7, 7])
cosineSimilarity tensor([[1.0000, 1.0000, 1.0000, 1.0000, 1.0000, 1.0000, 1.0000]],
       grad_fn=<SumBackward1>)
Size of covariance_matrix: torch.Size([1, 7, 7])
Size of covariance_matrix_prime: torch.Size([1, 7, 7])
cosineSimilarity tensor([[1.0000, 1.0000, 1.0000, 1.0000, 1.0000, 1.0000, 1.0000]],
       grad_fn=<SumBackward1>)
Size of covariance_matrix: torch.Size([1, 7, 7])
Size of covariance_matrix_prime: torch.Size([1, 7, 7])
cosineSimilarity tensor([[1.0000, 1.0000, 1.0000, 1.0000, 1.0000, 1.0000, 1.0000]],
       grad_fn=<SumBackward1>)
Size of covariance_matrix: torch.Size([1, 7, 7])
Size of covariance_matrix_prime: torch.Size([1, 7, 7])
cosineSimilarity tensor([[1.0000, 1.0000, 1.0000, 1.0000, 1.0000, 1.0000, 1.0000]],
       grad_fn=<SumBackward1>)
Size of covariance_matrix: torch.Size([1, 7, 7])
Size of covariance_matrix_prime: torch.Size([1, 7, 7])
cosineSimilarity tensor([[1.0000, 1.0000, 1.0000, 1.0000, 1.0000, 1.0000, 1.0000]],
       grad_fn=<SumBackward1>)
Size of covariance_matrix: torch.Size([1, 7, 7])
Size of covariance_matrix_prime: torch.Size([1, 7, 7])
cosineSimilarity tensor([[1.0000, 1.0000, 1.0000, 1.0000, 1.0000, 1.0000, 1.0000]],
       grad_fn=<SumBackward1>)
Size of covariance_matrix: torch.Size([1, 7, 7])
Size of covariance_matrix_prime: torch.Size([1, 7, 7])
cosineSimilarity tensor([[1.0000, 1.0000, 1.0000, 1.0000, 1.0000, 1.0000, 1.0000]],
       grad_fn=<SumBackward1>)
Size of covariance_matrix: torch.Size([1, 7, 7])
Size of covariance_matrix_prime: torch.Size([1, 7, 7])
cosineSimilarity tensor([[1.0000, 1.0000, 1.0000, 1.0000, 1.0000, 1.0000, 1.0000]],
       grad_fn=<SumBackward1>)
Size of covariance_matrix: torch.Size([1, 7, 7])
Size of covariance_matrix_prime: torch.Size([1, 7, 7])
cosineSimilarity tensor([[1.0000, 1.0000, 1.0000, 1.0000, 1.0000, 1.0000, 1.0000]],
       grad_fn=<SumBackward1>)
Size of covariance_matrix: torch.Size([1, 7, 7])
Size of covariance_matrix_prime: torch.Size([1, 7, 7])
cosineSimilarity tensor([[1.0000, 1.0000, 1.0000, 1.0000, 1.0000, 1.0000, 1.0000]],
       grad_fn=<SumBackward1>)
Size of covariance_matrix: torch.Size([1, 7, 7])
Size of covariance_matrix_prime: torch.Size([1, 7, 7])
cosineSimilarity tensor([[1.0000, 1.0000, 1.0000, 1.0000, 1.0000, 1.0000, 1.0000]],
       grad_fn=<SumBackward1>)
Size of covariance_matrix: torch.Size([1, 7, 7])
Size of covariance_matrix_prime: torch.Size([1, 7, 7])
cosineSimilarity tensor([[1.0000, 1.0000, 1.0000, 1.0000, 1.0000, 1.0000, 1.0000]],
       grad_fn=<SumBackward1>)
Size of covariance_matrix: torch.Size([1, 7, 7])
Size of covariance_matrix_prime: torch.Size([1, 7, 7])
cosineSimilarity tensor([[1.0000, 1.0000, 1.0000, 1.0000, 1.0000, 1.0000, 1.0000]],
       grad_fn=<SumBackward1>)
Size of covariance_matrix: torch.Size([1, 7, 7])
Size of covariance_matrix_prime: torch.Size([1, 7, 7])
cosineSimilarity tensor([[1.0000, 1.0000, 1.0000, 1.0000, 1.0000, 1.0000, 1.0000]],
       grad_fn=<SumBackward1>)
Size of covariance_matrix: torch.Size([1, 7, 7])
Size of covariance_matrix_prime: torch.Size([1, 7, 7])
cosineSimilarity tensor([[1.0000, 1.0000, 1.0000, 1.0000, 1.0000, 1.0000, 1.0000]],
       grad_fn=<SumBackward1>)
Size of covariance_matrix: torch.Size([1, 7, 7])
Size of covariance_matrix_prime: torch.Size([1, 7, 7])
cosineSimilarity tensor([[1.0000, 1.0000, 1.0000, 1.0000, 1.0000, 1.0000, 1.0000]],
       grad_fn=<SumBackward1>)
Size of covariance_matrix: torch.Size([1, 7, 7])
Size of covariance_matrix_prime: torch.Size([1, 7, 7])
cosineSimilarity tensor([[1.0000, 1.0000, 1.0000, 1.0000, 1.0000, 1.0000, 1.0000]],
       grad_fn=<SumBackward1>)
Size of covariance_matrix: torch.Size([1, 7, 7])
Size of covariance_matrix_prime: torch.Size([1, 7, 7])
cosineSimilarity tensor([[1.0000, 1.0000, 1.0000, 1.0000, 1.0000, 1.0000, 1.0000]],
       grad_fn=<SumBackward1>)
Size of covariance_matrix: torch.Size([1, 7, 7])
Size of covariance_matrix_prime: torch.Size([1, 7, 7])
cosineSimilarity tensor([[1.0000, 1.0000, 1.0000, 1.0000, 1.0000, 1.0000, 1.0000]],
       grad_fn=<SumBackward1>)
Size of covariance_matrix: torch.Size([1, 7, 7])
Size of covariance_matrix_prime: torch.Size([1, 7, 7])
cosineSimilarity tensor([[1.0000, 1.0000, 1.0000, 1.0000, 1.0000, 1.0000, 1.0000]],
       grad_fn=<SumBackward1>)
Size of covariance_matrix: torch.Size([1, 7, 7])
Size of covariance_matrix_prime: torch.Size([1, 7, 7])
cosineSimilarity tensor([[1.0000, 1.0000, 1.0000, 1.0000, 1.0000, 1.0000, 1.0000]],
       grad_fn=<SumBackward1>)
Size of covariance_matrix: torch.Size([1, 7, 7])
Size of covariance_matrix_prime: torch.Size([1, 7, 7])
cosineSimilarity tensor([[1.0000, 1.0000, 1.0000, 1.0000, 1.0000, 1.0000, 1.0000]],
       grad_fn=<SumBackward1>)
Size of covariance_matrix: torch.Size([1, 7, 7])
Size of covariance_matrix_prime: torch.Size([1, 7, 7])
cosineSimilarity tensor([[1.0000, 1.0000, 1.0000, 1.0000, 1.0000, 1.0000, 1.0000]],
       grad_fn=<SumBackward1>)
Size of covariance_matrix: torch.Size([1, 7, 7])
Size of covariance_matrix_prime: torch.Size([1, 7, 7])
cosineSimilarity tensor([[1.0000, 1.0000, 1.0000, 1.0000, 1.0000, 1.0000, 1.0000]],
       grad_fn=<SumBackward1>)
Size of covariance_matrix: torch.Size([1, 7, 7])
Size of covariance_matrix_prime: torch.Size([1, 7, 7])
cosineSimilarity tensor([[1.0000, 1.0000, 1.0000, 1.0000, 1.0000, 1.0000, 1.0000]],
       grad_fn=<SumBackward1>)
Size of covariance_matrix: torch.Size([1, 7, 7])
Size of covariance_matrix_prime: torch.Size([1, 7, 7])
cosineSimilarity tensor([[1.0000, 1.0000, 1.0000, 1.0000, 1.0000, 1.0000, 1.0000]],
       grad_fn=<SumBackward1>)
Size of covariance_matrix: torch.Size([1, 7, 7])
Size of covariance_matrix_prime: torch.Size([1, 7, 7])
cosineSimilarity tensor([[1.0000, 1.0000, 1.0000, 1.0000, 1.0000, 1.0000, 1.0000]],
       grad_fn=<SumBackward1>)
Size of covariance_matrix: torch.Size([1, 7, 7])
Size of covariance_matrix_prime: torch.Size([1, 7, 7])
cosineSimilarity tensor([[1.0000, 1.0000, 1.0000, 1.0000, 1.0000, 1.0000, 1.0000]],
       grad_fn=<SumBackward1>)
Size of covariance_matrix: torch.Size([1, 7, 7])
Size of covariance_matrix_prime: torch.Size([1, 7, 7])
cosineSimilarity tensor([[1.0000, 1.0000, 1.0000, 1.0000, 1.0000, 1.0000, 1.0000]],
       grad_fn=<SumBackward1>)
Size of covariance_matrix: torch.Size([1, 7, 7])
Size of covariance_matrix_prime: torch.Size([1, 7, 7])
cosineSimilarity tensor([[1.0000, 1.0000, 1.0000, 1.0000, 1.0000, 1.0000, 1.0000]],
       grad_fn=<SumBackward1>)
Size of covariance_matrix: torch.Size([1, 7, 7])
Size of covariance_matrix_prime: torch.Size([1, 7, 7])
cosineSimilarity tensor([[1.0000, 1.0000, 1.0000, 1.0000, 1.0000, 1.0000, 1.0000]],
       grad_fn=<SumBackward1>)
Size of covariance_matrix: torch.Size([1, 7, 7])
Size of covariance_matrix_prime: torch.Size([1, 7, 7])
cosineSimilarity tensor([[1.0000, 1.0000, 1.0000, 1.0000, 1.0000, 1.0000, 1.0000]],
       grad_fn=<SumBackward1>)
Size of covariance_matrix: torch.Size([1, 7, 7])
Size of covariance_matrix_prime: torch.Size([1, 7, 7])
cosineSimilarity tensor([[1.0000, 1.0000, 1.0000, 1.0000, 1.0000, 1.0000, 1.0000]],
       grad_fn=<SumBackward1>)
Size of covariance_matrix: torch.Size([1, 7, 7])
Size of covariance_matrix_prime: torch.Size([1, 7, 7])
cosineSimilarity tensor([[1.0000, 1.0000, 1.0000, 1.0000, 1.0000, 1.0000, 1.0000]],
       grad_fn=<SumBackward1>)
Size of covariance_matrix: torch.Size([1, 7, 7])
Size of covariance_matrix_prime: torch.Size([1, 7, 7])
cosineSimilarity tensor([[1.0000, 1.0000, 1.0000, 1.0000, 1.0000, 1.0000, 1.0000]],
       grad_fn=<SumBackward1>)
Size of covariance_matrix: torch.Size([1, 7, 7])
Size of covariance_matrix_prime: torch.Size([1, 7, 7])
cosineSimilarity tensor([[1.0000, 1.0000, 1.0000, 1.0000, 1.0000, 1.0000, 1.0000]],
       grad_fn=<SumBackward1>)
Size of covariance_matrix: torch.Size([1, 7, 7])
Size of covariance_matrix_prime: torch.Size([1, 7, 7])
cosineSimilarity tensor([[1.0000, 1.0000, 1.0000, 1.0000, 1.0000, 1.0000, 1.0000]],
       grad_fn=<SumBackward1>)
Size of covariance_matrix: torch.Size([1, 7, 7])
Size of covariance_matrix_prime: torch.Size([1, 7, 7])
cosineSimilarity tensor([[1.0000, 1.0000, 1.0000, 1.0000, 1.0000, 1.0000, 1.0000]],
       grad_fn=<SumBackward1>)
Size of covariance_matrix: torch.Size([1, 7, 7])
Size of covariance_matrix_prime: torch.Size([1, 7, 7])
cosineSimilarity tensor([[1.0000, 1.0000, 1.0000, 1.0000, 1.0000, 1.0000, 1.0000]],
       grad_fn=<SumBackward1>)
Size of covariance_matrix: torch.Size([1, 7, 7])
Size of covariance_matrix_prime: torch.Size([1, 7, 7])
cosineSimilarity tensor([[1.0000, 1.0000, 1.0000, 1.0000, 1.0000, 1.0000, 1.0000]],
       grad_fn=<SumBackward1>)
Size of covariance_matrix: torch.Size([1, 7, 7])
Size of covariance_matrix_prime: torch.Size([1, 7, 7])
cosineSimilarity tensor([[1.0000, 1.0000, 1.0000, 1.0000, 1.0000, 1.0000, 1.0000]],
       grad_fn=<SumBackward1>)
Size of covariance_matrix: torch.Size([1, 7, 7])
Size of covariance_matrix_prime: torch.Size([1, 7, 7])
cosineSimilarity tensor([[1.0000, 1.0000, 1.0000, 1.0000, 1.0000, 1.0000, 1.0000]],
       grad_fn=<SumBackward1>)
Size of covariance_matrix: torch.Size([1, 7, 7])
Size of covariance_matrix_prime: torch.Size([1, 7, 7])
cosineSimilarity tensor([[1.0000, 1.0000, 1.0000, 1.0000, 1.0000, 1.0000, 1.0000]],
       grad_fn=<SumBackward1>)
Size of covariance_matrix: torch.Size([1, 7, 7])
Size of covariance_matrix_prime: torch.Size([1, 7, 7])
cosineSimilarity tensor([[1.0000, 1.0000, 1.0000, 1.0000, 1.0000, 1.0000, 1.0000]],
       grad_fn=<SumBackward1>)
Size of covariance_matrix: torch.Size([1, 7, 7])
Size of covariance_matrix_prime: torch.Size([1, 7, 7])
cosineSimilarity tensor([[1.0000, 1.0000, 1.0000, 1.0000, 1.0000, 1.0000, 1.0000]],
       grad_fn=<SumBackward1>)
Size of covariance_matrix: torch.Size([1, 7, 7])
Size of covariance_matrix_prime: torch.Size([1, 7, 7])
cosineSimilarity tensor([[1.0000, 1.0000, 1.0000, 1.0000, 1.0000, 1.0000, 1.0000]],
       grad_fn=<SumBackward1>)
Size of covariance_matrix: torch.Size([1, 7, 7])
Size of covariance_matrix_prime: torch.Size([1, 7, 7])
cosineSimilarity tensor([[1.0000, 1.0000, 1.0000, 1.0000, 1.0000, 1.0000, 1.0000]],
       grad_fn=<SumBackward1>)
Size of covariance_matrix: torch.Size([1, 7, 7])
Size of covariance_matrix_prime: torch.Size([1, 7, 7])
cosineSimilarity tensor([[1.0000, 1.0000, 1.0000, 1.0000, 1.0000, 1.0000, 1.0000]],
       grad_fn=<SumBackward1>)
Size of covariance_matrix: torch.Size([1, 7, 7])
Size of covariance_matrix_prime: torch.Size([1, 7, 7])
cosineSimilarity tensor([[1.0000, 1.0000, 1.0000, 1.0000, 1.0000, 1.0000, 1.0000]],
       grad_fn=<SumBackward1>)
Size of covariance_matrix: torch.Size([1, 7, 7])
Size of covariance_matrix_prime: torch.Size([1, 7, 7])
cosineSimilarity tensor([[1.0000, 1.0000, 1.0000, 1.0000, 1.0000, 1.0000, 1.0000]],
       grad_fn=<SumBackward1>)
Size of covariance_matrix: torch.Size([1, 7, 7])
Size of covariance_matrix_prime: torch.Size([1, 7, 7])
cosineSimilarity tensor([[1.0000, 1.0000, 1.0000, 1.0000, 1.0000, 1.0000, 1.0000]],
       grad_fn=<SumBackward1>)
Size of covariance_matrix: torch.Size([1, 7, 7])
Size of covariance_matrix_prime: torch.Size([1, 7, 7])
cosineSimilarity tensor([[1.0000, 1.0000, 1.0000, 1.0000, 1.0000, 1.0000, 1.0000]],
       grad_fn=<SumBackward1>)
Size of covariance_matrix: torch.Size([1, 7, 7])
Size of covariance_matrix_prime: torch.Size([1, 7, 7])
cosineSimilarity tensor([[1.0000, 1.0000, 1.0000, 1.0000, 1.0000, 1.0000, 1.0000]],
       grad_fn=<SumBackward1>)
Size of covariance_matrix: torch.Size([1, 7, 7])
Size of covariance_matrix_prime: torch.Size([1, 7, 7])
cosineSimilarity tensor([[1.0000, 1.0000, 1.0000, 1.0000, 1.0000, 1.0000, 1.0000]],
       grad_fn=<SumBackward1>)
Size of covariance_matrix: torch.Size([1, 7, 7])
Size of covariance_matrix_prime: torch.Size([1, 7, 7])
cosineSimilarity tensor([[1.0000, 1.0000, 1.0000, 1.0000, 1.0000, 1.0000, 1.0000]],
       grad_fn=<SumBackward1>)
Size of covariance_matrix: torch.Size([1, 7, 7])
Size of covariance_matrix_prime: torch.Size([1, 7, 7])
cosineSimilarity tensor([[1.0000, 1.0000, 1.0000, 1.0000, 1.0000, 1.0000, 1.0000]],
       grad_fn=<SumBackward1>)
Size of covariance_matrix: torch.Size([1, 7, 7])
Size of covariance_matrix_prime: torch.Size([1, 7, 7])
cosineSimilarity tensor([[1.0000, 1.0000, 1.0000, 1.0000, 1.0000, 1.0000, 1.0000]],
       grad_fn=<SumBackward1>)
Size of covariance_matrix: torch.Size([1, 7, 7])
Size of covariance_matrix_prime: torch.Size([1, 7, 7])
cosineSimilarity tensor([[1.0000, 1.0000, 1.0000, 1.0000, 1.0000, 1.0000, 1.0000]],
       grad_fn=<SumBackward1>)
Size of covariance_matrix: torch.Size([1, 7, 7])
Size of covariance_matrix_prime: torch.Size([1, 7, 7])
cosineSimilarity tensor([[1.0000, 1.0000, 1.0000, 1.0000, 1.0000, 1.0000, 1.0000]],
       grad_fn=<SumBackward1>)
Size of covariance_matrix: torch.Size([1, 7, 7])
Size of covariance_matrix_prime: torch.Size([1, 7, 7])
cosineSimilarity tensor([[1.0000, 1.0000, 1.0000, 1.0000, 1.0000, 1.0000, 1.0000]],
       grad_fn=<SumBackward1>)
Size of covariance_matrix: torch.Size([1, 7, 7])
Size of covariance_matrix_prime: torch.Size([1, 7, 7])
cosineSimilarity tensor([[1.0000, 1.0000, 1.0000, 1.0000, 1.0000, 1.0000, 1.0000]],
       grad_fn=<SumBackward1>)
Size of covariance_matrix: torch.Size([1, 7, 7])
Size of covariance_matrix_prime: torch.Size([1, 7, 7])
cosineSimilarity tensor([[1.0000, 1.0000, 1.0000, 1.0000, 1.0000, 1.0000, 1.0000]],
       grad_fn=<SumBackward1>)
Size of covariance_matrix: torch.Size([1, 7, 7])
Size of covariance_matrix_prime: torch.Size([1, 7, 7])
cosineSimilarity tensor([[1.0000, 1.0000, 1.0000, 1.0000, 1.0000, 1.0000, 1.0000]],
       grad_fn=<SumBackward1>)
Size of covariance_matrix: torch.Size([1, 7, 7])
Size of covariance_matrix_prime: torch.Size([1, 7, 7])
cosineSimilarity tensor([[1.0000, 1.0000, 1.0000, 1.0000, 1.0000, 1.0000, 1.0000]],
       grad_fn=<SumBackward1>)
Size of covariance_matrix: torch.Size([1, 7, 7])
Size of covariance_matrix_prime: torch.Size([1, 7, 7])
cosineSimilarity tensor([[1.0000, 1.0000, 1.0000, 1.0000, 1.0000, 1.0000, 1.0000]],
       grad_fn=<SumBackward1>)
Size of covariance_matrix: torch.Size([1, 7, 7])
Size of covariance_matrix_prime: torch.Size([1, 7, 7])
cosineSimilarity tensor([[1.0000, 1.0000, 1.0000, 1.0000, 1.0000, 1.0000, 1.0000]],
       grad_fn=<SumBackward1>)
Size of covariance_matrix: torch.Size([1, 7, 7])
Size of covariance_matrix_prime: torch.Size([1, 7, 7])
cosineSimilarity tensor([[1.0000, 1.0000, 1.0000, 1.0000, 1.0000, 1.0000, 1.0000]],
       grad_fn=<SumBackward1>)
Size of covariance_matrix: torch.Size([1, 7, 7])
Size of covariance_matrix_prime: torch.Size([1, 7, 7])
cosineSimilarity tensor([[1.0000, 1.0000, 1.0000, 1.0000, 1.0000, 1.0000, 1.0000]],
       grad_fn=<SumBackward1>)
Size of covariance_matrix: torch.Size([1, 7, 7])
Size of covariance_matrix_prime: torch.Size([1, 7, 7])
cosineSimilarity tensor([[1.0000, 1.0000, 1.0000, 1.0000, 1.0000, 1.0000, 1.0000]],
       grad_fn=<SumBackward1>)
Size of covariance_matrix: torch.Size([1, 7, 7])
Size of covariance_matrix_prime: torch.Size([1, 7, 7])
cosineSimilarity tensor([[1.0000, 1.0000, 1.0000, 1.0000, 1.0000, 1.0000, 1.0000]],
       grad_fn=<SumBackward1>)
Size of covariance_matrix: torch.Size([1, 7, 7])
Size of covariance_matrix_prime: torch.Size([1, 7, 7])
cosineSimilarity tensor([[1.0000, 1.0000, 1.0000, 1.0000, 1.0000, 1.0000, 1.0000]],
       grad_fn=<SumBackward1>)
Size of covariance_matrix: torch.Size([1, 7, 7])
Size of covariance_matrix_prime: torch.Size([1, 7, 7])
cosineSimilarity tensor([[1.0000, 1.0000, 1.0000, 1.0000, 1.0000, 1.0000, 1.0000]],
       grad_fn=<SumBackward1>)
Size of covariance_matrix: torch.Size([1, 7, 7])
Size of covariance_matrix_prime: torch.Size([1, 7, 7])
cosineSimilarity tensor([[1.0000, 1.0000, 1.0000, 1.0000, 1.0000, 1.0000, 1.0000]],
       grad_fn=<SumBackward1>)
Size of covariance_matrix: torch.Size([1, 7, 7])
Size of covariance_matrix_prime: torch.Size([1, 7, 7])
cosineSimilarity tensor([[1.0000, 1.0000, 1.0000, 1.0000, 1.0000, 1.0000, 1.0000]],
       grad_fn=<SumBackward1>)
Size of covariance_matrix: torch.Size([1, 7, 7])
Size of covariance_matrix_prime: torch.Size([1, 7, 7])
cosineSimilarity tensor([[1.0000, 1.0000, 1.0000, 1.0000, 1.0000, 1.0000, 1.0000]],
       grad_fn=<SumBackward1>)
Size of covariance_matrix: torch.Size([1, 7, 7])
Size of covariance_matrix_prime: torch.Size([1, 7, 7])
cosineSimilarity tensor([[1.0000, 1.0000, 1.0000, 1.0000, 1.0000, 1.0000, 1.0000]],
       grad_fn=<SumBackward1>)
Size of covariance_matrix: torch.Size([1, 7, 7])
Size of covariance_matrix_prime: torch.Size([1, 7, 7])
cosineSimilarity tensor([[1.0000, 1.0000, 1.0000, 1.0000, 1.0000, 1.0000, 1.0000]],
       grad_fn=<SumBackward1>)
Size of covariance_matrix: torch.Size([1, 7, 7])
Size of covariance_matrix_prime: torch.Size([1, 7, 7])
cosineSimilarity tensor([[1.0000, 1.0000, 1.0000, 1.0000, 1.0000, 1.0000, 1.0000]],
       grad_fn=<SumBackward1>)
Size of covariance_matrix: torch.Size([1, 7, 7])
Size of covariance_matrix_prime: torch.Size([1, 7, 7])
cosineSimilarity tensor([[1.0000, 1.0000, 1.0000, 1.0000, 1.0000, 1.0000, 1.0000]],
       grad_fn=<SumBackward1>)
Size of covariance_matrix: torch.Size([1, 7, 7])
Size of covariance_matrix_prime: torch.Size([1, 7, 7])
cosineSimilarity tensor([[1.0000, 1.0000, 1.0000, 1.0000, 1.0000, 1.0000, 1.0000]],
       grad_fn=<SumBackward1>)
Size of covariance_matrix: torch.Size([1, 7, 7])
Size of covariance_matrix_prime: torch.Size([1, 7, 7])
cosineSimilarity tensor([[1.0000, 1.0000, 1.0000, 1.0000, 1.0000, 1.0000, 1.0000]],
       grad_fn=<SumBackward1>)
Size of covariance_matrix: torch.Size([1, 7, 7])
Size of covariance_matrix_prime: torch.Size([1, 7, 7])
cosineSimilarity tensor([[1.0000, 1.0000, 1.0000, 1.0000, 1.0000, 1.0000, 1.0000]],
       grad_fn=<SumBackward1>)
Size of covariance_matrix: torch.Size([1, 7, 7])
Size of covariance_matrix_prime: torch.Size([1, 7, 7])
cosineSimilarity tensor([[1.0000, 1.0000, 1.0000, 1.0000, 1.0000, 1.0000, 1.0000]],
       grad_fn=<SumBackward1>)
Size of covariance_matrix: torch.Size([1, 7, 7])
Size of covariance_matrix_prime: torch.Size([1, 7, 7])
cosineSimilarity tensor([[1.0000, 1.0000, 1.0000, 1.0000, 1.0000, 1.0000, 1.0000]],
       grad_fn=<SumBackward1>)
Size of covariance_matrix: torch.Size([1, 7, 7])
Size of covariance_matrix_prime: torch.Size([1, 7, 7])
cosineSimilarity tensor([[1.0000, 1.0000, 1.0000, 1.0000, 1.0000, 1.0000, 1.0000]],
       grad_fn=<SumBackward1>)
Size of covariance_matrix: torch.Size([1, 7, 7])
Size of covariance_matrix_prime: torch.Size([1, 7, 7])
cosineSimilarity tensor([[1.0000, 1.0000, 1.0000, 1.0000, 1.0000, 1.0000, 1.0000]],
       grad_fn=<SumBackward1>)
Size of covariance_matrix: torch.Size([1, 7, 7])
Size of covariance_matrix_prime: torch.Size([1, 7, 7])
cosineSimilarity tensor([[1.0000, 1.0000, 1.0000, 1.0000, 1.0000, 1.0000, 1.0000]],
       grad_fn=<SumBackward1>)
Size of covariance_matrix: torch.Size([1, 7, 7])
Size of covariance_matrix_prime: torch.Size([1, 7, 7])
cosineSimilarity tensor([[nan, nan, nan, nan, nan, nan, nan]], grad_fn=<SumBackward1>)
Size of covariance_matrix: torch.Size([1, 7, 7])
Size of covariance_matrix_prime: torch.Size([1, 7, 7])
cosineSimilarity tensor([[1.0000, 1.0000, 1.0000, 1.0000, 1.0000, 1.0000, 1.0000]],
       grad_fn=<SumBackward1>)
Size of covariance_matrix: torch.Size([1, 7, 7])
Size of covariance_matrix_prime: torch.Size([1, 7, 7])
cosineSimilarity tensor([[1.0000, 1.0000, 1.0000, 1.0000, 1.0000, 1.0000, 1.0000]],
       grad_fn=<SumBackward1>)
Size of covariance_matrix: torch.Size([1, 7, 7])
Size of covariance_matrix_prime: torch.Size([1, 7, 7])
cosineSimilarity tensor([[1.0000, 1.0000, 1.0000, 1.0000, 1.0000, 1.0000, 1.0000]],
       grad_fn=<SumBackward1>)
Size of covariance_matrix: torch.Size([1, 7, 7])
Size of covariance_matrix_prime: torch.Size([1, 7, 7])
cosineSimilarity tensor([[1.0000, 1.0000, 1.0000, 1.0000, 1.0000, 1.0000, 1.0000]],
       grad_fn=<SumBackward1>)
Size of covariance_matrix: torch.Size([1, 7, 7])
Size of covariance_matrix_prime: torch.Size([1, 7, 7])
cosineSimilarity tensor([[1.0000, 1.0000, 1.0000, 1.0000, 1.0000, 1.0000, 1.0000]],
       grad_fn=<SumBackward1>)
Size of covariance_matrix: torch.Size([1, 7, 7])
Size of covariance_matrix_prime: torch.Size([1, 7, 7])
cosineSimilarity tensor([[1.0000, 1.0000, 1.0000, 1.0000, 1.0000, 1.0000, 1.0000]],
       grad_fn=<SumBackward1>)
Size of covariance_matrix: torch.Size([1, 7, 7])
Size of covariance_matrix_prime: torch.Size([1, 7, 7])
cosineSimilarity tensor([[1.0000, 1.0000, 1.0000, 1.0000, 1.0000, 1.0000, 1.0000]],
       grad_fn=<SumBackward1>)
Size of covariance_matrix: torch.Size([1, 7, 7])
Size of covariance_matrix_prime: torch.Size([1, 7, 7])
cosineSimilarity tensor([[1.0000, 1.0000, 1.0000, 1.0000, 1.0000, 1.0000, 1.0000]],
       grad_fn=<SumBackward1>)
Size of covariance_matrix: torch.Size([1, 7, 7])
Size of covariance_matrix_prime: torch.Size([1, 7, 7])
cosineSimilarity tensor([[1.0000, 1.0000, 1.0000, 1.0000, 1.0000, 1.0000, 1.0000]],
       grad_fn=<SumBackward1>)
Size of covariance_matrix: torch.Size([1, 7, 7])
Size of covariance_matrix_prime: torch.Size([1, 7, 7])
cosineSimilarity tensor([[1.0000, 1.0000, 1.0000, 1.0000, 1.0000, 1.0000, 1.0000]],
       grad_fn=<SumBackward1>)
Size of covariance_matrix: torch.Size([1, 7, 7])
Size of covariance_matrix_prime: torch.Size([1, 7, 7])
cosineSimilarity tensor([[1.0000, 1.0000, 1.0000, 1.0000, 1.0000, 1.0000, 1.0000]],
       grad_fn=<SumBackward1>)
Size of covariance_matrix: torch.Size([1, 7, 7])
Size of covariance_matrix_prime: torch.Size([1, 7, 7])
cosineSimilarity tensor([[1.0000, 1.0000, 1.0000, 1.0000, 1.0000, 1.0000, 1.0000]],
       grad_fn=<SumBackward1>)
Size of covariance_matrix: torch.Size([1, 7, 7])
Size of covariance_matrix_prime: torch.Size([1, 7, 7])
cosineSimilarity tensor([[nan, nan, nan, nan, nan, nan, nan]], grad_fn=<SumBackward1>)
Size of covariance_matrix: torch.Size([1, 7, 7])
Size of covariance_matrix_prime: torch.Size([1, 7, 7])
cosineSimilarity tensor([[1.0000, 1.0000, 1.0000, 1.0000, 1.0000, 1.0000, 1.0000]],
       grad_fn=<SumBackward1>)
Size of covariance_matrix: torch.Size([1, 7, 7])
Size of covariance_matrix_prime: torch.Size([1, 7, 7])
cosineSimilarity tensor([[1.0000, 1.0000, 1.0000, 1.0000, 1.0000, 1.0000, 1.0000]],
       grad_fn=<SumBackward1>)
Size of covariance_matrix: torch.Size([1, 7, 7])
Size of covariance_matrix_prime: torch.Size([1, 7, 7])
cosineSimilarity tensor([[1.0000, 1.0000, 1.0000, 1.0000, 1.0000, 1.0000, 1.0000]],
       grad_fn=<SumBackward1>)
Size of covariance_matrix: torch.Size([1, 7, 7])
Size of covariance_matrix_prime: torch.Size([1, 7, 7])
cosineSimilarity tensor([[1.0000, 1.0000, 1.0000, 1.0000, 1.0000, 1.0000, 1.0000]],
       grad_fn=<SumBackward1>)
Size of covariance_matrix: torch.Size([1, 7, 7])
Size of covariance_matrix_prime: torch.Size([1, 7, 7])
cosineSimilarity tensor([[1.0000, 1.0000, 1.0000, 1.0000, 1.0000, 1.0000, 1.0000]],
       grad_fn=<SumBackward1>)
Size of covariance_matrix: torch.Size([1, 7, 7])
Size of covariance_matrix_prime: torch.Size([1, 7, 7])
cosineSimilarity tensor([[1.0000, 1.0000, 1.0000, 1.0000, 1.0000, 1.0000, 1.0000]],
       grad_fn=<SumBackward1>)
Size of covariance_matrix: torch.Size([1, 7, 7])
Size of covariance_matrix_prime: torch.Size([1, 7, 7])
cosineSimilarity tensor([[1.0000, 1.0000, 1.0000, 1.0000, 1.0000, 1.0000, 1.0000]],
       grad_fn=<SumBackward1>)
Size of covariance_matrix: torch.Size([1, 7, 7])
Size of covariance_matrix_prime: torch.Size([1, 7, 7])
cosineSimilarity tensor([[1.0000, 1.0000, 1.0000, 1.0000, 1.0000, 1.0000, 1.0000]],
       grad_fn=<SumBackward1>)
Size of covariance_matrix: torch.Size([1, 7, 7])
Size of covariance_matrix_prime: torch.Size([1, 7, 7])
cosineSimilarity tensor([[1.0000, 1.0000, 1.0000, 1.0000, 1.0000, 1.0000, 1.0000]],
       grad_fn=<SumBackward1>)
Size of covariance_matrix: torch.Size([1, 7, 7])
Size of covariance_matrix_prime: torch.Size([1, 7, 7])
cosineSimilarity tensor([[1.0000, 1.0000, 1.0000, 1.0000, 1.0000, 1.0000, 1.0000]],
       grad_fn=<SumBackward1>)
Size of covariance_matrix: torch.Size([1, 7, 7])
Size of covariance_matrix_prime: torch.Size([1, 7, 7])
cosineSimilarity tensor([[1.0000, 1.0000, 1.0000, 1.0000, 1.0000, 1.0000, 1.0000]],
       grad_fn=<SumBackward1>)
Size of covariance_matrix: torch.Size([1, 7, 7])
Size of covariance_matrix_prime: torch.Size([1, 7, 7])
cosineSimilarity tensor([[1.0000, 1.0000, 1.0000, 1.0000, 1.0000, 1.0000, 1.0000]],
       grad_fn=<SumBackward1>)
Size of covariance_matrix: torch.Size([1, 7, 7])
Size of covariance_matrix_prime: torch.Size([1, 7, 7])
cosineSimilarity tensor([[1.0000, 1.0000, 1.0000, 1.0000, 1.0000, 1.0000, 1.0000]],
       grad_fn=<SumBackward1>)
Size of covariance_matrix: torch.Size([1, 7, 7])
Size of covariance_matrix_prime: torch.Size([1, 7, 7])
cosineSimilarity tensor([[1.0000, 1.0000, 1.0000, 1.0000, 1.0000, 1.0000, 1.0000]],
       grad_fn=<SumBackward1>)
Size of covariance_matrix: torch.Size([1, 7, 7])
Size of covariance_matrix_prime: torch.Size([1, 7, 7])
cosineSimilarity tensor([[1.0000, 1.0000, 1.0000, 1.0000, 1.0000, 1.0000, 1.0000]],
       grad_fn=<SumBackward1>)
Size of covariance_matrix: torch.Size([1, 7, 7])
Size of covariance_matrix_prime: torch.Size([1, 7, 7])
cosineSimilarity tensor([[1.0000, 1.0000, 1.0000, 1.0000, 1.0000, 1.0000, 1.0000]],
       grad_fn=<SumBackward1>)
Size of covariance_matrix: torch.Size([1, 7, 7])
Size of covariance_matrix_prime: torch.Size([1, 7, 7])
cosineSimilarity tensor([[1.0000, 1.0000, 1.0000, 1.0000, 1.0000, 1.0000, 1.0000]],
       grad_fn=<SumBackward1>)
Size of covariance_matrix: torch.Size([1, 7, 7])
Size of covariance_matrix_prime: torch.Size([1, 7, 7])
cosineSimilarity tensor([[1.0000, 1.0000, 1.0000, 1.0000, 1.0000, 1.0000, 1.0000]],
       grad_fn=<SumBackward1>)
Size of covariance_matrix: torch.Size([1, 7, 7])
Size of covariance_matrix_prime: torch.Size([1, 7, 7])
cosineSimilarity tensor([[1.0000, 1.0000, 1.0000, 1.0000, 1.0000, 1.0000, 1.0000]],
       grad_fn=<SumBackward1>)
Size of covariance_matrix: torch.Size([1, 7, 7])
Size of covariance_matrix_prime: torch.Size([1, 7, 7])
cosineSimilarity tensor([[1.0000, 1.0000, 1.0000, 1.0000, 1.0000, 1.0000, 1.0000]],
       grad_fn=<SumBackward1>)
Size of covariance_matrix: torch.Size([1, 7, 7])
Size of covariance_matrix_prime: torch.Size([1, 7, 7])
cosineSimilarity tensor([[1.0000, 1.0000, 1.0000, 1.0000, 1.0000, 1.0000, 1.0000]],
       grad_fn=<SumBackward1>)
Size of covariance_matrix: torch.Size([1, 7, 7])
Size of covariance_matrix_prime: torch.Size([1, 7, 7])
cosineSimilarity tensor([[1.0000, 1.0000, 1.0000, 1.0000, 1.0000, 1.0000, 1.0000]],
       grad_fn=<SumBackward1>)
Size of covariance_matrix: torch.Size([1, 7, 7])
Size of covariance_matrix_prime: torch.Size([1, 7, 7])
cosineSimilarity tensor([[1.0000, 1.0000, 1.0000, 1.0000, 1.0000, 1.0000, 1.0000]],
       grad_fn=<SumBackward1>)
Size of covariance_matrix: torch.Size([1, 7, 7])
Size of covariance_matrix_prime: torch.Size([1, 7, 7])
cosineSimilarity tensor([[1.0000, 1.0000, 1.0000, 1.0000, 1.0000, 1.0000, 1.0000]],
       grad_fn=<SumBackward1>)
Size of covariance_matrix: torch.Size([1, 7, 7])
Size of covariance_matrix_prime: torch.Size([1, 7, 7])
cosineSimilarity tensor([[1.0000, 1.0000, 1.0000, 1.0000, 1.0000, 1.0000, 1.0000]],
       grad_fn=<SumBackward1>)
Size of covariance_matrix: torch.Size([1, 7, 7])
Size of covariance_matrix_prime: torch.Size([1, 7, 7])
cosineSimilarity tensor([[1.0000, 1.0000, 1.0000, 1.0000, 1.0000, 1.0000, 1.0000]],
       grad_fn=<SumBackward1>)
Size of covariance_matrix: torch.Size([1, 7, 7])
Size of covariance_matrix_prime: torch.Size([1, 7, 7])
cosineSimilarity tensor([[1.0000, 1.0000, 1.0000, 1.0000, 1.0000, 1.0000, 1.0000]],
       grad_fn=<SumBackward1>)
Size of covariance_matrix: torch.Size([1, 7, 7])
Size of covariance_matrix_prime: torch.Size([1, 7, 7])
cosineSimilarity tensor([[1.0000, 1.0000, 1.0000, 1.0000, 1.0000, 1.0000, 1.0000]],
       grad_fn=<SumBackward1>)
Size of covariance_matrix: torch.Size([1, 7, 7])
Size of covariance_matrix_prime: torch.Size([1, 7, 7])
cosineSimilarity tensor([[1.0000, 1.0000, 1.0000, 1.0000, 1.0000, 1.0000, 1.0000]],
       grad_fn=<SumBackward1>)
Size of covariance_matrix: torch.Size([1, 7, 7])
Size of covariance_matrix_prime: torch.Size([1, 7, 7])
cosineSimilarity tensor([[1.0000, 1.0000, 1.0000, 1.0000, 1.0000, 1.0000, 1.0000]],
       grad_fn=<SumBackward1>)
Size of covariance_matrix: torch.Size([1, 7, 7])
Size of covariance_matrix_prime: torch.Size([1, 7, 7])
cosineSimilarity tensor([[1.0000, 1.0000, 1.0000, 1.0000, 1.0000, 1.0000, 1.0000]],
       grad_fn=<SumBackward1>)
Size of covariance_matrix: torch.Size([1, 7, 7])
Size of covariance_matrix_prime: torch.Size([1, 7, 7])
cosineSimilarity tensor([[1.0000, 1.0000, 1.0000, 1.0000, 1.0000, 1.0000, 1.0000]],
       grad_fn=<SumBackward1>)
Size of covariance_matrix: torch.Size([1, 7, 7])
Size of covariance_matrix_prime: torch.Size([1, 7, 7])
cosineSimilarity tensor([[1.0000, 1.0000, 1.0000, 1.0000, 1.0000, 1.0000, 1.0000]],
       grad_fn=<SumBackward1>)
Size of covariance_matrix: torch.Size([1, 7, 7])
Size of covariance_matrix_prime: torch.Size([1, 7, 7])
cosineSimilarity tensor([[1.0000, 1.0000, 1.0000, 1.0000, 1.0000, 1.0000, 1.0000]],
       grad_fn=<SumBackward1>)
Size of covariance_matrix: torch.Size([1, 7, 7])
Size of covariance_matrix_prime: torch.Size([1, 7, 7])
cosineSimilarity tensor([[1.0000, 1.0000, 1.0000, 1.0000, 1.0000, 1.0000, 1.0000]],
       grad_fn=<SumBackward1>)
Size of covariance_matrix: torch.Size([1, 7, 7])
Size of covariance_matrix_prime: torch.Size([1, 7, 7])
cosineSimilarity tensor([[1.0000, 1.0000, 1.0000, 1.0000, 1.0000, 1.0000, 1.0000]],
       grad_fn=<SumBackward1>)
Size of covariance_matrix: torch.Size([1, 7, 7])
Size of covariance_matrix_prime: torch.Size([1, 7, 7])
cosineSimilarity tensor([[1.0000, 1.0000, 1.0000, 1.0000, 1.0000, 1.0000, 1.0000]],
       grad_fn=<SumBackward1>)
Size of covariance_matrix: torch.Size([1, 7, 7])
Size of covariance_matrix_prime: torch.Size([1, 7, 7])
cosineSimilarity tensor([[1.0000, 1.0000, 1.0000, 1.0000, 1.0000, 1.0000, 1.0000]],
       grad_fn=<SumBackward1>)
Size of covariance_matrix: torch.Size([1, 7, 7])
Size of covariance_matrix_prime: torch.Size([1, 7, 7])
cosineSimilarity tensor([[1.0000, 1.0000, 1.0000, 1.0000, 1.0000, 1.0000, 1.0000]],
       grad_fn=<SumBackward1>)
Size of covariance_matrix: torch.Size([1, 7, 7])
Size of covariance_matrix_prime: torch.Size([1, 7, 7])
cosineSimilarity tensor([[1.0000, 1.0000, 1.0000, 1.0000, 1.0000, 1.0000, 1.0000]],
       grad_fn=<SumBackward1>)
Size of covariance_matrix: torch.Size([1, 7, 7])
Size of covariance_matrix_prime: torch.Size([1, 7, 7])
cosineSimilarity tensor([[1.0000, 1.0000, 1.0000, 1.0000, 1.0000, 1.0000, 1.0000]],
       grad_fn=<SumBackward1>)
Size of covariance_matrix: torch.Size([1, 7, 7])
Size of covariance_matrix_prime: torch.Size([1, 7, 7])
cosineSimilarity tensor([[1.0000, 1.0000, 1.0000, 1.0000, 1.0000, 1.0000, 1.0000]],
       grad_fn=<SumBackward1>)
Size of covariance_matrix: torch.Size([1, 7, 7])
Size of covariance_matrix_prime: torch.Size([1, 7, 7])
cosineSimilarity tensor([[1.0000, 1.0000, 1.0000, 1.0000, 1.0000, 1.0000, 1.0000]],
       grad_fn=<SumBackward1>)
Size of covariance_matrix: torch.Size([1, 7, 7])
Size of covariance_matrix_prime: torch.Size([1, 7, 7])
cosineSimilarity tensor([[1.0000, 1.0000, 1.0000, 1.0000, 1.0000, 1.0000, 1.0000]],
       grad_fn=<SumBackward1>)
Size of covariance_matrix: torch.Size([1, 7, 7])
Size of covariance_matrix_prime: torch.Size([1, 7, 7])
cosineSimilarity tensor([[1.0000, 1.0000, 1.0000, 1.0000, 1.0000, 1.0000, 1.0000]],
       grad_fn=<SumBackward1>)
Size of covariance_matrix: torch.Size([1, 7, 7])
Size of covariance_matrix_prime: torch.Size([1, 7, 7])
cosineSimilarity tensor([[1.0000, 1.0000, 1.0000, 1.0000, 1.0000, 1.0000, 1.0000]],
       grad_fn=<SumBackward1>)
Size of covariance_matrix: torch.Size([1, 7, 7])
Size of covariance_matrix_prime: torch.Size([1, 7, 7])
cosineSimilarity tensor([[1.0000, 1.0000, 1.0000, 1.0000, 1.0000, 1.0000, 1.0000]],
       grad_fn=<SumBackward1>)
Size of covariance_matrix: torch.Size([1, 7, 7])
Size of covariance_matrix_prime: torch.Size([1, 7, 7])
cosineSimilarity tensor([[1.0000, 1.0000, 1.0000, 1.0000, 1.0000, 1.0000, 1.0000]],
       grad_fn=<SumBackward1>)
Size of covariance_matrix: torch.Size([1, 7, 7])
Size of covariance_matrix_prime: torch.Size([1, 7, 7])
cosineSimilarity tensor([[1.0000, 1.0000, 1.0000, 1.0000, 1.0000, 1.0000, 1.0000]],
       grad_fn=<SumBackward1>)
Size of covariance_matrix: torch.Size([1, 7, 7])
Size of covariance_matrix_prime: torch.Size([1, 7, 7])
cosineSimilarity tensor([[1.0000, 1.0000, 1.0000, 1.0000, 1.0000, 1.0000, 1.0000]],
       grad_fn=<SumBackward1>)
Size of covariance_matrix: torch.Size([1, 7, 7])
Size of covariance_matrix_prime: torch.Size([1, 7, 7])
cosineSimilarity tensor([[1.0000, 1.0000, 1.0000, 1.0000, 1.0000, 1.0000, 1.0000]],
       grad_fn=<SumBackward1>)
Size of covariance_matrix: torch.Size([1, 7, 7])
Size of covariance_matrix_prime: torch.Size([1, 7, 7])
cosineSimilarity tensor([[1.0000, 1.0000, 1.0000, 1.0000, 1.0000, 1.0000, 1.0000]],
       grad_fn=<SumBackward1>)
Size of covariance_matrix: torch.Size([1, 7, 7])
Size of covariance_matrix_prime: torch.Size([1, 7, 7])
cosineSimilarity tensor([[1.0000, 1.0000, 1.0000, 1.0000, 1.0000, 1.0000, 1.0000]],
       grad_fn=<SumBackward1>)
Size of covariance_matrix: torch.Size([1, 7, 7])
Size of covariance_matrix_prime: torch.Size([1, 7, 7])
cosineSimilarity tensor([[1.0000, 1.0000, 1.0000, 1.0000, 1.0000, 1.0000, 1.0000]],
       grad_fn=<SumBackward1>)
Size of covariance_matrix: torch.Size([1, 7, 7])
Size of covariance_matrix_prime: torch.Size([1, 7, 7])
cosineSimilarity tensor([[1.0000, 1.0000, 1.0000, 1.0000, 1.0000, 1.0000, 1.0000]],
       grad_fn=<SumBackward1>)
Size of covariance_matrix: torch.Size([1, 7, 7])
Size of covariance_matrix_prime: torch.Size([1, 7, 7])
cosineSimilarity tensor([[1.0000, 1.0000, 1.0000, 1.0000, 1.0000, 1.0000, 1.0000]],
       grad_fn=<SumBackward1>)
Size of covariance_matrix: torch.Size([1, 7, 7])
Size of covariance_matrix_prime: torch.Size([1, 7, 7])
cosineSimilarity tensor([[1.0000, 1.0000, 1.0000, 1.0000, 1.0000, 1.0000, 1.0000]],
       grad_fn=<SumBackward1>)
Size of covariance_matrix: torch.Size([1, 7, 7])
Size of covariance_matrix_prime: torch.Size([1, 7, 7])
cosineSimilarity tensor([[1.0000, 1.0000, 1.0000, 1.0000, 1.0000, 1.0000, 1.0000]],
       grad_fn=<SumBackward1>)
Size of covariance_matrix: torch.Size([1, 7, 7])
Size of covariance_matrix_prime: torch.Size([1, 7, 7])
cosineSimilarity tensor([[1.0000, 1.0000, 1.0000, 1.0000, 1.0000, 1.0000, 1.0000]],
       grad_fn=<SumBackward1>)
Size of covariance_matrix: torch.Size([1, 7, 7])
Size of covariance_matrix_prime: torch.Size([1, 7, 7])
cosineSimilarity tensor([[1.0000, 1.0000, 1.0000, 1.0000, 1.0000, 1.0000, 1.0000]],
       grad_fn=<SumBackward1>)
Size of covariance_matrix: torch.Size([1, 7, 7])
Size of covariance_matrix_prime: torch.Size([1, 7, 7])
cosineSimilarity tensor([[1.0000, 1.0000, 1.0000, 1.0000, 1.0000, 1.0000, 1.0000]],
       grad_fn=<SumBackward1>)
Size of covariance_matrix: torch.Size([1, 7, 7])
Size of covariance_matrix_prime: torch.Size([1, 7, 7])
cosineSimilarity tensor([[1.0000, 1.0000, 1.0000, 1.0000, 1.0000, 1.0000, 1.0000]],
       grad_fn=<SumBackward1>)
Size of covariance_matrix: torch.Size([1, 7, 7])
Size of covariance_matrix_prime: torch.Size([1, 7, 7])
cosineSimilarity tensor([[1.0000, 1.0000, 1.0000, 1.0000, 1.0000, 1.0000, 1.0000]],
       grad_fn=<SumBackward1>)
Size of covariance_matrix: torch.Size([1, 7, 7])
Size of covariance_matrix_prime: torch.Size([1, 7, 7])
cosineSimilarity tensor([[1.0000, 1.0000, 1.0000, 1.0000, 1.0000, 1.0000, 1.0000]],
       grad_fn=<SumBackward1>)
Size of covariance_matrix: torch.Size([1, 7, 7])
Size of covariance_matrix_prime: torch.Size([1, 7, 7])
cosineSimilarity tensor([[1.0000, 1.0000, 1.0000, 1.0000, 1.0000, 1.0000, 1.0000]],
       grad_fn=<SumBackward1>)
Size of covariance_matrix: torch.Size([1, 7, 7])
Size of covariance_matrix_prime: torch.Size([1, 7, 7])
cosineSimilarity tensor([[1.0000, 1.0000, 1.0000, 1.0000, 1.0000, 1.0000, 1.0000]],
       grad_fn=<SumBackward1>)
Size of covariance_matrix: torch.Size([1, 7, 7])
Size of covariance_matrix_prime: torch.Size([1, 7, 7])
cosineSimilarity tensor([[1.0000, 1.0000, 1.0000, 1.0000, 1.0000, 1.0000, 1.0000]],
       grad_fn=<SumBackward1>)
Size of covariance_matrix: torch.Size([1, 7, 7])
Size of covariance_matrix_prime: torch.Size([1, 7, 7])
cosineSimilarity tensor([[1.0000, 1.0000, 1.0000, 1.0000, 1.0000, 1.0000, 1.0000]],
       grad_fn=<SumBackward1>)
Size of covariance_matrix: torch.Size([1, 7, 7])
Size of covariance_matrix_prime: torch.Size([1, 7, 7])
cosineSimilarity tensor([[1.0000, 1.0000, 1.0000, 1.0000, 1.0000, 1.0000, 1.0000]],
       grad_fn=<SumBackward1>)
Size of covariance_matrix: torch.Size([1, 7, 7])
Size of covariance_matrix_prime: torch.Size([1, 7, 7])
cosineSimilarity tensor([[1.0000, 1.0000, 1.0000, 1.0000, 1.0000, 1.0000, 1.0000]],
       grad_fn=<SumBackward1>)
Size of covariance_matrix: torch.Size([1, 7, 7])
Size of covariance_matrix_prime: torch.Size([1, 7, 7])
cosineSimilarity tensor([[1.0000, 1.0000, 1.0000, 1.0000, 1.0000, 1.0000, 1.0000]],
       grad_fn=<SumBackward1>)
Size of covariance_matrix: torch.Size([1, 7, 7])
Size of covariance_matrix_prime: torch.Size([1, 7, 7])
cosineSimilarity tensor([[1.0000, 1.0000, 1.0000, 1.0000, 1.0000, 1.0000, 1.0000]],
       grad_fn=<SumBackward1>)
Size of covariance_matrix: torch.Size([1, 7, 7])
Size of covariance_matrix_prime: torch.Size([1, 7, 7])
cosineSimilarity tensor([[1.0000, 1.0000, 1.0000, 1.0000, 1.0000, 1.0000, 1.0000]],
       grad_fn=<SumBackward1>)
Size of covariance_matrix: torch.Size([1, 7, 7])
Size of covariance_matrix_prime: torch.Size([1, 7, 7])
cosineSimilarity tensor([[1.0000, 1.0000, 1.0000, 1.0000, 1.0000, 1.0000, 1.0000]],
       grad_fn=<SumBackward1>)
Size of covariance_matrix: torch.Size([1, 7, 7])
Size of covariance_matrix_prime: torch.Size([1, 7, 7])
cosineSimilarity tensor([[1.0000, 1.0000, 1.0000, 1.0000, 1.0000, 1.0000, 1.0000]],
       grad_fn=<SumBackward1>)
Size of covariance_matrix: torch.Size([1, 7, 7])
Size of covariance_matrix_prime: torch.Size([1, 7, 7])
cosineSimilarity tensor([[1.0000, 1.0000, 1.0000, 1.0000, 1.0000, 1.0000, 1.0000]],
       grad_fn=<SumBackward1>)
Size of covariance_matrix: torch.Size([1, 7, 7])
Size of covariance_matrix_prime: torch.Size([1, 7, 7])
cosineSimilarity tensor([[1.0000, 1.0000, 1.0000, 1.0000, 1.0000, 1.0000, 1.0000]],
       grad_fn=<SumBackward1>)
Size of covariance_matrix: torch.Size([1, 7, 7])
Size of covariance_matrix_prime: torch.Size([1, 7, 7])
cosineSimilarity tensor([[1.0000, 1.0000, 1.0000, 1.0000, 1.0000, 1.0000, 1.0000]],
       grad_fn=<SumBackward1>)
Size of covariance_matrix: torch.Size([1, 7, 7])
Size of covariance_matrix_prime: torch.Size([1, 7, 7])
cosineSimilarity tensor([[1.0000, 1.0000, 1.0000, 1.0000, 1.0000, 1.0000, 1.0000]],
       grad_fn=<SumBackward1>)
Size of covariance_matrix: torch.Size([1, 7, 7])
Size of covariance_matrix_prime: torch.Size([1, 7, 7])
cosineSimilarity tensor([[1.0000, 1.0000, 1.0000, 1.0000, 1.0000, 1.0000, 1.0000]],
       grad_fn=<SumBackward1>)
Size of covariance_matrix: torch.Size([1, 7, 7])
Size of covariance_matrix_prime: torch.Size([1, 7, 7])
cosineSimilarity tensor([[1.0000, 1.0000, 1.0000, 1.0000, 1.0000, 1.0000, 1.0000]],
       grad_fn=<SumBackward1>)
Size of covariance_matrix: torch.Size([1, 7, 7])
Size of covariance_matrix_prime: torch.Size([1, 7, 7])
cosineSimilarity tensor([[1.0000, 1.0000, 1.0000, 1.0000, 1.0000, 1.0000, 1.0000]],
       grad_fn=<SumBackward1>)
Size of covariance_matrix: torch.Size([1, 7, 7])
Size of covariance_matrix_prime: torch.Size([1, 7, 7])
cosineSimilarity tensor([[1.0000, 1.0000, 1.0000, 1.0000, 1.0000, 1.0000, 1.0000]],
       grad_fn=<SumBackward1>)
Size of covariance_matrix: torch.Size([1, 7, 7])
Size of covariance_matrix_prime: torch.Size([1, 7, 7])
cosineSimilarity tensor([[1.0000, 1.0000, 1.0000, 1.0000, 1.0000, 1.0000, 1.0000]],
       grad_fn=<SumBackward1>)
Size of covariance_matrix: torch.Size([1, 7, 7])
Size of covariance_matrix_prime: torch.Size([1, 7, 7])
cosineSimilarity tensor([[1.0000, 1.0000, 1.0000, 1.0000, 1.0000, 1.0000, 1.0000]],
       grad_fn=<SumBackward1>)
Size of covariance_matrix: torch.Size([1, 7, 7])
Size of covariance_matrix_prime: torch.Size([1, 7, 7])
cosineSimilarity tensor([[1.0000, 1.0000, 1.0000, 1.0000, 1.0000, 1.0000, 1.0000]],
       grad_fn=<SumBackward1>)
Size of covariance_matrix: torch.Size([1, 7, 7])
Size of covariance_matrix_prime: torch.Size([1, 7, 7])
cosineSimilarity tensor([[1.0000, 1.0000, 1.0000, 1.0000, 1.0000, 1.0000, 1.0000]],
       grad_fn=<SumBackward1>)
Size of covariance_matrix: torch.Size([1, 7, 7])
Size of covariance_matrix_prime: torch.Size([1, 7, 7])
cosineSimilarity tensor([[1.0000, 1.0000, 1.0000, 1.0000, 1.0000, 1.0000, 1.0000]],
       grad_fn=<SumBackward1>)
Size of covariance_matrix: torch.Size([1, 7, 7])
Size of covariance_matrix_prime: torch.Size([1, 7, 7])
cosineSimilarity tensor([[1.0000, 1.0000, 1.0000, 1.0000, 1.0000, 1.0000, 1.0000]],
       grad_fn=<SumBackward1>)
Size of covariance_matrix: torch.Size([1, 7, 7])
Size of covariance_matrix_prime: torch.Size([1, 7, 7])
cosineSimilarity tensor([[1.0000, 1.0000, 1.0000, 1.0000, 1.0000, 1.0000, 1.0000]],
       grad_fn=<SumBackward1>)
Size of covariance_matrix: torch.Size([1, 7, 7])
Size of covariance_matrix_prime: torch.Size([1, 7, 7])
cosineSimilarity tensor([[1.0000, 1.0000, 1.0000, 1.0000, 1.0000, 1.0000, 1.0000]],
       grad_fn=<SumBackward1>)
Size of covariance_matrix: torch.Size([1, 7, 7])
Size of covariance_matrix_prime: torch.Size([1, 7, 7])
cosineSimilarity tensor([[1.0000, 1.0000, 1.0000, 1.0000, 1.0000, 1.0000, 1.0000]],
       grad_fn=<SumBackward1>)
Size of covariance_matrix: torch.Size([1, 7, 7])
Size of covariance_matrix_prime: torch.Size([1, 7, 7])
cosineSimilarity tensor([[1.0000, 1.0000, 1.0000, 1.0000, 1.0000, 1.0000, 1.0000]],
       grad_fn=<SumBackward1>)
Size of covariance_matrix: torch.Size([1, 7, 7])
Size of covariance_matrix_prime: torch.Size([1, 7, 7])
cosineSimilarity tensor([[1.0000, 1.0000, 1.0000, 1.0000, 1.0000, 1.0000, 1.0000]],
       grad_fn=<SumBackward1>)
Size of covariance_matrix: torch.Size([1, 7, 7])
Size of covariance_matrix_prime: torch.Size([1, 7, 7])
cosineSimilarity tensor([[1.0000, 1.0000, 1.0000, 1.0000, 1.0000, 1.0000, 1.0000]],
       grad_fn=<SumBackward1>)
Size of covariance_matrix: torch.Size([1, 7, 7])
Size of covariance_matrix_prime: torch.Size([1, 7, 7])
cosineSimilarity tensor([[1.0000, 1.0000, 1.0000, 1.0000, 1.0000, 1.0000, 1.0000]],
       grad_fn=<SumBackward1>)
Size of covariance_matrix: torch.Size([1, 7, 7])
Size of covariance_matrix_prime: torch.Size([1, 7, 7])
cosineSimilarity tensor([[1.0000, 1.0000, 1.0000, 1.0000, 1.0000, 1.0000, 1.0000]],
       grad_fn=<SumBackward1>)
Size of covariance_matrix: torch.Size([1, 7, 7])
Size of covariance_matrix_prime: torch.Size([1, 7, 7])
cosineSimilarity tensor([[1.0000, 1.0000, 1.0000, 1.0000, 1.0000, 1.0000, 1.0000]],
       grad_fn=<SumBackward1>)
Size of covariance_matrix: torch.Size([1, 7, 7])
Size of covariance_matrix_prime: torch.Size([1, 7, 7])
cosineSimilarity tensor([[nan, nan, nan, nan, nan, nan, nan]], grad_fn=<SumBackward1>)
Size of covariance_matrix: torch.Size([1, 7, 7])
Size of covariance_matrix_prime: torch.Size([1, 7, 7])
cosineSimilarity tensor([[1.0000, 1.0000, 1.0000, 1.0000, 1.0000, 1.0000, 1.0000]],
       grad_fn=<SumBackward1>)
Size of covariance_matrix: torch.Size([1, 7, 7])
Size of covariance_matrix_prime: torch.Size([1, 7, 7])
cosineSimilarity tensor([[1.0000, 1.0000, 1.0000, 1.0000, 1.0000, 1.0000, 1.0000]],
       grad_fn=<SumBackward1>)
Size of covariance_matrix: torch.Size([1, 7, 7])
Size of covariance_matrix_prime: torch.Size([1, 7, 7])
cosineSimilarity tensor([[1.0000, 1.0000, 1.0000, 1.0000, 1.0000, 1.0000, 1.0000]],
       grad_fn=<SumBackward1>)
Size of covariance_matrix: torch.Size([1, 7, 7])
Size of covariance_matrix_prime: torch.Size([1, 7, 7])
cosineSimilarity tensor([[1.0000, 1.0000, 1.0000, 1.0000, 1.0000, 1.0000, 1.0000]],
       grad_fn=<SumBackward1>)
Size of covariance_matrix: torch.Size([1, 7, 7])
Size of covariance_matrix_prime: torch.Size([1, 7, 7])
cosineSimilarity tensor([[1.0000, 1.0000, 1.0000, 1.0000, 1.0000, 1.0000, 1.0000]],
       grad_fn=<SumBackward1>)
Size of covariance_matrix: torch.Size([1, 7, 7])
Size of covariance_matrix_prime: torch.Size([1, 7, 7])
cosineSimilarity tensor([[1.0000, 1.0000, 1.0000, 1.0000, 1.0000, 1.0000, 1.0000]],
       grad_fn=<SumBackward1>)
Size of covariance_matrix: torch.Size([1, 7, 7])
Size of covariance_matrix_prime: torch.Size([1, 7, 7])
cosineSimilarity tensor([[1.0000, 1.0000, 1.0000, 1.0000, 1.0000, 1.0000, 1.0000]],
       grad_fn=<SumBackward1>)
Size of covariance_matrix: torch.Size([1, 7, 7])
Size of covariance_matrix_prime: torch.Size([1, 7, 7])
cosineSimilarity tensor([[1.0000, 1.0000, 1.0000, 1.0000, 1.0000, 1.0000, 1.0000]],
       grad_fn=<SumBackward1>)
Size of covariance_matrix: torch.Size([1, 7, 7])
Size of covariance_matrix_prime: torch.Size([1, 7, 7])
cosineSimilarity tensor([[1.0000, 1.0000, 1.0000, 1.0000, 1.0000, 1.0000, 1.0000]],
       grad_fn=<SumBackward1>)
Size of covariance_matrix: torch.Size([1, 7, 7])
Size of covariance_matrix_prime: torch.Size([1, 7, 7])
cosineSimilarity tensor([[1.0000, 1.0000, 1.0000, 1.0000, 1.0000, 1.0000, 1.0000]],
       grad_fn=<SumBackward1>)
Size of covariance_matrix: torch.Size([1, 7, 7])
Size of covariance_matrix_prime: torch.Size([1, 7, 7])
cosineSimilarity tensor([[1.0000, 1.0000, 1.0000, 1.0000, 1.0000, 1.0000, 1.0000]],
       grad_fn=<SumBackward1>)
Size of covariance_matrix: torch.Size([1, 7, 7])
Size of covariance_matrix_prime: torch.Size([1, 7, 7])
cosineSimilarity tensor([[1.0000, 1.0000, 1.0000, 1.0000, 1.0000, 1.0000, 1.0000]],
       grad_fn=<SumBackward1>)
Size of covariance_matrix: torch.Size([1, 7, 7])
Size of covariance_matrix_prime: torch.Size([1, 7, 7])
cosineSimilarity tensor([[nan, nan, nan, nan, nan, nan, nan]], grad_fn=<SumBackward1>)
Size of covariance_matrix: torch.Size([1, 7, 7])
Size of covariance_matrix_prime: torch.Size([1, 7, 7])
cosineSimilarity tensor([[1.0000, 1.0000, 1.0000, 1.0000, 1.0000, 1.0000, 1.0000]],
       grad_fn=<SumBackward1>)
Size of covariance_matrix: torch.Size([1, 7, 7])
Size of covariance_matrix_prime: torch.Size([1, 7, 7])
cosineSimilarity tensor([[1.0000, 1.0000, 1.0000, 1.0000, 1.0000, 1.0000, 1.0000]],
       grad_fn=<SumBackward1>)
Size of covariance_matrix: torch.Size([1, 7, 7])
Size of covariance_matrix_prime: torch.Size([1, 7, 7])
cosineSimilarity tensor([[1.0000, 1.0000, 1.0000, 1.0000, 1.0000, 1.0000, 1.0000]],
       grad_fn=<SumBackward1>)
Size of covariance_matrix: torch.Size([1, 7, 7])
Size of covariance_matrix_prime: torch.Size([1, 7, 7])
cosineSimilarity tensor([[1.0000, 1.0000, 1.0000, 1.0000, 1.0000, 1.0000, 1.0000]],
       grad_fn=<SumBackward1>)
Size of covariance_matrix: torch.Size([1, 7, 7])
Size of covariance_matrix_prime: torch.Size([1, 7, 7])
cosineSimilarity tensor([[1.0000, 1.0000, 1.0000, 1.0000, 1.0000, 1.0000, 1.0000]],
       grad_fn=<SumBackward1>)
Size of covariance_matrix: torch.Size([1, 7, 7])
Size of covariance_matrix_prime: torch.Size([1, 7, 7])
cosineSimilarity tensor([[1.0000, 1.0000, 1.0000, 1.0000, 1.0000, 1.0000, 1.0000]],
       grad_fn=<SumBackward1>)
Size of covariance_matrix: torch.Size([1, 7, 7])
Size of covariance_matrix_prime: torch.Size([1, 7, 7])
cosineSimilarity tensor([[1.0000, 1.0000, 1.0000, 1.0000, 1.0000, 1.0000, 1.0000]],
       grad_fn=<SumBackward1>)
Size of covariance_matrix: torch.Size([1, 7, 7])
Size of covariance_matrix_prime: torch.Size([1, 7, 7])
cosineSimilarity tensor([[1.0000, 1.0000, 1.0000, 1.0000, 1.0000, 1.0000, 1.0000]],
       grad_fn=<SumBackward1>)
Size of covariance_matrix: torch.Size([1, 7, 7])
Size of covariance_matrix_prime: torch.Size([1, 7, 7])
cosineSimilarity tensor([[1.0000, 1.0000, 1.0000, 1.0000, 1.0000, 1.0000, 1.0000]],
       grad_fn=<SumBackward1>)
Size of covariance_matrix: torch.Size([1, 7, 7])
Size of covariance_matrix_prime: torch.Size([1, 7, 7])
cosineSimilarity tensor([[1.0000, 1.0000, 1.0000, 1.0000, 1.0000, 1.0000, 1.0000]],
       grad_fn=<SumBackward1>)
Size of covariance_matrix: torch.Size([1, 7, 7])
Size of covariance_matrix_prime: torch.Size([1, 7, 7])
cosineSimilarity tensor([[1.0000, 1.0000, 1.0000, 1.0000, 1.0000, 1.0000, 1.0000]],
       grad_fn=<SumBackward1>)
Size of covariance_matrix: torch.Size([1, 7, 7])
Size of covariance_matrix_prime: torch.Size([1, 7, 7])
cosineSimilarity tensor([[1.0000, 1.0000, 1.0000, 1.0000, 1.0000, 1.0000, 1.0000]],
       grad_fn=<SumBackward1>)
Size of covariance_matrix: torch.Size([1, 7, 7])
Size of covariance_matrix_prime: torch.Size([1, 7, 7])
cosineSimilarity tensor([[1.0000, 1.0000, 1.0000, 1.0000, 1.0000, 1.0000, 1.0000]],
       grad_fn=<SumBackward1>)
Size of covariance_matrix: torch.Size([1, 7, 7])
Size of covariance_matrix_prime: torch.Size([1, 7, 7])
cosineSimilarity tensor([[1.0000, 1.0000, 1.0000, 1.0000, 1.0000, 1.0000, 1.0000]],
       grad_fn=<SumBackward1>)
Size of covariance_matrix: torch.Size([1, 7, 7])
Size of covariance_matrix_prime: torch.Size([1, 7, 7])
cosineSimilarity tensor([[1.0000, 1.0000, 1.0000, 1.0000, 1.0000, 1.0000, 1.0000]],
       grad_fn=<SumBackward1>)
Size of covariance_matrix: torch.Size([1, 7, 7])
Size of covariance_matrix_prime: torch.Size([1, 7, 7])
cosineSimilarity tensor([[1.0000, 1.0000, 1.0000, 1.0000, 1.0000, 1.0000, 1.0000]],
       grad_fn=<SumBackward1>)
Size of covariance_matrix: torch.Size([1, 7, 7])
